data;horario;n_da_ocorrencia;tipo_de_ocorrencia;km;trecho;sentido;tipo_de_acidente;automovel;bicicleta;caminhao;moto;onibus;outros;tracao_animal;transporte_de_cargas_especiais;trator_maquinas;utilitarios;ilesos;levemente_feridos;moderadamente_feridos;gravemente_feridos;mortos
05/08/2013;17:34:00;52;com vítima;285,5;BR-393/RJ;Sul;Abalroamento Mesmo Sentido ;1;0;1;0;0;0;0;0;0;0;1;1;0;0;0
06/08/2013;15:41:00;43;com vítima;172,21;BR-393/RJ;Norte;Tombamento;0;0;1;0;0;0;0;0;0;0;0;1;0;0;0
06/08/2013;02:55:00;11;com vítima;215,227;BR-393/RJ;Sul;Tombamento;0;0;1;0;0;0;0;0;0;0;0;3;0;0;0
06/08/2013;16:47:00;51;sem vítima;235,4;BR-393/RJ;Sul;Colisão Traseira;1;0;0;0;0;0;0;0;0;1;2;0;0;0;0
06/08/2013;10:23:00;26;com vítima;272,141;BR-393/RJ;Norte;Saida de Pista;1;0;0;0;0;0;0;0;0;0;0;0;0;1;0
07/08/2013;02:40:00;12;com vítima;0,774;Alça Sul;Sul;Queda de Moto;0;0;0;1;0;0;0;0;0;0;0;1;0;0;0
07/08/2013;13:00:00;51;sem vítima;192,21;BR-393/RJ;Norte;Abalroamento Mesmo Sentido ;2;0;0;0;0;0;0;0;0;0;2;0;0;0;0
07/08/2013;13:08:00;52;com vítima;276,96;BR-393/RJ;Norte;Abalroamento Mesmo Sentido ;0;0;1;0;0;0;0;0;1;0;2;1;0;0;0
08/08/2013;10:43:00;34;com vítima;102;BR-393/RJ;Norte;Atropelamento - Morador;1;0;0;0;0;0;0;0;0;0;2;1;0;0;0
08/08/2013;22:40:00;74;com vítima;184,64;BR-393/RJ;Norte;Saida de Pista;1;0;0;0;0;0;0;0;0;0;1;3;0;0;0
08/08/2013;17:46:00;59;com vítima;218,486;BR-393/RJ;Sul;Capotamento;1;0;0;0;0;0;0;0;0;0;0;1;0;0;1
08/08/2013;10:30:00;32;sem vítima;286;BR-393/RJ;Norte;Colisão Traseira;1;0;1;0;0;0;0;0;0;0;2;0;0;0;0
09/08/2013;23:18:00;87;com vítima;123,5;BR-393/RJ;Sul;Capotamento;1;0;0;0;0;0;0;0;0;0;0;1;0;0;0
09/08/2013;15:09:00;51;sem vítima;139,6;BR-393/RJ;Sul;Saida de Pista;1;0;0;0;0;0;0;0;0;0;1;0;0;0;0
09/08/2013;21:31:00;80;sem vítima;195,11;BR-393/RJ;Norte;Colisão Traseira;2;0;0;0;0;0;0;0;0;0;9;0;0;0;0
09/08/2013;20:25:00;78;sem vítima;217,96;BR-393/RJ;Norte;Tombamento;0;0;1;0;0;0;0;0;0;0;1;0;0;0;0
09/08/2013;04:45:00;12;com vítima;229,87;BR-393/RJ;Norte;Capotamento;1;0;0;0;0;0;0;0;0;0;0;1;0;0;0
09/08/2013;15:21:00;52;com vítima;232,08;BR-393/RJ;Norte;Colisão Lateral;1;0;0;0;0;0;0;0;0;1;1;3;0;0;0
09/08/2013;07:08:00;14;com vítima;284,38;BR-393/RJ;Sul;Abalroamento Mesmo Sentido ;1;0;0;1;0;0;0;0;0;0;1;1;0;0;0
09/08/2013;07:08:00;15;sem vítima;284,4;BR-393/RJ;Norte;Colisão Traseira;1;0;1;0;0;0;0;0;0;0;2;0;0;0;0
10/08/2013;06:33:00;15;sem vítima;285,45;BR-393/RJ;Sul;Abalroamento Mesmo Sentido ;1;0;0;0;1;0;0;0;0;0;2;0;0;0;0
11/08/2013;23:06:00;68;sem vítima;133,925;BR-393/RJ;Norte;Saida de Pista;1;0;0;0;0;0;0;0;0;0;1;0;0;0;0
11/08/2013;17:51:00;50;com vítima;155,58;BR-393/RJ;Sul;Queda de Moto;0;0;0;1;0;0;0;0;0;0;0;0;1;0;0
11/08/2013;04:37:00;19;com vítima;274,57;BR-393/RJ;Sul;Colisão Frontal;1;0;0;0;1;0;0;0;0;0;53;0;1;0;0
12/08/2013;10:18:00;33;sem vítima;114;BR-393/RJ;Sul;Colisão Traseira;2;0;0;0;0;0;0;0;0;0;5;0;0;0;0
12/08/2013;02:02:00;11;com vítima;128,45;BR-393/RJ;Sul;Choque - Arvore;0;0;0;0;1;0;0;0;0;0;34;8;0;1;0
12/08/2013;06:10:00;20;sem vítima;217,49;BR-393/RJ;Norte;Saida de Pista;0;0;1;0;0;0;0;0;0;0;1;0;0;0;0
12/08/2013;11:35:00;47;sem vítima;285,475;BR-393/RJ;Norte;Colisão Transversal;1;0;1;0;0;0;0;0;0;0;2;0;0;0;0
12/08/2013;16:06:00;75;sem vítima;286,4;BR-393/RJ;Norte;Queda de Moto;0;0;0;1;0;0;0;0;0;0;1;0;0;0;0
13/08/2013;17:39:00;74;com vítima;175,74;BR-393/RJ;Norte;Colisão Traseira;2;0;0;0;0;0;0;0;0;0;2;1;0;0;0
13/08/2013;19:59:00;84;com vítima;285,45;BR-393/RJ;Sul;Abalroamento Mesmo Sentido ;1;0;1;0;0;0;0;0;0;0;1;1;0;0;0
13/08/2013;17:47:00;75;sem vítima;285,49;BR-393/RJ;Sul;Abalroamento Mesmo Sentido ;1;0;1;0;0;0;0;0;0;0;2;0;0;0;0
14/08/2013;23:22:00;77;sem vítima;215,9;BR-393/RJ;Sul;Saida de Pista;1;0;0;0;0;0;0;0;0;0;1;0;0;0;0
14/08/2013;08:06:00;25;com vítima;227,975;BR-393/RJ;Norte;Tombamento;0;0;1;0;0;0;0;0;0;0;0;1;0;0;0
14/08/2013;15:17:00;63;com vítima;259,86;BR-393/RJ;Norte;Capotamento;1;0;0;0;0;0;0;0;0;0;0;1;0;0;0
14/08/2013;12:40:00;45;com vítima;285,595;BR-393/RJ;Norte;Abalroamento Mesmo Sentido ;1;0;0;0;1;0;0;0;0;0;1;1;0;0;0
15/08/2013;08:40:00;24;sem vítima;285,4;BR-393/RJ;Norte;Colisão Traseira;1;0;1;0;0;0;0;0;0;0;2;0;0;0;0
15/08/2013;20:18:00;79;sem vítima;285,74;BR-393/RJ;Norte;Colisão Transversal;2;0;0;0;0;0;0;0;0;0;2;0;0;0;0
16/08/2013;22:58:00;74;sem vítima;181,45;BR-393/RJ;Sul;Capotamento;1;0;0;0;0;0;0;0;0;0;1;0;0;0;0
16/08/2013;07:07:00;16;com vítima;217,6;BR-393/RJ;Sul;Colisão Transversal;1;0;0;1;0;0;0;0;0;0;4;0;0;1;0
16/08/2013;17:44:00;60;com vítima;255,76;BR-393/RJ;Norte;Colisão Transversal;0;0;1;1;0;0;0;0;0;0;1;0;1;0;0
16/08/2013;21:51:00;72;com vítima;285,99;BR-393/RJ;Norte;Colisão Lateral;1;0;1;0;0;0;0;0;0;0;1;1;0;0;0
17/08/2013;09:44:00;22;sem vítima;107,638;BR-393/RJ;Norte;Colisão Traseira;0;0;2;0;0;0;0;0;0;0;2;0;0;0;0
17/08/2013;16:43:00;48;sem vítima;133,56;BR-393/RJ;Sul;Colisão Traseira;0;0;1;0;1;0;0;0;0;0;2;0;0;0;0
17/08/2013;16:40:00;47;com vítima;157,19;BR-393/RJ;Sul;Tombamento;0;0;1;0;0;0;0;0;0;0;0;1;0;0;0
17/08/2013;11:12:00;29;com vítima;280,233;BR-393/RJ;Norte;Colisão Frontal;2;0;0;0;0;0;0;0;0;0;0;2;0;0;0
18/08/2013;02:32:00;13;com vítima;240,35;BR-393/RJ;Norte;Capotamento;1;0;0;0;0;0;0;0;0;0;0;4;0;0;0
18/08/2013;16:59:00;37;com vítima;269,776;BR-393/RJ;Norte;Colisão Frontal;2;0;0;0;0;0;0;0;0;0;0;0;0;1;3
18/08/2013;19:45:00;47;sem vítima;279,68;BR-393/RJ;Sul;Colisão Traseira;2;0;0;0;0;0;0;0;0;0;2;0;0;0;0
19/08/2013;06:47:00;18;sem vítima;155,44;BR-393/RJ;Sul;Saida de Pista;1;0;0;0;0;0;0;0;0;0;1;0;0;0;0
20/08/2013;07:00:00;20;com vítima;102;BR-393/RJ;Norte;Atropelamento - Usuário;1;0;0;0;0;0;0;0;0;0;1;0;1;0;0
20/08/2013;03:50:00;14;com vítima;201,356;BR-393/RJ;Norte;Saida de Pista;0;0;1;0;0;0;0;0;0;0;0;0;0;0;1
20/08/2013;13:39:00;49;com vítima;266,298;BR-393/RJ;Norte;Choque - Defensa, barreira ou "submarino";0;0;1;0;0;0;0;0;0;0;0;1;0;0;0
21/08/2013;08:12:00;18;com vítima;165,8;BR-393/RJ;Sul;Queda de Moto;0;0;0;1;0;0;0;0;0;0;0;1;0;0;0
21/08/2013;16:46:00;60;sem vítima;214,69;BR-393/RJ;Sul;Colisão Traseira;2;0;0;0;0;0;0;0;0;0;4;0;0;0;0
21/08/2013;16:22:00;58;com vítima;215,228;BR-393/RJ;Sul;Saida de Pista;0;0;1;0;0;0;0;0;0;0;0;1;0;0;0
21/08/2013;17:01:00;61;sem vítima;285,5;BR-393/RJ;Sul;Abalroamento Mesmo Sentido ;1;0;1;0;0;0;0;0;0;0;2;0;0;0;0
23/08/2013;20:12:00;83;sem vítima;101,9;BR-393/RJ;Norte;Colisão Traseira;2;0;0;0;0;0;0;0;0;0;5;0;0;0;0
23/08/2013;07:39:00;17;com vítima;102,614;BR-393/RJ;Norte;Colisão Traseira;0;0;1;1;0;0;0;0;0;0;2;2;0;0;0
23/08/2013;19:03:00;81;com vítima;176,848;BR-393/RJ;Norte;Colisão Lateral;2;0;0;0;0;0;0;0;0;0;0;0;2;0;0
23/08/2013;11:51:00;45;com vítima;274,14;BR-393/RJ;Sul;Tombamento;0;0;1;0;0;0;0;0;0;0;0;1;0;0;0
23/08/2013;18:01:00;74;sem vítima;282,5;BR-393/RJ;Norte;Colisão Traseira;2;0;0;0;0;0;0;0;0;0;2;0;0;0;0
23/08/2013;08:42:00;23;sem vítima;285,597;BR-393/RJ;Sul;Colisão Traseira;1;0;1;0;0;0;0;0;0;0;3;0;0;0;0
24/08/2013;21:13:00;62;sem vítima;103,69;BR-393/RJ;Sul;Colisão Traseira;1;0;1;0;0;0;0;0;0;0;3;0;0;0;0
24/08/2013;23:31:00;68;com vítima;167,727;BR-393/RJ;Norte;Engavetamento;2;0;0;0;0;1;0;0;0;1;21;2;0;0;0
24/08/2013;14:46:00;42;com vítima;182,365;BR-393/RJ;Sul;Colisão Transversal;1;0;0;1;0;0;0;0;0;0;1;1;1;0;0
24/08/2013;04:47:00;14;com vítima;281,87;BR-393/RJ;Sul;Saida de Pista;0;0;1;0;0;0;0;0;0;0;0;0;0;1;0
24/08/2013;12:21:00;30;com vítima;282,38;BR-393/RJ;Norte;Colisão Lateral;1;0;0;1;0;0;0;0;0;0;1;1;0;0;0
25/08/2013;09:58:00;27;sem vítima;135,47;BR-393/RJ;Norte;Colisão Traseira;1;0;1;0;0;0;0;0;0;0;3;0;0;0;0
25/08/2013;06:06:00;17;com vítima;239,52;BR-393/RJ;Norte;Choque - Defensa, barreira ou "submarino";1;0;0;0;0;0;0;0;0;0;0;1;0;0;0
25/08/2013;04:29:00;15;com vítima;286;BR-393/RJ;Norte;Colisão Traseira;2;0;0;0;0;0;0;0;0;0;1;0;1;0;0
26/08/2013;18:50:00;63;sem vítima;171,287;BR-393/RJ;Sul;Colisão Transversal;1;0;0;0;0;0;1;0;0;0;2;0;0;0;0
26/08/2013;10:18:00;29;sem vítima;258,272;BR-393/RJ;Sul;Colisão Traseira;2;0;0;0;0;0;0;0;0;0;2;0;0;0;0
26/08/2013;08:26:00;19;sem vítima;285,545;BR-393/RJ;Sul;Colisão Traseira;1;0;1;0;0;0;0;0;0;0;2;0;0;0;0
27/08/2013;18:29:00;64;sem vítima;127,855;BR-393/RJ;Sul;Atropelamento de Animal;0;0;0;0;0;0;0;0;0;1;1;0;0;0;0
27/08/2013;11:32:00;35;com vítima;137,7;BR-393/RJ;Sul;Colisão Traseira;1;0;0;1;0;0;0;0;0;0;1;0;1;0;0
27/08/2013;09:35:00;27;sem vítima;168,802;BR-393/RJ;Norte;Colisão Traseira;2;0;0;0;0;0;0;0;0;0;2;0;0;0;0
28/08/2013;19:14:00;59;com vítima;279,705;BR-393/RJ;Sul;Colisão Frontal;1;0;0;1;0;0;0;0;0;0;1;2;0;0;0
28/08/2013;15:04:00;47;sem vítima;282,38;BR-393/RJ;Norte;Engavetamento;4;0;0;0;0;0;0;0;0;0;4;0;0;0;0
29/08/2013;16:54:00;60;com vítima;186,78;BR-393/RJ;Norte;Colisão Traseira;1;0;1;0;0;0;0;0;0;0;1;1;0;0;0
30/08/2013;08:38:00;20;com vítima;266;BR-393/RJ;Sul;Tombamento;0;0;1;0;0;0;0;0;0;0;1;1;0;0;0
30/08/2013;18:37:00;65;sem vítima;279,6;BR-393/RJ;Sul;Colisão Transversal;2;0;0;0;0;0;0;0;0;0;2;0;0;0;0
30/08/2013;16:07:00;52;sem vítima;284,1;BR-393/RJ;Norte;Colisão Traseira;2;0;0;0;0;0;0;0;0;0;2;0;0;0;0
30/08/2013;17:12:00;56;sem vítima;285;BR-393/RJ;Norte;Colisão Traseira;2;0;0;0;0;0;0;0;0;0;2;0;0;0;0
30/08/2013;19:16:00;67;sem vítima;285,7;BR-393/RJ;Norte;Colisão Traseira;2;0;0;0;0;0;0;0;0;0;2;0;0;0;0
31/08/2013;23:30:00;72;com vítima;157,252;BR-393/RJ;Norte;Capotamento;0;0;1;0;0;0;0;0;0;0;0;0;1;0;0
31/08/2013;08:34:00;26;sem vítima;211,29;BR-393/RJ;Norte;Colisão Traseira;2;0;0;0;0;0;0;0;0;0;10;0;0;0;0
31/08/2013;19:47:00;58;sem vítima;285,5;BR-393/RJ;Norte;Colisão Lateral;1;0;1;0;0;0;0;0;0;0;2;0;0;0;0
01/09/2013;00:12:00;1;sem vítima;238,436;BR-393/RJ;Sul;Saida de Pista;1;0;0;0;0;0;0;0;0;0;1;0;0;0;0
01/09/2013;18:38:00;44;com vítima;267;BR-393/RJ;Norte;Colisão Lateral;1;0;1;0;0;0;0;0;0;0;1;2;0;0;0
01/09/2013;18:36:00;43;sem vítima;283,863;BR-393/RJ;Sul;Engavetamento;3;0;0;0;0;0;0;0;0;0;3;0;0;0;0
01/09/2013;19:32:00;49;sem vítima;285,497;BR-393/RJ;Sul;Colisão Lateral;1;0;1;0;0;0;0;0;0;0;2;0;0;0;0
03/09/2013;10:10:00;36;com vítima;285,6;BR-393/RJ;Sul;Colisão Traseira;2;0;0;0;0;0;0;0;0;0;1;1;0;0;0
04/09/2013;21:19:00;62;com vítima;127,4;BR-393/RJ;Norte;Colisão Lateral;1;0;1;0;0;0;0;0;0;0;1;1;0;0;0
04/09/2013;20:20:00;58;com vítima;175,598;BR-393/RJ;Norte;Colisão Traseira;2;0;0;0;0;0;0;0;0;0;1;1;0;0;0
04/09/2013;10:38:00;32;com vítima;181,39;BR-393/RJ;Sul;Outros - Sequência;1;0;1;0;0;0;0;0;0;0;0;4;1;0;0
04/09/2013;07:43:00;24;sem vítima;257,95;BR-393/RJ;Sul;Choque - Defensa, barreira ou "submarino";0;0;0;0;0;0;0;0;0;1;1;0;0;0;0
04/09/2013;17:24:00;44;com vítima;267,245;BR-393/RJ;Sul;Colisão Lateral;2;0;0;0;0;0;0;0;0;0;7;1;0;0;0
05/09/2013;07:24:00;18;sem vítima;147,193;BR-393/RJ;Sul;Colisão Traseira;0;0;2;0;0;0;0;0;0;0;5;0;0;0;0
05/09/2013;19:47:00;67;sem vítima;215,8;BR-393/RJ;Sul;Saida de Pista;0;0;1;0;0;0;0;0;0;0;1;0;0;0;0
05/09/2013;18:43:00;59;sem vítima;285,11;BR-393/RJ;Sul;Colisão Traseira;2;0;0;0;0;0;0;0;0;0;2;0;0;0;0
05/09/2013;15:00:00;40;sem vítima;285,602;BR-393/RJ;Sul;Abalroamento Mesmo Sentido ;1;0;1;0;0;0;0;0;0;0;2;0;0;0;0
06/09/2013;16:45:00;60;com vítima;118,96;BR-393/RJ;Norte;Tombamento;0;0;1;0;0;0;0;0;0;0;0;1;0;0;0
06/09/2013;13:39:00;50;com vítima;182,215;BR-393/RJ;Sul;Colisão Transversal;0;0;0;1;1;0;0;0;0;0;1;0;1;0;0
06/09/2013;00:46:00;5;com vítima;218,34;BR-393/RJ;Norte;Saida de Pista;1;0;0;0;0;0;0;0;0;0;0;2;0;0;0
06/09/2013;14:26:00;54;com vítima;285,51;BR-393/RJ;Sul;Abalroamento Mesmo Sentido ;1;0;1;0;0;0;0;0;0;0;1;1;0;0;0
07/09/2013;12:57:00;30;com vítima;102;BR-393/RJ;Sul;Colisão Traseira;1;0;1;0;0;0;0;0;0;0;2;1;0;0;0
07/09/2013;00:24:00;9;com vítima;102,56;BR-393/RJ;Norte;Colisão Transversal;1;0;0;1;0;0;0;0;0;0;1;1;0;0;0
07/09/2013;05:07:00;15;sem vítima;108,2;BR-393/RJ;Norte;Colisão Traseira;2;0;0;0;0;0;0;0;0;0;2;0;0;0;0
07/09/2013;07:37:00;21;sem vítima;212,63;BR-393/RJ;Norte;Outros;1;0;0;0;0;0;0;0;0;0;1;0;0;0;0
07/09/2013;22:23:00;55;sem vítima;249,18;BR-393/RJ;Sul;Outros - Sequência;1;0;0;1;0;0;0;0;0;0;2;0;0;0;0
07/09/2013;12:30:00;28;com vítima;269,274;BR-393/RJ;Norte;Colisão Transversal;1;0;1;0;0;0;0;0;0;0;1;0;1;0;0
07/09/2013;18:53:00;49;sem vítima;270,5;BR-393/RJ;Norte;Atropelamento de Animal;1;0;0;0;0;0;0;0;0;0;1;0;0;0;0
08/09/2013;12:17:00;23;com vítima;224,316;BR-393/RJ;Norte;Capotamento;1;0;0;0;0;0;0;0;0;0;2;3;0;0;0
09/09/2013;17:27:00;74;com vítima;123,365;BR-393/RJ;Sul;Colisão Traseira;1;0;1;0;0;0;0;0;0;0;6;1;0;0;0
09/09/2013;18:37:00;81;sem vítima;175;BR-393/RJ;Norte;Colisão Lateral;1;0;1;0;0;0;0;0;0;0;2;0;0;0;0
09/09/2013;17:52:00;77;com vítima;250,507;BR-393/RJ;Norte;Colisão Frontal;2;0;0;0;0;0;0;0;0;0;0;2;0;0;0
09/09/2013;12:58:00;41;sem vítima;283,455;BR-393/RJ;Sul;Colisão Traseira;2;0;0;0;0;0;0;0;0;0;2;0;0;0;0
09/09/2013;07:54:00;20;sem vítima;284,507;BR-393/RJ;Sul;Colisão Traseira;1;0;1;0;0;0;0;0;0;0;2;0;0;0;0
10/09/2013;08:10:00;18;com vítima;124,425;BR-393/RJ;Norte;Tombamento;0;0;1;0;0;0;0;0;0;0;0;0;1;0;0
11/09/2013;14:45:00;54;com vítima;274,12;BR-393/RJ;Sul;Tombamento;0;0;1;0;0;0;0;0;0;0;0;1;0;0;0
12/09/2013;10:33:00;36;sem vítima;258,043;BR-393/RJ;Sul;Colisão Frontal;2;0;0;0;0;0;0;0;0;0;3;0;0;0;0
13/09/2013;10:57:00;39;com vítima;134,57;BR-393/RJ;Sul;Queda de Moto;0;0;0;1;0;0;0;0;0;0;0;1;1;0;0
13/09/2013;19:34:00;81;com vítima;141,9;BR-393/RJ;Sul;Queda de Moto;0;0;0;1;0;0;0;0;0;0;0;1;0;0;0
13/09/2013;10:35:00;36;com vítima;162,88;BR-393/RJ;Norte;Colisão Traseira;0;0;1;0;1;0;0;0;0;0;2;1;0;0;0
13/09/2013;11:33:00;41;sem vítima;236,8;BR-393/RJ;Norte;Colisão Lateral;1;0;1;0;0;0;0;0;0;0;2;0;0;0;0
13/09/2013;18:29:00;74;sem vítima;264,64;BR-393/RJ;Norte;Choque - Defensa, barreira ou "submarino";1;0;0;0;0;0;0;0;0;0;2;0;0;0;0
13/09/2013;14:20:00;56;sem vítima;284,9;BR-393/RJ;Norte;Colisão Traseira;2;0;0;0;0;0;0;0;0;0;2;0;0;0;0
14/09/2013;15:21:00;45;com vítima;155,67;BR-393/RJ;Norte;Queda de Moto;0;0;0;1;0;0;0;0;0;0;0;0;1;0;0
14/09/2013;11:18:00;31;com vítima;178,28;BR-393/RJ;Norte;Colisão Lateral;0;0;0;1;0;0;0;0;0;1;1;0;1;0;0
14/09/2013;01:39:00;13;sem vítima;255,72;BR-393/RJ;Norte;Colisão Lateral;1;0;1;0;0;0;0;0;0;0;3;0;0;0;0
15/09/2013;15:26:00;49;com vítima;248,06;BR-393/RJ;Norte;Colisão Traseira;1;0;0;1;0;0;0;0;0;0;1;1;0;0;0
16/09/2013;09:51:00;31;com vítima;170,65;BR-393/RJ;Norte;Outros - Sequência;2;1;1;0;0;0;0;0;0;0;1;1;3;1;0
16/09/2013;15:26:00;54;com vítima;250,277;BR-393/RJ;Sul;Colisão Frontal;1;0;0;0;0;0;0;0;0;0;0;1;0;0;0
16/09/2013;11:35:00;34;sem vítima;281,415;BR-393/RJ;Sul;Colisão Traseira;2;0;0;0;0;0;0;0;0;0;2;0;0;0;0
17/09/2013;14:49:00;56;com vítima;175,89;BR-393/RJ;Norte;Colisão Traseira;1;0;0;1;0;0;0;0;0;0;1;0;1;0;0
17/09/2013;19:13:00;75;com vítima;263,38;BR-393/RJ;Sul;Choque - Suporte de Sinalização;1;0;0;0;0;0;0;0;0;0;0;1;0;0;0
18/09/2013;16:34:00;57;com vítima;121,357;BR-393/RJ;Norte;Tombamento;0;0;1;0;0;0;0;0;0;0;0;1;0;0;0
19/09/2013;04:11:00;13;com vítima;105,9;BR-393/RJ;Sul;Colisão Traseira;0;0;2;0;0;0;0;0;0;0;1;1;0;0;0
19/09/2013;18:58:00;67;sem vítima;171,685;BR-393/RJ;Sul;Colisão Transversal;0;0;2;0;0;0;0;0;0;0;3;0;0;0;0
19/09/2013;22:13:00;76;sem vítima;175,93;BR-393/RJ;Norte;Colisão Traseira;1;0;1;0;0;0;0;0;0;0;2;0;0;0;0
20/09/2013;05:18:00;15;com vítima;259,16;BR-393/RJ;Sul;Capotamento;0;0;0;0;0;0;0;0;0;1;0;0;0;0;1
22/09/2013;08:09:00;24;sem vítima;125,85;BR-393/RJ;Norte;Colisão Traseira;0;0;2;0;0;0;0;0;0;0;2;0;0;0;0
22/09/2013;10:44:00;33;com vítima;274,373;BR-393/RJ;Norte;Saida de Pista;1;0;0;0;0;0;0;0;0;0;0;1;0;0;0
23/09/2013;22:40:00;84;sem vítima;155,5;BR-393/RJ;Norte;Outros;0;0;1;0;0;0;0;0;0;0;2;0;0;0;0
23/09/2013;05:47:00;14;com vítima;246,498;BR-393/RJ;Norte;Saida de Pista;1;0;0;0;0;0;0;0;0;0;0;3;0;0;0
23/09/2013;16:01:00;67;com vítima;254,05;BR-393/RJ;Norte;Saida de Pista;1;0;0;0;0;0;0;0;0;0;0;1;0;0;0
23/09/2013;18:22:00;76;com vítima;265;BR-393/RJ;Sul;Colisão Traseira;0;0;1;0;0;0;0;0;0;1;2;1;0;0;0
23/09/2013;17:33:00;74;com vítima;266,5;BR-393/RJ;Norte;Outros - Sequência;1;0;3;0;1;0;0;0;0;0;0;5;1;0;0
24/09/2013;15:43:00;62;sem vítima;139,69;BR-393/RJ;Norte;Choque - Outros;1;0;0;0;0;0;0;0;0;0;2;0;0;0;0
24/09/2013;17:01:00;67;com vítima;199,68;BR-393/RJ;Norte;Saida de Pista;1;0;0;0;0;0;0;0;0;0;0;1;0;0;0
24/09/2013;17:35:00;69;com vítima;218,54;BR-393/RJ;Sul;Saida de Pista;1;0;0;0;0;0;0;0;0;0;0;2;0;0;0
25/09/2013;19:58:00;78;com vítima;267,528;BR-393/RJ;Sul;Colisão Lateral;1;0;1;0;0;0;0;0;0;0;1;0;0;1;0
25/09/2013;12:19:00;42;sem vítima;268,463;BR-393/RJ;Norte;Colisão Traseira;1;0;1;0;0;0;0;0;0;0;2;0;0;0;0
26/09/2013;11:14:00;32;com vítima;202,9;BR-393/RJ;Sul;Saida de Pista;1;0;0;0;0;0;0;0;0;0;0;1;0;0;0
26/09/2013;05:47:00;15;com vítima;261,424;BR-393/RJ;Sul;Colisão Lateral;0;0;2;0;0;0;0;0;0;0;0;3;0;0;0
26/09/2013;11:08:00;31;com vítima;285,2;BR-393/RJ;Norte;Colisão Transversal;0;0;1;0;0;0;0;0;0;1;1;1;0;0;0
27/09/2013;16:47:00;68;com vítima;110,35;BR-393/RJ;Sul;Engavetamento;2;0;1;0;0;0;0;0;0;0;4;1;0;0;0
27/09/2013;22:05:00;97;com vítima;143,46;BR-393/RJ;Norte;Tombamento;0;0;1;0;0;0;0;0;0;0;0;1;0;0;0
27/09/2013;22:34:00;100;com vítima;163,32;BR-393/RJ;Sul;Choque - Talude;1;0;0;0;0;0;0;0;0;0;0;1;0;0;0
27/09/2013;07:42:00;21;sem vítima;168,836;BR-393/RJ;Sul;Colisão Lateral;2;0;0;0;0;0;0;0;0;0;2;0;0;0;0
27/09/2013;03:27:00;12;sem vítima;230,79;BR-393/RJ;Norte;Colisão Traseira;0;0;2;0;0;0;0;0;0;0;2;0;0;0;0
27/09/2013;18:21:00;78;sem vítima;236,74;BR-393/RJ;Sul;Colisão Transversal;1;0;0;1;0;0;0;0;0;0;2;0;0;0;0
28/09/2013;07:06:00;23;sem vítima;235,16;BR-393/RJ;Sul;Colisão Transversal;2;0;0;0;0;0;0;0;0;0;2;0;0;0;0
28/09/2013;15:12:00;54;com vítima;268,32;BR-393/RJ;Norte;Colisão Lateral;2;0;0;0;0;0;0;0;0;0;5;1;0;0;0
28/09/2013;10:40:00;40;com vítima;281,499;BR-393/RJ;Sul;Colisão Frontal;1;0;0;1;0;0;0;0;0;0;1;0;1;1;0
28/09/2013;16:35:00;62;sem vítima;283,19;BR-393/RJ;Norte;Colisão Traseira;1;0;0;1;0;0;0;0;0;0;2;0;0;0;0
28/09/2013;10:06:00;34;sem vítima;283,22;BR-393/RJ;Norte;Engavetamento;3;0;0;0;0;0;0;0;0;0;3;0;0;0;0
28/09/2013;03:30:00;18;sem vítima;283,5;BR-393/RJ;Sul;Choque - Suporte de Sinalização;1;0;0;0;0;0;0;0;0;0;1;0;0;0;0
28/09/2013;12:27:00;43;com vítima;286;BR-393/RJ;Norte;Colisão Traseira;2;0;1;0;0;0;0;0;0;0;2;1;0;0;0
29/09/2013;13:57:00;41;com vítima;246,071;BR-393/RJ;Norte;Tombamento;1;0;1;0;0;0;0;0;0;0;0;1;0;1;0
29/09/2013;18:25:00;51;com vítima;278,287;BR-393/RJ;Norte;Colisão Lateral;0;1;0;1;0;0;0;0;0;0;0;1;2;0;0
30/09/2013;02:26:00;7;sem vítima;169,07;BR-393/RJ;Norte;Atropelamento de Animal;0;0;0;0;0;0;0;0;0;1;1;0;0;0;0
30/09/2013;15:37:00;65;com vítima;200,88;BR-393/RJ;Norte;Abalroamento Mesmo Sentido ;1;0;1;0;0;0;0;0;0;0;0;1;0;2;0
30/09/2013;18:44:00;80;com vítima;2,66;Alça Sul;Sul;Atropelamento de Animal;0;0;1;0;0;0;0;0;0;0;0;1;0;0;0
30/09/2013;21:47:00;88;sem vítima;279,267;BR-393/RJ;Sul;Colisão Traseira;2;0;0;0;0;0;0;0;0;0;2;0;0;0;0
01/10/2013;13:42:00;48;com vítima;176,53;BR-393/RJ;Norte;Colisão Traseira;0;0;2;0;0;0;0;0;0;0;2;2;0;0;0
01/10/2013;21:20:00;66;com vítima;181,65;BR-393/RJ;Norte;Saida de Pista;0;0;0;0;0;0;0;0;0;1;0;1;0;0;0
01/10/2013;09:44:00;22;com vítima;252,29;BR-393/RJ;Norte;Engavetamento;3;0;0;0;0;0;0;0;0;0;2;1;0;0;0
01/10/2013;15:41:00;56;sem vítima;284,29;BR-393/RJ;Sul;Colisão Traseira;1;0;1;0;0;0;0;0;0;0;2;0;0;0;0
01/10/2013;07:39:00;16;com vítima;285,445;BR-393/RJ;Sul;Colisão Traseira;2;0;0;0;0;0;0;0;0;0;0;2;0;0;0
02/10/2013;14:09:00;53;sem vítima;128,115;BR-393/RJ;Sul;Choque - Talude;0;0;1;0;0;0;0;0;0;0;2;0;0;0;0
02/10/2013;10:58:00;39;com vítima;220,622;BR-393/RJ;Norte;Capotamento;0;0;0;0;0;0;0;0;0;1;0;2;0;0;0
03/10/2013;15:36:00;55;sem vítima;212,423;BR-393/RJ;Norte;Colisão Lateral;1;0;1;0;0;0;0;0;0;0;6;0;0;0;0
03/10/2013;07:21:00;17;com vítima;214,952;BR-393/RJ;Sul;Colisão Lateral;1;0;1;0;0;0;0;0;0;0;0;2;0;0;0
03/10/2013;21:04:00;84;sem vítima;240,15;BR-393/RJ;Sul;Saida de Pista;1;0;0;0;0;0;0;0;0;0;2;0;0;0;0
03/10/2013;20:33:00;81;sem vítima;262,906;BR-393/RJ;Sul;Capotamento;1;0;1;0;0;0;0;0;0;0;2;0;0;0;0
03/10/2013;12:21:00;38;com vítima;272;BR-393/RJ;Sul;Outros;1;0;0;1;0;0;0;0;0;0;1;0;1;0;0
04/10/2013;14:34:00;50;com vítima;172,17;BR-393/RJ;Norte;Saida de Pista;1;0;0;0;0;0;0;0;0;0;0;2;0;1;0
04/10/2013;18:49:00;61;com vítima;180,5;BR-393/RJ;Sul;Atropelamento de Animal;1;0;0;0;0;0;0;0;0;0;0;1;0;0;0