data;horario;n_da_ocorrencia;tipo_de_ocorrencia;km;trecho;sentido;tipo_de_acidente;automovel;bicicleta;caminhao;moto;onibus;outros;tracao_animal;transporte_de_cargas_especiais;trator_maquinas;utilitarios;ilesos;levemente_feridos;moderadamente_feridos;gravemente_feridos;mortos
09/09/2014;19:01:00;51;sem vítima;105;BR-393/RJ;Norte;Saida de Pista;1;0;0;0;0;0;0;0;0;0;1;0;0;0;0
09/09/2014;19:07:00;52;com vítima;174;BR-393/RJ;Norte;Abalroamento Mesmo Sentido ;0;0;2;0;0;0;0;0;0;0;1;1;0;0;0
09/09/2014;21:46:00;61;com vítima;236;BR-393/RJ;Sul;Engavetamento;3;0;0;0;0;0;0;0;0;0;2;1;0;0;0
09/09/2014;19:28:00;54;sem vítima;279;BR-393/RJ;Sul;Colisão Lateral;1;0;1;0;0;0;0;0;0;0;3;0;0;0;0
09/09/2014;06:57:00;21;sem vítima;281,067;BR-393/RJ;Sul;Colisão Transversal;2;0;0;0;0;0;0;0;0;0;2;0;0;0;0
09/09/2014;09:46:00;26;sem vítima;283;BR-393/RJ;Sul;Colisão Lateral;2;0;0;0;0;0;0;0;0;0;2;0;0;0;0
09/09/2014;16:50:00;41;sem vítima;283;BR-393/RJ;Norte;Colisão Traseira;3;0;0;0;0;0;0;0;0;0;3;0;0;0;0
10/09/2014;18:00:00;51;sem vítima;119;BR-393/RJ;Sul;Saida de Pista;1;0;0;0;0;0;0;0;0;0;1;0;0;0;0
11/09/2014;08:51:00;21;sem vítima;103,252;BR-393/RJ;Norte;Colisão Traseira;2;0;0;0;0;0;0;0;0;0;2;0;0;0;0
11/09/2014;01:36:00;4;com vítima;139,5;BR-393/RJ;Sul;Atropelamento - Ciclista;0;0;0;0;0;0;0;0;0;0;0;0;1;0;0
11/09/2014;18:47:00;65;com vítima;140,3;BR-393/RJ;Norte;Colisão Lateral;1;0;0;1;0;0;0;0;0;0;1;0;1;0;0
11/09/2014;00:26:00;2;sem vítima;175;BR-393/RJ;Norte;Atropelamento de Animal;0;0;2;0;0;0;0;0;0;0;2;0;0;0;0
12/09/2014;22:39:00;72;com vítima;172,382;BR-393/RJ;Norte;Choque - Defensa, barreira ou "submarino";1;0;0;0;0;0;0;0;0;0;0;0;1;0;0
12/09/2014;11:39:00;32;sem vítima;228,146;BR-393/RJ;Norte;Colisão Traseira;1;0;0;0;0;0;0;0;0;0;1;0;0;0;0
12/09/2014;00:53:00;10;com vítima;274,116;BR-393/RJ;Sul;Tombamento;0;0;1;0;0;0;0;0;0;0;0;1;0;0;0
12/09/2014;22:09:00;70;sem vítima;281,49;BR-393/RJ;Sul;Colisão Transversal;2;0;0;0;0;0;0;0;0;0;2;0;0;0;0
12/09/2014;18:44:00;60;sem vítima;285,3;BR-393/RJ;Norte;Colisão Lateral;1;0;1;0;0;0;0;0;0;0;2;0;0;0;0
13/09/2014;20:46:00;53;com vítima;175,5;BR-393/RJ;Sul;Capotamento;1;0;0;0;0;0;0;0;0;0;0;0;1;0;0
13/09/2014;10:12:00;28;sem vítima;256;BR-393/RJ;Sul;Colisão Traseira;2;0;0;0;0;0;0;0;0;0;6;0;0;0;0
13/09/2014;04:10:00;15;sem vítima;281,511;BR-393/RJ;Norte;Colisão Transversal;2;0;0;0;0;0;0;0;0;0;6;0;0;0;0
14/09/2014;22:25:00;53;com vítima;157,973;BR-393/RJ;Norte;Colisão Frontal;1;0;0;0;1;0;0;0;0;0;18;1;0;0;1
14/09/2014;05:52:00;22;com vítima;221,518;BR-393/RJ;Norte;Queda de Moto;1;0;0;0;0;0;0;0;0;0;0;0;1;0;0
15/09/2014;11:34:00;26;com vítima;103,384;BR-393/RJ;Norte;Colisão Transversal;1;0;0;1;0;0;0;0;0;0;1;0;1;0;0
15/09/2014;12:44:00;31;com vítima;144;BR-393/RJ;Norte;Capotamento;1;0;0;0;0;0;0;0;0;0;0;1;0;0;0
15/09/2014;13:41:00;34;com vítima;160;BR-393/RJ;Sul;Colisão Traseira;0;0;2;0;0;0;0;0;0;0;1;1;0;0;0
15/09/2014;20:03:00;55;com vítima;172;BR-393/RJ;Sul;Capotamento;1;0;0;0;0;0;0;0;0;0;2;1;0;0;0
16/09/2014;15:39:00;46;sem vítima;125,669;BR-393/RJ;Sul;Colisão Traseira;1;0;1;0;0;0;0;0;0;0;4;0;0;0;0
16/09/2014;11:07:00;31;com vítima;168,8;BR-393/RJ;Sul;Colisão Transversal;1;0;0;1;0;0;0;0;0;0;1;1;0;0;0
16/09/2014;15:32:00;45;com vítima;178,23;BR-393/RJ;Norte;Colisão Lateral;1;0;0;1;0;0;0;0;0;0;2;0;1;0;0
16/09/2014;13:53:00;38;sem vítima;285;BR-393/RJ;Norte;Colisão Traseira;2;0;0;0;0;0;0;0;0;0;2;0;0;0;0
17/09/2014;00:22:00;9;com vítima;169;BR-393/RJ;Sul;Outros - Sequência;1;0;1;0;0;0;0;0;0;0;0;3;0;0;0
17/09/2014;07:22:00;16;com vítima;175,518;BR-393/RJ;Norte;Queda de Moto;0;0;0;1;0;0;0;0;0;0;0;1;0;0;0
17/09/2014;17:16:00;50;sem vítima;265,1;BR-393/RJ;Norte;Colisão Traseira;1;0;1;0;0;0;0;0;0;0;2;0;0;0;0
19/09/2014;18:03:00;66;sem vítima;176,2;BR-393/RJ;Norte;Colisão Lateral;2;0;0;0;0;0;0;0;0;0;4;0;0;0;0
19/09/2014;23:01:00;84;com vítima;279,7;BR-393/RJ;Sul;Colisão Traseira;2;0;0;0;0;0;0;0;0;0;2;4;0;0;0
19/09/2014;07:59:00;22;sem vítima;285;BR-393/RJ;Norte;Colisão Traseira;1;0;1;0;0;0;0;0;0;0;2;0;0;0;0
19/09/2014;22:27:00;83;com vítima;285,05;BR-393/RJ;Norte;Choque - Outros;1;0;0;0;0;0;0;0;0;0;0;1;0;0;0
20/09/2014;09:48:00;26;sem vítima;106,945;BR-393/RJ;Sul;Colisão Lateral;1;0;0;1;0;0;0;0;0;0;2;0;0;0;0
20/09/2014;10:43:00;29;com vítima;114;BR-393/RJ;Norte;Tombamento;0;0;0;0;0;0;0;0;0;1;0;0;1;0;0
20/09/2014;19:03:00;58;com vítima;178,494;BR-393/RJ;Norte;Colisão Traseira;2;0;0;0;0;0;0;0;0;0;5;1;0;0;0
20/09/2014;04:31:00;14;sem vítima;215,254;BR-393/RJ;Sul;Tombamento;0;0;1;0;0;0;0;0;0;0;1;0;0;0;0
20/09/2014;13:58:00;44;sem vítima;242,3;BR-393/RJ;Norte;Outros - Sequência;2;0;0;0;0;0;0;0;0;0;8;0;0;0;0
20/09/2014;00:37:00;2;sem vítima;281,486;BR-393/RJ;Sul;Colisão Traseira;2;0;0;0;0;0;0;0;0;0;2;0;0;0;0
21/09/2014;07:54:00;15;sem vítima;161,688;BR-393/RJ;Sul;Choque - Veiculo parado na pista;1;0;0;0;0;0;0;0;0;0;1;0;0;0;0
21/09/2014;08:23:00;17;com vítima;175,6;BR-393/RJ;Norte;Choque - Veiculo parado no acostamento;1;0;0;0;0;0;0;0;0;0;0;1;0;0;0
21/09/2014;22:57:00;69;sem vítima;177,8;BR-393/RJ;Sul;Colisão Traseira;2;0;0;0;0;0;0;0;0;0;2;0;0;0;0
21/09/2014;19:32:00;59;com vítima;217,8;BR-393/RJ;Norte;Colisão Lateral;1;0;0;1;0;0;0;0;0;0;1;0;2;0;0
21/09/2014;02:00:00;13;com vítima;246,124;BR-393/RJ;Norte;Capotamento;1;0;0;0;0;0;0;0;0;0;0;0;1;0;0
22/09/2014;15:34:00;53;com vítima;102;BR-393/RJ;Norte;Colisão Transversal;1;0;0;1;0;0;0;0;0;0;0;4;0;0;0
22/09/2014;07:17:00;20;sem vítima;215,398;BR-393/RJ;Sul;Colisão Lateral;0;0;1;0;1;0;0;0;0;0;20;0;0;0;0
23/09/2014;08:53:00;29;com vítima;133,3;BR-393/RJ;Sul;Colisão Traseira;1;0;0;1;0;0;0;0;0;0;1;0;1;0;0
23/09/2014;12:43:00;40;sem vítima;186,784;BR-393/RJ;Norte;Outros - Sequência;0;0;3;0;0;0;0;0;0;0;3;0;0;0;0
23/09/2014;19:52:00;66;com vítima;204,43;BR-393/RJ;Sul;Atropelamento de Animal;1;0;1;0;0;0;0;0;0;0;1;2;0;0;0
23/09/2014;12:18:00;39;sem vítima;286;BR-393/RJ;Sul;Colisão Traseira;2;0;0;0;0;0;0;0;0;0;2;0;0;0;0
24/09/2014;07:08:00;22;sem vítima;155,461;BR-393/RJ;Norte;Tombamento;0;0;1;0;0;0;0;0;0;0;3;0;0;0;0
24/09/2014;17:17:00;55;sem vítima;235;BR-393/RJ;Norte;Colisão Traseira;1;0;0;0;0;0;0;0;0;1;2;0;0;0;0
24/09/2014;09:31:00;29;com vítima;283;BR-393/RJ;Norte;Colisão Traseira;1;0;0;1;0;0;0;0;0;0;1;0;1;0;0
24/09/2014;19:53:00;63;sem vítima;283,555;BR-393/RJ;Norte;Colisão Lateral;1;0;1;0;0;0;0;0;0;0;4;0;0;0;0
25/09/2014;12:26:00;45;com vítima;147,547;BR-393/RJ;Sul;Saida de Pista;1;0;0;0;0;0;0;0;0;0;0;1;0;0;1
25/09/2014;09:59:00;26;com vítima;241,885;BR-393/RJ;Sul;Queda de Moto;0;0;0;1;0;0;0;0;0;0;0;0;1;0;0
26/09/2014;08:44:00;21;com vítima;164,941;BR-393/RJ;Sul;Choque - Defensa, barreira ou "submarino";1;0;0;0;0;0;0;0;0;0;0;0;1;0;0
26/09/2014;18:35:00;57;sem vítima;282,3;BR-393/RJ;Norte;Colisão Traseira;2;0;0;0;0;0;0;0;0;0;2;0;0;0;0
27/09/2014;17:25:00;43;com vítima;103,9;BR-393/RJ;Norte;Tombamento;0;0;1;0;0;0;0;0;0;0;0;1;0;0;0
27/09/2014;04:08:00;11;sem vítima;242,456;BR-393/RJ;Sul;Saida de Pista;1;0;0;0;0;0;0;0;0;0;1;0;0;0;0
28/09/2014;16:30:00;37;com vítima;228,569;BR-393/RJ;Sul;Colisão Lateral;2;0;0;0;0;0;0;0;0;0;0;3;0;0;0
28/09/2014;08:58:00;24;com vítima;257,751;BR-393/RJ;Sul;Colisão Frontal;3;0;0;0;0;0;0;0;0;0;0;2;0;2;0
28/09/2014;10:53:00;27;sem vítima;286,002;BR-393/RJ;Norte;Colisão Traseira;1;0;1;0;0;0;0;0;0;0;2;0;0;0;0
29/09/2014;21:29:00;58;com vítima;262,915;BR-393/RJ;Sul;Queda de Moto;0;0;0;1;0;0;0;0;0;0;0;1;0;0;0
30/09/2014;14:46:00;47;com vítima;184,657;BR-393/RJ;Sul;Tombamento;0;0;1;0;0;0;0;0;0;0;0;1;0;0;0
30/09/2014;12:26:00;40;com vítima;238,671;BR-393/RJ;Norte;Colisão Lateral;2;0;0;0;0;0;0;0;0;0;0;2;0;0;0
30/09/2014;15:59:00;53;com vítima;243,503;BR-393/RJ;Sul;Saida de Pista;0;0;1;0;0;0;0;0;0;0;0;1;0;0;0
01/10/2014;10:59:00;31;com vítima;162;BR-393/RJ;Sul;Queda de Moto;0;0;0;1;0;0;0;0;0;0;0;2;0;0;0
01/10/2014;22:08:00;61;com vítima;256,031;BR-393/RJ;Sul;Atropelamento - Morador;1;0;0;0;0;0;0;0;0;1;2;0;1;0;0
01/10/2014;23:06:00;64;com vítima;278,9;BR-393/RJ;Sul;Colisão Traseira;0;0;2;0;0;0;0;0;0;0;1;0;1;0;0
02/10/2014;07:59:00;21;sem vítima;282,108;BR-393/RJ;Sul;Engavetamento;3;0;0;0;0;0;0;0;0;0;3;0;0;0;0
03/10/2014;02:16:00;5;sem vítima;174,647;BR-393/RJ;Sul;Atropelamento de Animal;0;0;1;0;0;0;0;0;0;0;1;0;0;0;0
03/10/2014;23:54:00;72;com vítima;178;BR-393/RJ;Sul;Colisão Traseira;1;0;0;0;1;0;0;0;0;0;1;2;0;0;0
04/10/2014;02:31:00;11;sem vítima;210,11;BR-393/RJ;Norte;Atropelamento de Animal;0;0;2;0;0;0;0;0;0;0;2;0;0;0;0
04/10/2014;20:39:00;60;sem vítima;242,5;BR-393/RJ;Sul;Saida de Pista;1;0;0;0;0;0;0;0;0;0;2;0;0;0;0
04/10/2014;23:22:00;66;sem vítima;279;BR-393/RJ;Norte;Colisão Traseira;1;0;0;1;0;0;0;0;0;0;2;0;0;0;0
04/10/2014;10:53:00;32;com vítima;285,403;BR-393/RJ;Sul;Colisão Transversal;1;0;0;1;0;0;0;0;0;0;2;1;0;0;0
05/10/2014;04:11:00;6;com vítima;125;BR-393/RJ;Sul;Colisão Lateral;0;0;0;1;1;0;0;0;0;0;1;1;0;1;0
05/10/2014;11:42:00;25;sem vítima;142,353;BR-393/RJ;Norte;Colisão Traseira;1;0;1;0;0;0;0;0;0;0;2;0;0;0;0
05/10/2014;06:40:00;15;com vítima;2,425;Alça Sul;Norte;Capotamento;2;0;0;0;0;0;0;0;0;0;0;1;1;0;0
06/10/2014;02:52:00;4;sem vítima;242,492;BR-393/RJ;Sul;Saida de Pista;1;0;0;0;0;0;0;0;0;0;1;0;0;0;0
07/10/2014;17:00:00;45;com vítima;0,743;Alça Sul;Norte;Colisão Lateral;1;0;0;1;0;0;0;0;0;0;1;1;0;0;0
07/10/2014;18:37:00;52;com vítima;228,949;BR-393/RJ;Sul;Colisão Lateral;2;0;0;0;0;0;0;0;0;0;2;0;1;0;0
08/10/2014;08:49:00;27;sem vítima;106,807;BR-393/RJ;Norte;Colisão Traseira;2;0;0;0;0;0;0;0;0;0;7;0;0;0;0
08/10/2014;00:35:00;1;com vítima;124,1;BR-393/RJ;Norte;Outros;0;1;0;1;0;0;0;0;0;0;0;0;1;1;0
08/10/2014;19:46:00;59;com vítima;284,7;BR-393/RJ;Norte;Abalroamento Mesmo Sentido ;1;0;0;1;0;0;0;0;0;0;1;1;1;0;0
08/10/2014;13:27:00;38;sem vítima;286,003;BR-393/RJ;Sul;Engavetamento;3;0;0;0;0;0;0;0;0;0;3;0;0;0;0
09/10/2014;15:53:00;47;com vítima;103,141;BR-393/RJ;Norte;Atropelamento - Morador;1;0;0;0;0;0;0;0;0;0;1;0;1;0;0
09/10/2014;14:37:00;42;com vítima;235,499;BR-393/RJ;Sul;Colisão Traseira;2;0;0;0;0;0;0;0;0;0;2;1;0;0;0
09/10/2014;16:11:00;48;sem vítima;281,439;BR-393/RJ;Norte;Colisão Lateral;1;0;0;1;0;0;0;0;0;0;2;0;0;0;0
09/10/2014;08:28:00;20;sem vítima;281,454;BR-393/RJ;Sul;Colisão Lateral;1;0;0;1;0;0;0;0;0;0;3;0;0;0;0
09/10/2014;19:29:00;61;sem vítima;282,402;BR-393/RJ;Norte;Colisão Traseira;1;0;0;0;1;0;0;0;0;0;30;0;0;0;0
10/10/2014;12:28:00;33;com vítima;155,499;BR-393/RJ;Sul;Tombamento;0;0;1;0;0;0;0;0;0;0;0;1;0;0;0
10/10/2014;12:13:00;34;com vítima;214,321;BR-393/RJ;Norte;Choque - Arvore;1;0;0;0;0;0;0;0;0;0;0;1;0;0;0
10/10/2014;14:57:00;44;sem vítima;223,079;BR-393/RJ;Norte;Capotamento;1;0;0;0;0;0;0;0;0;0;1;0;0;0;0
10/10/2014;08:46:00;25;sem vítima;285;BR-393/RJ;Norte;Colisão Frontal;2;0;0;0;0;0;0;0;0;0;2;0;0;0;0
11/10/2014;01:15:00;12;com vítima;119,933;BR-393/RJ;Sul;Atropelamento de Animal;1;0;0;0;0;0;0;0;0;0;0;1;0;0;0
11/10/2014;05:47:00;17;com vítima;157,904;BR-393/RJ;Norte;Tombamento;0;0;1;0;0;0;0;0;0;0;0;1;0;0;0
11/10/2014;09:45:00;27;sem vítima;168,82;BR-393/RJ;Norte;Colisão Lateral;2;0;0;0;0;0;0;0;0;0;5;0;0;0;0
11/10/2014;13:43:00;41;sem vítima;223,516;BR-393/RJ;Sul;Tombamento;0;0;1;0;0;0;0;0;0;0;1;0;0;0;0
12/10/2014;09:01:00;32;sem vítima;143,432;BR-393/RJ;Norte;Choque - Elemento de Drenagem;1;0;0;0;0;0;0;0;0;0;1;0;0;0;0
12/10/2014;17:08:00;63;sem vítima;152,577;BR-393/RJ;Sul;Saida de Pista;1;0;0;0;0;0;0;0;0;0;1;0;0;0;0
12/10/2014;16:24:00;57;com vítima;168,775;BR-393/RJ;Sul;Colisão Lateral;2;0;0;0;0;0;0;0;0;0;0;6;1;0;0
12/10/2014;16:55:00;60;com vítima;168,9;BR-393/RJ;Sul;Colisão Lateral;1;0;0;1;0;0;0;0;0;0;1;2;0;0;0
12/10/2014;02:52:00;9;com vítima;258;BR-393/RJ;Norte;Capotamento;1;0;0;0;0;0;0;0;0;0;0;1;0;0;0
12/10/2014;00:09:00;1;com vítima;263,5;BR-393/RJ;Sul;Choque - Outros;1;0;0;0;0;0;0;0;0;0;1;1;0;0;0
13/10/2014;14:42:00;42;com vítima;187,105;BR-393/RJ;Sul;Queda de Moto;0;0;0;1;0;0;0;0;0;0;0;0;1;0;0
13/10/2014;10:51:00;30;com vítima;281,319;BR-393/RJ;Norte;Colisão Lateral;1;0;0;1;0;0;0;0;0;0;1;1;0;0;0
13/10/2014;10:13:00;29;sem vítima;284,564;BR-393/RJ;Norte;Colisão Traseira;2;0;0;0;0;0;0;0;0;0;2;0;0;0;0
14/10/2014;09:36:00;29;com vítima;131,492;BR-393/RJ;Sul;Tombamento;0;0;1;0;0;0;0;0;0;0;0;1;0;0;0
14/10/2014;08:22:00;25;sem vítima;164,662;BR-393/RJ;Norte;Tombamento;0;0;1;0;0;0;0;0;0;0;1;0;0;0;0
15/10/2014;11:06:00;31;com vítima;125,841;BR-393/RJ;Norte;Colisão Lateral;1;0;1;0;0;0;0;0;0;0;4;1;0;0;0
15/10/2014;10:37:00;28;sem vítima;284,32;BR-393/RJ;Sul;Colisão Traseira;1;0;1;0;0;0;0;0;0;0;5;0;0;0;0
15/10/2014;08:41:00;25;sem vítima;285,49;BR-393/RJ;Norte;Colisão Transversal;1;0;1;0;0;0;0;0;0;0;4;0;0;0;0
16/10/2014;06:19:00;11;com vítima;139,608;BR-393/RJ;Norte;Queda de Moto;0;0;0;1;0;0;0;0;0;0;0;1;0;0;0
16/10/2014;13:57:00;51;com vítima;273,8;BR-393/RJ;Norte;Tombamento;0;0;1;0;0;0;0;0;0;0;0;0;1;0;0
16/10/2014;06:53:00;14;sem vítima;279,601;BR-393/RJ;Norte;Colisão Lateral;2;0;0;0;0;0;0;0;0;0;2;0;0;0;0
16/10/2014;17:36:00;63;sem vítima;284;BR-393/RJ;Norte;Abalroamento Mesmo Sentido ;1;0;1;0;0;0;0;0;0;0;2;0;0;0;0
17/10/2014;15:38:00;51;sem vítima;235,808;BR-393/RJ;Norte;Colisão Traseira;0;0;2;0;0;0;0;0;0;0;2;0;0;0;0
17/10/2014;19:42:00;73;sem vítima;280,077;BR-393/RJ;Norte;Colisão Traseira;2;0;0;0;0;0;0;0;0;0;2;0;0;0;0
18/10/2014;19:59:00;53;com vítima;131,429;BR-393/RJ;Sul;Queda de Moto;0;0;0;1;0;0;0;0;0;0;0;1;0;0;0
18/10/2014;07:24:00;21;com vítima;138,327;BR-393/RJ;Norte;Capotamento;1;0;0;0;0;0;0;0;0;0;0;1;1;0;0
18/10/2014;08:02:00;24;com vítima;158,188;BR-393/RJ;Sul;Colisão Frontal;2;0;0;0;0;0;0;0;0;0;0;3;3;0;0
18/10/2014;08:41:00;25;sem vítima;183;BR-393/RJ;Norte;Colisão Traseira;1;0;1;0;0;0;0;0;0;0;2;0;0;0;0
18/10/2014;11:06:00;32;com vítima;283,24;BR-393/RJ;Sul;Engavetamento;4;0;0;0;0;0;0;0;0;0;5;3;0;0;0
19/10/2014;04:06:00;19;com vítima;180,219;BR-393/RJ;Sul;Choque - Defensa, barreira ou "submarino";1;0;0;0;0;0;0;0;0;0;0;3;0;0;0
19/10/2014;11:25:00;37;com vítima;223,076;BR-393/RJ;Norte;Saida de Pista;1;0;0;0;0;0;0;0;0;0;0;1;0;1;0
19/10/2014;14:19:00;42;com vítima;260;BR-393/RJ;Norte;Saida de Pista;1;0;0;0;0;0;0;0;0;0;0;1;0;0;0
19/10/2014;22:50:00;72;com vítima;279,6;BR-393/RJ;Norte;Colisão Transversal;2;0;0;0;0;0;0;0;0;0;4;1;0;0;0
20/10/2014;16:48:00;49;sem vítima;132,6;BR-393/RJ;Sul;Colisão Traseira;1;0;0;0;1;0;0;0;0;0;3;0;0;0;0
20/10/2014;07:34:00;20;com vítima;232,232;BR-393/RJ;Sul;Colisão Lateral;1;0;1;0;0;0;0;0;0;0;0;1;0;2;1
22/10/2014;08:50:00;12;com vítima;283,815;BR-393/RJ;Sul;Queda de Moto;0;0;0;1;0;0;0;0;0;0;0;1;0;0;0
22/10/2014;13:39:00;23;sem vítima;284,5;BR-393/RJ;Sul;Colisão Traseira;2;0;0;0;0;0;0;0;0;0;2;0;0;0;0
23/10/2014;08:53:00;9;sem vítima;241,2;BR-393/RJ;Norte;Colisão Lateral;2;0;0;0;0;0;0;0;0;0;3;0;0;0;0
23/10/2014;16:19:00;31;sem vítima;246,356;BR-393/RJ;Norte;Colisão Traseira;2;0;0;0;0;0;0;0;0;0;2;0;0;0;0
24/10/2014;14:40:00;60;sem vítima;133,613;BR-393/RJ;Sul;Colisão Traseira;1;0;1;0;0;0;0;0;0;0;3;0;0;0;0
24/10/2014;15:15:00;65;sem vítima;233,924;BR-393/RJ;Sul;Colisão Lateral;1;0;1;0;0;0;0;0;0;0;2;0;0;0;0
24/10/2014;12:02:00;51;sem vítima;242,272;BR-393/RJ;Sul;Colisão Lateral;2;0;0;0;0;0;0;0;0;0;2;0;0;0;0
24/10/2014;16:32:00;69;com vítima;1;Alça Sul;Norte;Colisão Traseira;1;0;0;1;0;0;0;0;0;0;1;1;0;0;0
25/10/2014;23:34:00;61;com vítima;141,389;BR-393/RJ;Sul;Queda de Moto;0;0;0;1;0;0;0;0;0;0;0;0;0;0;1
25/10/2014;10:12:00;24;com vítima;175,626;BR-393/RJ;Norte;Colisão Lateral;0;0;1;0;0;0;0;0;0;1;4;1;0;0;0
25/10/2014;14:42:00;40;sem vítima;242,44;BR-393/RJ;Norte;Saida de Pista;1;0;0;0;0;0;0;0;0;0;1;0;0;0;0
25/10/2014;20:35:00;53;sem vítima;283,8;BR-393/RJ;Sul;Colisão Traseira;2;0;0;0;0;0;0;0;0;0;2;0;0;0;0
25/10/2014;13:01:00;34;sem vítima;286,002;BR-393/RJ;Sul;Colisão Traseira;2;0;0;0;0;0;0;0;0;0;2;0;0;0;0
26/10/2014;21:43:00;54;com vítima;248,9;BR-393/RJ;Sul;Choque - Arvore;1;0;0;0;0;0;0;0;0;0;0;1;0;0;0
26/10/2014;23:37:00;57;sem vítima;282,9;BR-393/RJ;Norte;Colisão Traseira;2;0;0;0;0;0;0;0;0;0;2;0;0;0;0
26/10/2014;12:11:00;27;com vítima;283,609;BR-393/RJ;Norte;Colisão Traseira;2;0;0;0;0;0;0;0;0;0;2;1;0;0;0
26/10/2014;06:46:00;20;sem vítima;285,996;BR-393/RJ;Norte;Colisão Lateral;1;0;1;0;0;0;0;0;0;0;2;0;0;0;0
27/10/2014;07:53:00;27;sem vítima;266;BR-393/RJ;Norte;Colisão Traseira;1;0;1;0;0;0;0;0;0;0;4;0;0;0;0
28/10/2014;08:27:00;28;com vítima;115,7;BR-393/RJ;Norte;Colisão Transversal;1;0;1;0;0;0;0;0;0;0;0;1;1;0;0
28/10/2014;16:32:00;53;com vítima;161,471;BR-393/RJ;Sul;Saida de Pista;1;0;0;0;0;0;0;0;0;0;0;1;0;0;0
28/10/2014;10:09:00;35;com vítima;178,3;BR-393/RJ;Norte;Colisão Lateral;0;0;1;1;0;0;0;0;0;0;0;1;0;0;1
28/10/2014;03:03:00;13;com vítima;1;Alça Sul;Norte;Atropelamento de Animal;1;0;0;0;0;0;0;0;0;0;0;1;0;0;0
28/10/2014;13:07:00;44;com vítima;283;BR-393/RJ;Norte;Colisão Traseira;1;0;1;0;0;0;0;0;0;0;2;1;0;0;0
28/10/2014;00:30:00;2;com vítima;286;BR-393/RJ;Sul;Outros - Sequência;0;0;1;0;1;0;0;0;0;0;2;1;0;0;0
29/10/2014;03:33:00;11;com vítima;103,221;BR-393/RJ;Sul;Colisão Lateral;0;0;1;1;0;0;0;0;0;0;1;0;1;0;0
29/10/2014;09:23:00;20;sem vítima;277,846;BR-393/RJ;Sul;Colisão Frontal;0;0;2;0;0;0;0;0;0;0;2;0;0;0;0
29/10/2014;00:02:00;1;com vítima;2;Alça Sul;Norte;Atropelamento - Ciclista;1;1;0;0;0;0;0;0;0;0;1;0;0;1;0
29/10/2014;23:02:00;54;sem vítima;2,9;Alça Sul;Norte;Atropelamento de Animal;0;0;0;1;0;0;0;0;0;0;1;0;0;0;0
30/10/2014;18:39:00;63;com vítima;106,747;BR-393/RJ;Sul;Colisão Frontal;1;0;1;0;0;0;0;0;0;0;0;5;0;0;0
30/10/2014;11:39:00;41;sem vítima;142;BR-393/RJ;Sul;Colisão Traseira;1;0;1;0;0;0;0;0;0;0;3;0;0;0;0
30/10/2014;14:26:00;49;com vítima;212,825;BR-393/RJ;Sul;Saida de Pista;1;0;0;0;0;0;0;0;0;0;0;1;0;0;0
30/10/2014;07:54:00;26;sem vítima;285;BR-393/RJ;Sul;Colisão Traseira;1;0;0;0;1;0;0;0;0;0;2;0;0;0;0
30/10/2014;18:55:00;65;com vítima;286;BR-393/RJ;Norte;Colisão Transversal;1;0;0;1;0;0;0;0;0;0;1;1;0;0;0
31/10/2014;20:57:00;56;com vítima;139;BR-393/RJ;Norte;Queda de Moto;1;0;0;1;0;0;0;0;0;0;1;0;1;0;0
31/10/2014;09:25:00;23;sem vítima;175,453;BR-393/RJ;Norte;Colisão Lateral;0;0;1;0;1;0;0;0;0;0;2;0;0;0;0
01/11/2014;07:35:00;16;sem vítima;174,8;BR-393/RJ;Norte;Tombamento;0;0;1;0;0;0;0;0;0;0;1;0;0;0;0
01/11/2014;09:01:00;22;com vítima;252,3;BR-393/RJ;Norte;Colisão Transversal;2;0;0;0;0;0;0;0;0;0;1;1;0;0;0
01/11/2014;09:22:00;23;com vítima;282;BR-393/RJ;Norte;Colisão Lateral;2;0;0;0;0;0;0;0;0;0;1;1;0;0;0
01/11/2014;10:45:00;28;com vítima;284,7;BR-393/RJ;Sul;Queda de Moto;0;0;0;1;0;0;0;0;0;0;1;1;0;0;0
02/11/2014;06:15:00;13;com vítima;121,356;BR-393/RJ;Norte;Colisão Lateral;2;0;0;0;0;0;0;0;0;0;1;0;1;0;0
02/11/2014;06:22:00;14;com vítima;229,64;BR-393/RJ;Norte;Saida de Pista;1;0;0;0;0;0;0;0;0;0;3;0;1;0;0
03/11/2014;04:33:00;16;sem vítima;176,95;BR-393/RJ;Norte;Atropelamento de Animal;1;0;0;0;0;0;0;0;0;0;3;0;0;0;0
03/11/2014;04:35:00;17;sem vítima;203,422;BR-393/RJ;Sul;Atropelamento de Animal;0;0;1;0;0;0;0;0;0;0;1;0;0;0;0
03/11/2014;13:02:00;45;sem vítima;227;BR-393/RJ;Norte;Capotamento;1;0;0;0;0;0;0;0;0;0;2;0;0;0;0
04/11/2014;15:49:00;43;com vítima;191,7;BR-393/RJ;Norte;Tombamento;0;0;0;0;0;0;0;0;1;0;0;1;0;0;0
04/11/2014;15:07:00;39;com vítima;233,6;BR-393/RJ;Sul;Colisão Lateral;1;0;0;1;0;0;0;0;0;0;0;2;0;0;0
05/11/2014;06:55:00;19;com vítima;147;BR-393/RJ;Norte;Tombamento;0;0;1;0;0;0;0;0;0;0;0;0;1;0;0
05/11/2014;02:02:00;12;sem vítima;210,1;BR-393/RJ;Sul;Atropelamento de Animal;0;0;1;0;0;0;0;0;0;0;1;0;0;0;0
05/11/2014;23:10:00;69;com vítima;229;BR-393/RJ;Sul;Capotamento;1;0;0;0;0;0;0;0;0;0;0;0;1;2;0
06/11/2014;19:51:00;54;sem vítima;106,9;BR-393/RJ;Sul;Colisão Lateral;1;0;1;0;0;0;0;0;0;0;2;0;0;0;0
06/11/2014;16:48:00;42;com vítima;179;BR-393/RJ;Norte;Capotamento;0;0;0;0;0;0;0;0;0;1;0;2;0;0;0
06/11/2014;14:42:00;36;com vítima;255,422;BR-393/RJ;Norte;Colisão Lateral;2;0;0;0;0;0;0;0;0;0;4;1;0;0;0
07/11/2014;18:23:00;65;sem vítima;142,5;BR-393/RJ;Norte;Colisão Traseira;2;0;0;0;0;0;0;0;0;0;2;0;0;0;0
07/11/2014;22:02:00;81;sem vítima;239,4;BR-393/RJ;Norte;Choque - Defensa, barreira ou "submarino";1;0;0;0;0;0;0;0;0;0;1;0;0;0;0
07/11/2014;22:37:00;84;com vítima;242,3;BR-393/RJ;Sul;Saida de Pista;1;0;0;0;0;0;0;0;0;0;0;1;0;0;0
07/11/2014;20:39:00;77;com vítima;261,95;BR-393/RJ;Norte;Saida de Pista;1;0;0;0;0;0;0;0;0;0;0;3;0;0;0