data;horario;n_da_ocorrencia;tipo_de_ocorrencia;km;trecho;sentido;tipo_de_acidente;automovel;bicicleta;caminhao;moto;onibus;outros;tracao_animal;transporte_de_cargas_especiais;trator_maquinas;utilitarios;ilesos;levemente_feridos;moderadamente_feridos;gravemente_feridos;mortos
05/01/2015;19:39:00;61;sem vítima;229,392;BR-393/RJ;Pista Sul;Saídas de pista;0;0;1;0;0;0;0;0;0;0;1;0;0;0;0
05/01/2015;09:22:00;29;sem vítima;230,677;BR-393/RJ;Pista Sul;Capotamento;1;0;0;0;0;0;0;0;0;0;3;0;0;0;0
05/01/2015;14:52:00;47;sem vítima;283,32;BR-393/RJ;Pista Sul;Engavetamento;3;0;0;0;0;0;0;0;0;0;7;0;0;0;0
06/01/2015;16:28:00;54;sem vítima;158;BR-393/RJ;Pista Sul;Saídas de pista;1;0;0;0;0;0;0;0;0;0;1;0;0;0;0
06/01/2015;16:52:00;56;com vítima;226,4;BR-393/RJ;Pista Sul;Capotamento;0;0;0;1;0;0;0;0;0;0;0;0;2;0;0
07/01/2015;11:52:00;37;sem vítima;168,947;BR-393/RJ;Pista Sul;Colisão com veículos (traseira);1;0;1;0;0;0;0;0;0;0;3;0;0;0;0
07/01/2015;06:45:00;14;com vítima;223,577;BR-393/RJ;Pista Sul;Colisão c/ obstáculos;1;0;0;0;0;0;0;0;0;0;1;2;0;0;0
08/01/2015;12:20:00;38;com vítima;250;BR-393/RJ;Pista Norte;Colisão lateral no sentido contrário;1;0;0;1;0;0;0;0;0;0;1;0;0;1;0
09/01/2015;12:13:00;47;sem vítima;162;BR-393/RJ;Pista Norte;Saídas de pista;0;0;1;0;0;0;0;0;0;0;1;0;0;0;0
10/01/2015;09:17:00;28;sem vítima;138,09;BR-393/RJ;Pista Norte;Tombamento;0;0;1;0;0;0;0;0;0;0;1;0;0;0;0
10/01/2015;22:59:00;63;sem vítima;281,045;BR-393/RJ;Pista Norte;Colisão lateral no sentido contrário;1;0;0;1;0;0;0;0;0;0;5;0;0;0;0
10/01/2015;21:51:00;61;sem vítima;281,566;BR-393/RJ;Pista Sul;Colisão lateral no sentido contrário;1;0;1;0;0;0;0;0;0;0;3;0;0;0;0
11/01/2015;14:27:00;44;com vítima;274,677;BR-393/RJ;Pista Sul;Colisão lateral no mesmo sentido;1;0;1;0;0;0;0;0;0;0;1;4;0;0;0
12/01/2015;09:39:00;28;com vítima;146;BR-393/RJ;Pista Norte;Colisão lateral no mesmo sentido;0;0;1;1;0;0;0;0;0;0;2;1;0;0;0
12/01/2015;22:36:00;74;sem vítima;200,7;BR-393/RJ;Pista Sul;Atropelamento de animais;0;0;1;0;0;0;0;0;0;0;1;0;0;0;0
12/01/2015;09:02:00;22;com vítima;204,457;BR-393/RJ;Pista Norte;Acidentes de outra natureza;0;0;0;1;0;0;0;0;0;0;0;1;0;0;0
12/01/2015;10:59:00;37;com vítima;250,812;BR-393/RJ;Pista Norte;Acidentes de outra natureza;3;0;0;0;0;0;0;0;0;0;0;8;0;1;0
13/01/2015;13:50:00;58;com vítima;268,3;BR-393/RJ;Pista Norte;Acidentes de outra natureza;0;0;0;1;0;0;0;0;0;0;0;1;0;0;0
13/01/2015;19:27:00;77;sem vítima;284;BR-393/RJ;Pista Norte;Colisão com veículos (traseira);2;0;0;0;0;0;0;0;0;0;5;0;0;0;0
14/01/2015;20:44:00;69;com vítima;123,193;BR-393/RJ;Pista Sul;Acidentes de outra natureza;0;0;0;1;0;0;0;0;0;0;0;1;2;0;0
15/01/2015;16:54:00;58;sem vítima;125,445;BR-393/RJ;Pista Sul;Engavetamento;3;0;0;0;0;0;0;0;0;0;8;0;0;0;0
16/01/2015;20:24:00;69;sem vítima;284,3;BR-393/RJ;Pista Norte;Colisão com veículos (traseira);2;0;0;0;0;0;0;0;0;0;2;0;0;0;0
16/01/2015;19:13:00;65;sem vítima;286;BR-393/RJ;Pista Sul;Colisão com veículos (traseira);2;0;0;0;0;0;0;0;0;0;2;0;0;0;0
17/01/2015;12:04:00;31;com vítima;123,571;BR-393/RJ;Pista Norte;Colisão com veículos (frontal);0;0;2;0;0;0;0;0;0;0;0;2;1;0;1
17/01/2015;16:13:00;47;com vítima;253,164;BR-393/RJ;Pista Norte;Colisão com veículos (frontal);1;0;0;0;0;0;0;0;0;1;1;0;0;1;0
17/01/2015;14:54:00;43;com vítima;279,7;BR-393/RJ;Pista Sul;Colisão com veículos (frontal);2;0;0;0;0;0;0;0;0;0;5;1;0;0;0
17/01/2015;08:28:00;18;sem vítima;282,39;BR-393/RJ;Pista Norte;Acidentes de outra natureza;4;0;0;0;0;0;0;0;0;0;7;0;0;0;0
18/01/2015;14:29:00;50;com vítima;103,695;BR-393/RJ;Pista Norte;Engavetamento;3;0;0;0;0;0;0;0;0;0;1;6;0;0;0
18/01/2015;23:48:00;85;com vítima;250;BR-393/RJ;Pista Norte;Acidentes de outra natureza;0;0;0;1;0;0;0;0;0;0;0;1;0;0;0
18/01/2015;08:40:00;25;sem vítima;286;BR-393/RJ;Pista Sul;Colisão com veículos (traseira);2;0;0;0;0;0;0;0;0;0;4;0;0;0;0
19/01/2015;12:30:00;38;com vítima;175,619;BR-393/RJ;Pista Sul;Colisão lateral no mesmo sentido;1;0;1;0;0;0;0;0;0;0;1;1;0;0;0
20/01/2015;03:01:00;5;com vítima;210,6;BR-393/RJ;Pista Norte;Acidentes de outra natureza;1;0;2;0;0;0;0;0;0;0;0;4;0;0;0
21/01/2015;17:05:00;66;com vítima;3;Alça Sul;Pista Sul;Colisão lateral no mesmo sentido;1;0;0;1;0;0;0;0;0;0;4;1;0;0;0
22/01/2015;20:12:00;62;sem vítima;103,9;BR-393/RJ;Pista Sul;Colisão com veículos (traseira);1;0;1;0;0;0;0;0;0;0;2;0;0;0;0
22/01/2015;18:11:00;54;com vítima;157;BR-393/RJ;Pista Norte;Colisão c/ obstáculos;1;0;0;0;0;0;0;0;0;0;3;1;0;0;0
22/01/2015;06:07:00;14;com vítima;189,38;BR-393/RJ;Pista Norte;Colisão com veículos (frontal);0;0;2;0;0;0;0;0;0;0;0;1;0;0;1
22/01/2015;19:38:00;59;sem vítima;224,903;BR-393/RJ;Pista Sul;Colisão com veículos (traseira);1;0;0;0;0;0;0;0;0;0;1;0;0;0;0
23/01/2015;14:31:00;56;com vítima;199,383;BR-393/RJ;Pista Norte;Acidentes de outra natureza;0;0;1;0;0;0;0;0;0;0;1;0;1;0;0
23/01/2015;08:46:00;23;sem vítima;252,31;BR-393/RJ;Pista Norte;Engavetamento;3;0;0;0;0;0;0;0;0;0;3;0;0;0;0
24/01/2015;15:11:00;29;com vítima;114,543;BR-393/RJ;Pista Norte;Saídas de pista;0;0;2;0;0;0;0;0;0;0;1;1;1;0;0
24/01/2015;08:38:00;18;com vítima;217,632;BR-393/RJ;Pista Norte;Saídas de pista;1;0;0;0;0;0;0;0;0;0;1;1;0;0;0
24/01/2015;12:35:00;26;com vítima;263,09;BR-393/RJ;Pista Norte;Tombamento;0;0;1;0;0;0;0;0;0;0;0;1;0;0;0
25/01/2015;22:00:00;84;sem vítima;125;BR-393/RJ;Pista Norte;Colisão com veículos (traseira);0;0;2;0;0;0;0;0;0;0;3;0;0;0;0
25/01/2015;07:24:00;21;com vítima;131,426;BR-393/RJ;Pista Norte;Tombamento;0;0;1;0;0;0;0;0;0;0;0;1;0;0;0
25/01/2015;10:39:00;38;com vítima;162,2;BR-393/RJ;Pista Sul;Tombamento;0;0;1;0;0;0;0;0;0;0;0;0;1;0;0
25/01/2015;11:02:00;39;com vítima;172,3;BR-393/RJ;Pista Norte;Colisão lateral no sentido contrário;2;0;0;0;0;0;0;0;0;0;0;5;0;0;0
25/01/2015;13:55:00;50;com vítima;180,4;BR-393/RJ;Pista Norte;Tombamento;0;0;1;0;0;0;0;0;0;0;0;1;0;0;0
25/01/2015;08:15:00;26;com vítima;235;BR-393/RJ;Pista Norte;Colisão lateral no sentido contrário;0;0;0;1;0;0;0;0;0;1;1;1;0;0;0
25/01/2015;11:45:00;40;sem vítima;236,797;BR-393/RJ;Pista Norte;Colisão com veículos (traseira);2;0;0;0;0;0;0;0;0;0;2;0;0;0;0
25/01/2015;10:27:00;35;com vítima;263;BR-393/RJ;Pista Norte;Acidentes de outra natureza;0;0;0;1;0;0;0;0;0;0;0;1;0;0;0
25/01/2015;20:17:00;73;com vítima;2;Alça Sul;Pista Norte;Colisão lateral no sentido contrário;1;0;0;1;0;0;0;0;0;0;3;2;0;0;0
25/01/2015;12:26:00;44;sem vítima;286;BR-393/RJ;Pista Norte;Engavetamento;2;0;0;0;1;0;0;0;0;0;3;0;0;0;0
26/01/2015;16:37:00;56;sem vítima;263,9;BR-393/RJ;Pista Norte;Saídas de pista;0;0;1;0;0;0;0;0;0;0;1;0;0;0;0
28/01/2015;00:23:00;1;sem vítima;281,52;BR-393/RJ;Pista Norte;Colisão com veículos (traseira);0;0;2;0;0;0;0;0;0;0;3;0;0;0;0
29/01/2015;15:15:00;53;sem vítima;236,5;BR-393/RJ;Pista Norte;Colisão lateral no sentido contrário;1;0;0;0;0;0;0;0;0;1;4;0;0;0;0
29/01/2015;17:40:00;60;sem vítima;252,3;BR-393/RJ;Pista Norte;Colisão com veículos (traseira);1;0;1;0;0;0;0;0;0;0;2;0;0;0;0
29/01/2015;16:05:00;57;sem vítima;281,538;BR-393/RJ;Pista Norte;Colisão lateral no sentido contrário;2;0;0;0;0;0;0;0;0;0;2;0;0;0;0
30/01/2015;14:58:00;50;com vítima;258,695;BR-393/RJ;Pista Sul;Colisão com veículos (traseira);1;0;0;0;0;0;0;0;0;1;1;1;0;0;0
30/01/2015;08:19:00;26;com vítima;285;BR-393/RJ;Pista Norte;Colisão com veículos (traseira);1;0;0;1;0;0;0;0;0;0;1;1;0;0;0
30/01/2015;08:49:00;29;sem vítima;285;BR-393/RJ;Pista Sul;Colisão lateral no sentido contrário;1;0;1;0;0;0;0;0;0;0;2;0;0;0;0
31/01/2015;14:05:00;33;com vítima;192,812;BR-393/RJ;Pista Norte;Colisão lateral no mesmo sentido;1;0;1;0;0;0;0;0;0;0;0;5;0;0;0
31/01/2015;03:34:00;11;com vítima;239;BR-393/RJ;Pista Sul;Acidentes de outra natureza;1;0;1;0;0;0;0;0;0;0;0;3;0;0;0
31/01/2015;05:46:00;13;sem vítima;239;BR-393/RJ;Pista Norte;Colisão c/ obstáculos;1;0;0;0;0;0;0;0;0;0;1;0;0;0;0
31/01/2015;09:44:00;21;sem vítima;266;BR-393/RJ;Pista Sul;Saídas de pista;1;0;0;0;0;0;0;0;0;0;2;0;0;0;0
01/02/2015;22:59:00;46;sem vítima;106,05;BR-393/RJ;Pista Sul;Colisão com veículos (traseira);2;0;0;0;0;0;0;0;0;0;4;0;0;0;0
01/02/2015;16:58:00;36;com vítima;179,095;BR-393/RJ;Pista Norte;Colisão lateral no sentido contrário;1;0;0;0;1;0;0;0;0;0;20;3;0;0;0
01/02/2015;11:51:00;24;sem vítima;281;BR-393/RJ;Pista Sul;Colisão lateral no sentido contrário;1;0;0;1;0;0;0;0;0;0;2;0;0;0;0
02/02/2015;10:32:00;26;sem vítima;109,4;BR-393/RJ;Pista Norte;Colisão lateral no mesmo sentido;0;0;1;0;0;0;0;0;0;1;3;0;0;0;0
03/02/2015;05:01:00;12;sem vítima;130;BR-393/RJ;Pista Sul;Colisão c/ obstáculos;0;0;0;0;1;0;0;0;0;0;30;0;0;0;0
03/02/2015;00:49:00;2;sem vítima;251,878;BR-393/RJ;Pista Sul;Saídas de pista;1;0;0;0;0;0;0;0;0;0;1;0;0;0;0
04/02/2015;17:04:00;51;com vítima;127,3;BR-393/RJ;Pista Norte;Colisão com veículos (frontal);1;0;1;0;0;0;0;0;0;0;0;0;3;2;1
04/02/2015;23:39:00;62;com vítima;239,5;BR-393/RJ;Pista Sul;Colisão com veículos (traseira);1;0;1;0;0;0;0;0;0;0;2;0;1;0;0
04/02/2015;16:43:00;48;com vítima;268,523;BR-393/RJ;Pista Sul;Colisão c/ obstáculos;0;0;1;0;0;0;0;0;0;0;0;0;0;0;1
04/02/2015;17:01:00;50;sem vítima;270;BR-393/RJ;Pista Norte;Colisão c/ obstáculos;2;0;0;0;0;0;0;0;0;0;2;0;0;0;0
04/02/2015;15:26:00;43;sem vítima;270,6;BR-393/RJ;Pista Norte;Colisão com veículos (traseira);2;0;0;0;0;0;0;0;0;0;3;0;0;0;0
05/02/2015;06:37:00;12;com vítima;139,553;BR-393/RJ;Pista Sul;Saídas de pista;1;0;0;0;0;0;0;0;0;0;0;2;0;0;0
05/02/2015;09:02:00;18;com vítima;160;BR-393/RJ;Pista Sul;Colisão c/ obstáculos;1;0;0;0;0;0;0;0;0;0;0;1;0;0;0
06/02/2015;16:39:00;80;com vítima;155;BR-393/RJ;Pista Norte;Colisão c/ obstáculos;0;0;0;0;0;0;0;0;0;1;0;3;0;0;0
06/02/2015;16:41:00;81;sem vítima;176;BR-393/RJ;Pista Sul;Colisão com veículos (traseira);2;0;0;0;0;0;0;0;0;0;3;0;0;0;0
06/02/2015;19:38:00;91;sem vítima;284,837;BR-393/RJ;Pista Sul;Colisão com veículos (traseira);1;0;1;1;0;0;0;0;0;0;3;0;0;0;0
07/02/2015;06:12:00;23;com vítima;142;BR-393/RJ;Pista Norte;Colisão lateral no sentido contrário;2;0;0;0;0;0;0;0;0;0;0;2;0;0;0
07/02/2015;06:45:00;29;com vítima;165;BR-393/RJ;Pista Sul;Capotamento;1;0;0;0;0;0;0;0;0;0;0;1;0;0;0
07/02/2015;23:59:00;86;sem vítima;182,3;BR-393/RJ;Pista Norte;Acidentes de outra natureza;1;0;0;0;0;0;0;0;0;0;1;0;0;0;0
07/02/2015;06:14:00;24;com vítima;219,4;BR-393/RJ;Pista Sul;Atropelamento de animais;0;0;0;0;0;0;0;0;0;1;0;4;0;0;0
07/02/2015;01:08:00;3;com vítima;236,8;BR-393/RJ;Pista Sul;Atropelamento de pedestre;0;0;0;1;0;0;0;0;0;0;0;1;0;0;1
07/02/2015;20:41:00;77;com vítima;236,801;BR-393/RJ;Pista Norte;Colisão lateral no sentido contrário;1;0;0;1;0;0;0;0;0;0;1;1;0;0;0
07/02/2015;10:28:00;40;sem vítima;249,38;BR-393/RJ;Pista Norte;Acidentes de outra natureza;0;0;0;1;0;0;0;0;0;0;1;0;0;0;0
07/02/2015;21:53:00;81;com vítima;282,342;BR-393/RJ;Pista Sul;Acidentes de outra natureza;1;0;0;1;1;0;0;0;0;0;2;0;1;0;0
08/02/2015;21:01:00;84;sem vítima;133,6;BR-393/RJ;Pista Norte;Colisão c/ obstáculos;1;0;0;0;0;0;0;0;0;0;1;0;0;0;0
08/02/2015;17:55:00;62;sem vítima;155;BR-393/RJ;Pista Norte;Saídas de pista;1;0;0;0;0;0;0;0;0;0;4;0;0;0;0
09/02/2015;11:17:00;43;sem vítima;264,909;BR-393/RJ;Pista Sul;Colisão lateral no mesmo sentido;0;0;2;0;0;0;0;0;0;0;2;0;0;0;0
09/02/2015;01:33:00;6;sem vítima;281,1;BR-393/RJ;Pista Sul;Colisão c/ obstáculos;1;0;0;0;0;0;0;0;0;0;2;0;0;0;0
09/02/2015;07:03:00;22;sem vítima;281,396;BR-393/RJ;Pista Norte;Colisão lateral no mesmo sentido;1;0;0;1;0;0;0;0;0;0;2;0;0;0;0
09/02/2015;19:15:00;72;sem vítima;285,5;BR-393/RJ;Pista Norte;Colisão com veículos (traseira);2;0;0;0;0;0;0;0;0;0;2;0;0;0;0
10/02/2015;17:37:00;95;sem vítima;258,257;BR-393/RJ;Pista Sul;Colisão lateral no mesmo sentido;2;0;0;0;0;0;0;0;0;0;2;0;0;0;0
10/02/2015;16:40:00;89;sem vítima;279,9;BR-393/RJ;Pista Norte;Saídas de pista;1;0;0;0;0;0;0;0;0;0;1;0;0;0;0
11/02/2015;04:20:00;15;sem vítima;146,899;BR-393/RJ;Pista Sul;Colisão c/ obstáculos;0;0;1;0;0;0;0;0;0;0;1;0;0;0;0
11/02/2015;13:07:00;72;sem vítima;274,1;BR-393/RJ;Pista Norte;Colisão lateral no sentido contrário;1;0;1;0;0;0;0;0;0;0;2;0;0;0;0
11/02/2015;20:37:00;120;sem vítima;278,872;BR-393/RJ;Pista Norte;Colisão lateral no sentido contrário;1;0;0;1;0;0;0;0;0;0;2;0;0;0;0
12/02/2015;17:41:00;103;sem vítima;132,971;BR-393/RJ;Pista Norte;Colisão com veículos (traseira);1;0;1;0;0;0;0;0;0;0;3;0;0;0;0
12/02/2015;23:42:00;142;sem vítima;274;BR-393/RJ;Pista Sul;Colisão c/ obstáculos;0;0;1;0;0;0;0;0;0;0;1;0;0;0;0
13/02/2015;09:51:00;54;com vítima;147,345;BR-393/RJ;Pista Sul;Tombamento;0;0;1;0;0;0;0;0;0;0;0;1;0;0;0
14/02/2015;21:18:00;146;com vítima;0,6;BR-393/RJ;Pista Norte;Colisão com veículos (traseira);2;0;0;0;0;0;0;0;0;0;0;3;0;0;0
14/02/2015;11:42:00;83;sem vítima;103,9;BR-393/RJ;Pista Norte;Colisão lateral no mesmo sentido;1;0;0;1;0;0;0;0;0;0;3;0;0;0;0
14/02/2015;20:37:00;144;com vítima;164,8;BR-393/RJ;Pista Sul;Colisão c/ obstáculos;1;0;0;0;0;0;0;0;0;0;0;1;0;0;0
14/02/2015;09:47:00;68;sem vítima;279,6;BR-393/RJ;Pista Norte;Colisão lateral no sentido contrário;1;0;0;0;0;0;0;0;0;1;2;0;0;0;0
15/02/2015;20:16:00;80;sem vítima;233,6;BR-393/RJ;Pista Norte;Atropelamento de animais;1;0;0;0;0;0;0;0;0;0;2;0;0;0;0
16/02/2015;05:19:00;16;com vítima;213,286;BR-393/RJ;Pista Norte;Capotamento;1;0;0;0;0;0;0;0;0;0;0;3;1;0;0
17/02/2015;22:24:00;72;sem vítima;103;BR-393/RJ;Pista Sul;Colisão lateral no mesmo sentido;2;0;0;0;0;0;0;0;0;0;2;0;0;0;0
17/02/2015;18:27:00;53;com vítima;177,8;BR-393/RJ;Pista Sul;Engavetamento;3;0;0;0;0;0;0;0;0;0;3;2;0;0;0
18/02/2015;06:47:00;24;sem vítima;131,9;BR-393/RJ;Pista Sul;Colisão com veículos (traseira);2;0;0;0;0;0;0;0;0;0;5;0;0;0;0
18/02/2015;08:12:00;29;com vítima;254;BR-393/RJ;Pista Sul;Colisão com veículos (frontal);1;0;1;0;0;0;0;0;0;0;0;2;1;1;0
18/02/2015;08:55:00;30;com vítima;258;BR-393/RJ;Pista Sul;Capotamento;1;0;0;0;0;0;0;0;0;0;0;1;1;0;0
19/02/2015;07:43:00;30;com vítima;175;BR-393/RJ;Pista Norte;Acidentes de outra natureza;0;1;1;0;0;0;0;0;0;0;1;0;0;1;0
19/02/2015;07:48:00;32;sem vítima;284,2;BR-393/RJ;Pista Sul;Colisão com veículos (traseira);2;0;0;0;0;0;0;0;0;0;2;0;0;0;0
21/02/2015;08:37:00;26;com vítima;116,967;BR-393/RJ;Pista Sul;Colisão com veículos (traseira);0;0;0;1;0;1;0;0;0;0;1;1;0;0;0
21/02/2015;07:58:00;23;com vítima;274,098;BR-393/RJ;Pista Sul;Capotamento;1;0;0;0;0;0;0;0;0;0;0;1;0;0;0
21/02/2015;16:58:00;58;com vítima;276,601;BR-393/RJ;Pista Norte;Tombamento;0;0;1;0;0;0;0;0;0;0;0;1;0;0;0
22/02/2015;20:16:00;77;sem vítima;235,26;BR-393/RJ;Pista Norte;Colisão lateral no sentido contrário;2;0;0;0;0;0;0;0;0;0;4;0;0;0;0
22/02/2015;15:35:00;51;sem vítima;274,101;BR-393/RJ;Pista Norte;Acidentes de outra natureza;0;0;2;0;0;0;0;0;0;0;2;0;0;0;0
23/02/2015;17:26:00;77;sem vítima;236,58;BR-393/RJ;Pista Norte;Colisão lateral no sentido contrário;2;0;0;0;0;0;0;0;0;0;6;0;0;0;0
23/02/2015;08:05:00;31;com vítima;278;BR-393/RJ;Pista Sul;Acidentes de outra natureza;0;0;0;1;0;0;0;0;0;0;0;2;0;0;0
23/02/2015;07:46:00;28;sem vítima;283;BR-393/RJ;Pista Sul;Colisão com veículos (traseira);1;0;1;0;0;0;0;0;0;0;2;0;0;0;0
24/02/2015;18:27:00;103;com vítima;266,3;BR-393/RJ;Pista Norte;Acidentes de outra natureza;3;0;0;0;0;0;0;0;0;0;1;1;0;1;0
25/02/2015;18:01:00;81;com vítima;149,2;BR-393/RJ;Pista Norte;Acidentes de outra natureza;0;0;0;1;0;0;0;0;0;0;1;1;0;0;0
25/02/2015;15:12:00;60;com vítima;157,966;BR-393/RJ;Pista Norte;Capotamento;1;0;0;0;0;0;0;0;0;0;0;2;1;0;0
25/02/2015;12:58:00;46;sem vítima;227,636;BR-393/RJ;Pista Sul;Capotamento;1;0;0;0;0;0;0;0;0;0;1;0;0;0;0
25/02/2015;08:53:00;32;com vítima;246,104;BR-393/RJ;Pista Norte;Tombamento;0;0;1;0;0;0;0;0;0;0;0;0;1;0;0
25/02/2015;20:42:00;101;sem vítima;284,2;BR-393/RJ;Pista Norte;Colisão com veículos (traseira);2;0;0;0;0;0;0;0;0;0;2;0;0;0;0
26/02/2015;17:24:00;90;com vítima;243;BR-393/RJ;Pista Norte;Capotamento;1;0;0;0;0;0;0;0;0;0;0;1;0;0;0
26/02/2015;11:21:00;52;com vítima;279;BR-393/RJ;Pista Norte;Atropelamento de pedestre;1;0;0;0;0;0;0;0;0;0;1;1;0;0;0
27/02/2015;10:03:00;55;com vítima;105,213;BR-393/RJ;Pista Norte;Colisão com veículos (traseira);0;0;1;1;0;0;0;0;0;0;0;2;0;0;0
27/02/2015;08:35:00;42;sem vítima;135,792;BR-393/RJ;Pista Norte;Colisão com veículos (traseira);2;0;0;0;0;0;0;0;0;0;2;0;0;0;0
27/02/2015;07:57:00;38;com vítima;135,91;BR-393/RJ;Pista Sul;Colisão com veículos (traseira);2;0;0;0;0;0;0;0;0;0;5;1;0;0;0
27/02/2015;12:16:00;70;com vítima;247,492;BR-393/RJ;Pista Norte;Colisão com veículos (traseira);0;0;0;1;0;0;0;0;0;1;1;1;0;0;0
27/02/2015;00:14:00;2;sem vítima;270,718;BR-393/RJ;Pista Norte;Capotamento;1;0;0;0;0;0;0;0;0;0;1;0;0;0;0
27/02/2015;11:36:00;66;com vítima;284,404;BR-393/RJ;Pista Sul;Engavetamento;3;0;0;0;0;0;0;0;0;0;2;2;0;0;0
28/02/2015;08:34:00;34;com vítima;195,118;BR-393/RJ;Pista Norte;Colisão com veículos (traseira);2;0;0;0;0;0;0;0;0;0;0;4;0;0;0
02/03/2015;17:06:00;84;sem vítima;279,636;BR-393/RJ;Pista Norte;Colisão lateral no sentido contrário;1;0;1;0;0;0;0;0;0;0;2;0;0;0;0
02/03/2015;19:26:00;101;com vítima;286;BR-393/RJ;Pista Norte;Colisão com veículos (traseira);2;0;0;0;0;0;0;0;0;0;2;2;0;0;0
02/03/2015;20:40:00;111;sem vítima;286;BR-393/RJ;Pista Norte;Colisão lateral no mesmo sentido;1;0;1;0;0;0;0;0;0;0;2;0;0;0;0
03/03/2015;17:40:00;82;sem vítima;278,8;BR-393/RJ;Pista Norte;Engavetamento;0;0;3;0;0;0;0;0;0;0;4;0;0;0;0
03/03/2015;09:48:00;38;sem vítima;285,579;BR-393/RJ;Pista Sul;Colisão lateral no mesmo sentido;1;0;1;0;0;0;0;0;0;0;2;0;0;0;0
04/03/2015;06:19:00;31;com vítima;131,6;BR-393/RJ;Pista Sul;Acidentes de outra natureza;0;0;1;0;0;0;0;0;0;0;0;1;0;0;0
04/03/2015;09:58:00;53;com vítima;201,259;BR-393/RJ;Pista Norte;Colisão com veículos (traseira);1;0;1;0;0;0;0;0;0;0;0;2;0;0;0
04/03/2015;10:23:00;54;com vítima;279,052;BR-393/RJ;Pista Sul;Colisão lateral no sentido contrário;0;0;0;2;0;0;0;0;0;0;0;2;0;0;0
04/03/2015;11:21:00;58;com vítima;284,2;BR-393/RJ;Pista Sul;Acidentes de outra natureza;3;0;0;0;0;0;0;0;0;1;3;1;0;0;0
06/03/2015;12:23:00;58;sem vítima;113;BR-393/RJ;Pista Norte;Colisão lateral no sentido contrário;0;0;2;0;0;0;0;0;0;0;2;0;0;0;0
06/03/2015;20:00:00;104;com vítima;192;BR-393/RJ;Pista Norte;Colisão lateral no sentido contrário;2;0;0;0;0;0;0;0;0;0;0;1;1;0;0
06/03/2015;00:23:00;5;com vítima;285,9;BR-393/RJ;Pista Norte;Colisão lateral no sentido contrário;1;0;0;1;0;0;0;0;0;0;1;0;0;1;0
07/03/2015;09:55:00;45;com vítima;147,2;BR-393/RJ;Pista Norte;Tombamento;0;0;1;0;0;0;0;0;0;0;0;1;0;0;0
07/03/2015;04:13:00;22;sem vítima;246;BR-393/RJ;Pista Norte;Saídas de pista;1;0;0;0;0;0;0;0;0;0;1;0;0;0;0
07/03/2015;12:20:00;49;sem vítima;285;BR-393/RJ;Pista Sul;Colisão lateral no mesmo sentido;1;0;1;0;0;0;0;0;0;0;2;0;0;0;0
08/03/2015;17:15:00;63;com vítima;157,9;BR-393/RJ;Pista Norte;Colisão c/ obstáculos;1;0;0;0;0;0;0;0;0;0;0;1;0;0;0
08/03/2015;15:29:00;54;com vítima;169,5;BR-393/RJ;Pista Sul;Saídas de pista;1;0;0;0;0;0;0;0;0;0;0;1;0;0;0
08/03/2015;19:59:00;73;sem vítima;244;BR-393/RJ;Pista Sul;Atropelamento de animais;0;0;1;0;0;0;0;0;0;0;1;0;0;0;0
08/03/2015;19:44:00;70;sem vítima;256;BR-393/RJ;Pista Norte;Saídas de pista;1;0;0;0;0;0;0;0;0;0;1;0;0;0;0
09/03/2015;17:18:00;53;sem vítima;102,707;BR-393/RJ;Pista Norte;Colisão lateral no sentido contrário;1;0;1;0;0;0;0;0;0;0;2;0;0;0;0
09/03/2015;13:17:00;41;sem vítima;153,22;BR-393/RJ;Pista Sul;Acidentes de outra natureza;0;0;0;1;0;0;0;0;0;0;1;0;0;0;0
09/03/2015;05:22:00;22;sem vítima;195;BR-393/RJ;Pista Sul;Colisão com veículos (traseira);0;0;1;0;0;0;0;0;0;1;3;0;0;0;0
10/03/2015;21:07:00;98;com vítima;102,69;BR-393/RJ;Pista Sul;Acidentes de outra natureza;0;0;0;1;0;0;0;0;0;0;0;1;1;0;0
10/03/2015;06:29:00;17;sem vítima;157;BR-393/RJ;Pista Norte;Colisão c/ obstáculos;1;0;0;0;0;0;0;0;0;0;1;0;0;0;0
10/03/2015;11:22:00;44;com vítima;255;BR-393/RJ;Pista Norte;Colisão lateral no sentido contrário;1;0;1;0;0;0;0;0;0;0;1;1;0;0;0
11/03/2015;19:55:00;96;sem vítima;255;BR-393/RJ;Pista Sul;Colisão lateral no sentido contrário;1;0;0;0;1;0;0;0;0;0;3;0;0;0;0
12/03/2015;12:58:00;52;sem vítima;107;BR-393/RJ;Pista Sul;Colisão com veículos (traseira);2;0;0;0;0;0;0;0;0;0;2;0;0;0;0
12/03/2015;10:59:00;47;com vítima;124;BR-393/RJ;Pista Norte;Tombamento;0;0;1;0;0;0;0;0;0;0;0;1;0;0;0
12/03/2015;02:24:00;15;com vítima;195;BR-393/RJ;Pista Norte;Acidentes de outra natureza;1;0;1;0;0;0;0;0;0;0;2;2;0;0;0