data;horario;n_da_ocorrencia;tipo_de_ocorrencia;km;trecho;sentido;tipo_de_acidente;automovel;bicicleta;caminhao;moto;onibus;outros;tracao_animal;transporte_de_cargas_especiais;trator_maquinas;utilitarios;ilesos;levemente_feridos;moderadamente_feridos;gravemente_feridos;mortos
23/05/2015;06:28:00;27;sem vítima;258,229;BR-393/RJ;Pista Norte;Colisão c/ obstáculos;2;0;0;0;0;0;0;0;0;0;2;0;0;0;0
23/05/2015;10:50:00;36;sem vítima;285,119;BR-393/RJ;Pista Norte;Colisão c/ obstáculos;1;0;0;0;0;0;0;0;0;0;1;0;0;0;0
23/05/2015;21:22:00;54;sem vítima;285,9;BR-393/RJ;Pista Norte;Colisão com veículos (traseira);1;0;0;1;0;0;0;0;0;0;4;0;0;0;0
24/05/2015;02:23:00;4;com vítima;105,383;BR-393/RJ;Pista Sul;Capotamento;1;0;0;0;0;0;0;0;0;0;0;0;0;1;0
24/05/2015;19:44:00;35;com vítima;158;BR-393/RJ;Pista Norte;Acidentes de outra natureza;0;0;0;1;0;0;0;0;0;0;0;2;0;0;0
24/05/2015;05:43:00;7;com vítima;177,53;BR-393/RJ;Pista Sul;Colisão c/ obstáculos;1;0;0;0;0;0;0;0;0;0;0;1;0;0;0
25/05/2015;19:56:00;86;sem vítima;123,138;BR-393/RJ;Pista Sul;Tombamento;0;0;1;0;0;0;0;0;0;0;1;0;0;0;0
26/05/2015;00:22:00;1;com vítima;254,2;BR-393/RJ;Pista Sul;Acidentes de outra natureza;0;0;0;1;0;0;0;0;0;0;0;1;0;0;0
26/05/2015;20:22:00;95;com vítima;255,5;BR-393/RJ;Pista Sul;Acidentes de outra natureza;0;0;0;1;0;0;0;0;0;0;0;1;0;0;0
26/05/2015;12:36:00;52;sem vítima;265;BR-393/RJ;Pista Sul;Colisão com veículos (traseira);0;0;2;0;0;0;0;0;0;0;2;0;0;0;0
26/05/2015;18:18:00;82;com vítima;280,814;BR-393/RJ;Pista Sul;Colisão lateral no sentido contrário;1;0;0;1;0;0;0;0;0;0;1;1;0;0;0
27/05/2015;08:01:00;32;sem vítima;175,765;BR-393/RJ;Pista Norte;Engavetamento;3;0;0;0;0;0;0;0;0;0;3;0;0;0;0
27/05/2015;18:10:00;73;com vítima;279,1;BR-393/RJ;Pista Norte;Atropelamento de pedestre;1;1;0;0;0;0;0;0;0;0;1;1;0;0;0
27/05/2015;07:57:00;31;sem vítima;285,502;BR-393/RJ;Pista Sul;Colisão lateral no sentido contrário;1;0;1;0;0;0;0;0;0;0;2;0;0;0;0
29/05/2015;05:23:00;15;com vítima;138,626;BR-393/RJ;Pista Norte;Colisão com veículos (frontal);2;0;0;1;0;0;0;0;0;0;0;6;2;0;0
29/05/2015;06:39:00;18;com vítima;177,75;BR-393/RJ;Pista Sul;Colisão com veículos (frontal);1;0;1;0;0;0;0;0;0;0;1;1;0;0;0
29/05/2015;06:43:00;19;com vítima;177,8;BR-393/RJ;Pista Norte;Colisão lateral no mesmo sentido;1;0;0;1;0;0;0;0;0;0;1;0;0;1;0
29/05/2015;07:30:00;21;com vítima;181;BR-393/RJ;Pista Norte;Colisão com veículos (frontal);2;0;0;0;0;0;0;0;0;0;0;4;1;0;0
29/05/2015;07:25:00;20;com vítima;238,6;BR-393/RJ;Pista Norte;Colisão lateral no sentido contrário;1;0;1;0;0;0;0;0;0;0;1;0;0;1;0
30/05/2015;10:39:00;39;sem vítima;140,513;BR-393/RJ;Pista Norte;Atropelamento de animais;0;0;0;0;1;0;0;0;0;0;14;0;0;0;0
30/05/2015;07:52:00;22;sem vítima;195;BR-393/RJ;Pista Norte;Colisão com veículos (traseira);2;0;0;0;0;0;0;0;0;0;2;0;0;0;0
31/05/2015;07:08:00;29;com vítima;182,234;BR-393/RJ;Pista Norte;Colisão c/ obstáculos;0;0;1;0;0;0;0;0;0;0;0;1;0;0;0
31/05/2015;18:09:00;55;com vítima;223,165;BR-393/RJ;Pista Norte;Acidentes de outra natureza;0;0;0;1;0;0;0;0;0;0;0;1;1;0;0
31/05/2015;17:58:00;54;sem vítima;256;BR-393/RJ;Pista Sul;Saídas de pista;1;0;0;0;0;0;0;0;0;0;1;0;0;0;0
31/05/2015;17:54:00;53;sem vítima;265;BR-393/RJ;Pista Sul;Engavetamento;2;0;0;1;0;0;0;0;0;0;3;0;0;0;0
31/05/2015;16:16:00;45;com vítima;268,366;BR-393/RJ;Pista Sul;Colisão lateral no sentido contrário;2;0;0;0;0;0;0;0;0;0;1;4;0;0;0
01/06/2015;15:14:00;44;com vítima;182,396;BR-393/RJ;Pista Norte;Colisão lateral no mesmo sentido;2;;;;;;;;;;0;3;;;
01/06/2015;01:39:00;2;sem vítima;282,919;BR-393/RJ;Pista Norte;Saídas de pista;1;;;;;;;;;;1;;;;
02/06/2015;09:11:00;30;com vítima;239;BR-393/RJ;Pista Sul;Colisão com veículos (traseira);2;;;;;;;;;;2;1;;;
02/06/2015;09:02:00;28;sem vítima;286,4;BR-393/RJ;Pista Norte;Colisão com veículos (traseira);1;;;;1;;;;;;3;;;;
03/06/2015;07:22:00;42;com vítima;238;BR-393/RJ;Pista Norte;Colisão lateral no sentido contrário;2;;;;;;;;;;0;4;;;
03/06/2015;15:54:00;90;sem vítima;283,2;BR-393/RJ;Pista Sul;Colisão lateral no sentido contrário;2;;;;;;;;;;2;;;;
04/06/2015;19:14:00;76;com vítima;285,9;BR-393/RJ;Pista Norte;Colisão lateral no sentido contrário;1;;;1;;;;;;;1;1;;;
05/06/2015;17:47:00;51;com vítima;215,9;BR-393/RJ;Pista Norte;Saídas de pista;1;;;;;;;;;;0;;1;;
06/06/2015;21:23:00;89;sem vítima;102,8;BR-393/RJ;Pista Sul;Colisão lateral no mesmo sentido;2;;;;;;;;;;3;;;;
06/06/2015;05:23:00;24;sem vítima;135,9;BR-393/RJ;Pista Norte;Colisão com veículos (traseira);1;;;;;;;;;1;2;;;;
07/06/2015;11:30:00;38;com vítima;281;BR-393/RJ;Pista Norte;Colisão com veículos (traseira);2;;;;;;;;;;2;1;;;
07/06/2015;18:55:00;73;com vítima;281,929;BR-393/RJ;Pista Sul;Colisão com veículos (traseira);2;;;;;;;;;;5;2;;;
07/06/2015;14:43:00;55;sem vítima;283;BR-393/RJ;Pista Norte;Colisão com veículos (traseira);2;;;;;;;;;;2;;;;
08/06/2015;09:47:00;35;com vítima;105,429;BR-393/RJ;Pista Norte;Atropelamento de pedestre;;1;1;;;;;;;;1;1;;;
08/06/2015;07:48:00;23;com vítima;284,512;BR-393/RJ;Pista Sul;Colisão com veículos (traseira);2;;;;;;;;;;1;1;;;
08/06/2015;22:14:00;77;com vítima;286;BR-393/RJ;Pista Norte;Colisão lateral no sentido contrário;1;;;1;;;;;;;1;1;;;
09/06/2015;16:32:00;75;com vítima;175,663;BR-393/RJ;Pista Norte;Atropelamento de pedestre;1;1;;;;;;;;;1;1;;;
09/06/2015;21:16:00;95;sem vítima;265,2;BR-393/RJ;Pista Norte;Colisão com veículos (traseira);2;;;;;;;;;;2;;;;
10/06/2015;11:20:00;58;sem vítima;182,328;BR-393/RJ;Pista Sul;Colisão com veículos (traseira);;;2;;;;;;;;4;;;;
10/06/2015;21:15:00;108;sem vítima;214,731;BR-393/RJ;Pista Sul;Saídas de pista;;;1;;;;;;;;1;;;;
10/06/2015;10:55:00;54;com vítima;255;BR-393/RJ;Pista Norte;Colisão lateral no sentido contrário;;;1;1;;;;;;;1;1;;;
10/06/2015;18:15:00;99;sem vítima;268,145;BR-393/RJ;Pista Sul;Saídas de pista;1;;;;;;;;;;1;;;;
10/06/2015;19:14:00;103;com vítima;278,08;BR-393/RJ;Pista Sul;Atropelamento de pedestre;;1;1;;;;;;;;1;;;1;
10/06/2015;12:41:00;61;sem vítima;286;BR-393/RJ;Pista Sul;Engavetamento;4;;;;;;;;;;4;;;;
11/06/2015;01:11:00;10;com vítima;117,154;BR-393/RJ;Pista Sul;Colisão lateral no sentido contrário;2;;1;;;;;;;;4;3;2;;
11/06/2015;04:17:00;15;sem vítima;229,962;BR-393/RJ;Pista Norte;Saídas de pista;;;1;;;;;;;;2;;;;
11/06/2015;10:32:00;41;sem vítima;252,464;BR-393/RJ;Pista Sul;Colisão lateral no sentido contrário;1;;;1;;;;;;;2;;;;
11/06/2015;22:04:00;95;sem vítima;284,25;BR-393/RJ;Pista Norte;Colisão lateral no mesmo sentido;1;;;;1;;;;;;2;;;;
11/06/2015;11:43:00;50;sem vítima;285;BR-393/RJ;Pista Norte;Engavetamento;3;;;;;;;;;;3;;;;
12/06/2015;13:32:00;60;com vítima;177,183;BR-393/RJ;Pista Norte;Colisão com veículos (traseira);2;;;;;;;;;;0;4;;;
12/06/2015;08:01:00;33;com vítima;177,852;BR-393/RJ;Pista Norte;Engavetamento;3;;;;;;;;;;0;5;;;
12/06/2015;17:14:00;71;com vítima;199,1;BR-393/RJ;Pista Norte;Colisão c/ obstáculos;1;;;;;;;;;;3;2;;;
12/06/2015;06:32:00;30;com vítima;217,642;BR-393/RJ;Pista Norte;Colisão c/ obstáculos;1;;;;;;;;;;0;1;;;
12/06/2015;02:01:00;8;sem vítima;255,5;BR-393/RJ;Pista Sul;Colisão com veículos (traseira);;;2;;;;;;;;2;;;;
13/06/2015;07:48:00;26;com vítima;108,34;BR-393/RJ;Pista Norte;Colisão com veículos (traseira);2;;;;;;;;;;2;2;;;
13/06/2015;17:51:00;57;com vítima;193;BR-393/RJ;Pista Norte;Saídas de pista;1;;;;;;;;;;0;2;;;
14/06/2015;16:24:00;52;com vítima;117,534;BR-393/RJ;Pista Norte;Tombamento;;;1;;;;;;;;0;;1;;
14/06/2015;12:42:00;37;com vítima;169;BR-393/RJ;Pista Sul;Colisão com veículos (traseira);1;;;1;;;;;;;0;2;;;
15/06/2015;13:18:00;86;com vítima;285;BR-393/RJ;Pista Sul;Colisão lateral no sentido contrário;1;;;1;;;;;;;1;2;;;
16/06/2015;08:50:00;26;com vítima;133,938;BR-393/RJ;Pista Norte;Colisão com veículos (traseira);1;;1;;;;;;;;1;3;;;
17/06/2015;18:27:00;57;sem vítima;175;BR-393/RJ;Pista Sul;Colisão lateral no mesmo sentido;2;;;;;;;;;;2;;;;
17/06/2015;19:33:00;62;com vítima;278;BR-393/RJ;Pista Sul;Colisão lateral no sentido contrário;1;;;1;;;;;;;1;1;;;
18/06/2015;07:43:00;16;com vítima;175,438;BR-393/RJ;Pista Sul;Capotamento;1;;;;;;;;;;0;1;;;
19/06/2015;06:36:00;38;sem vítima;192;BR-393/RJ;Pista Norte;Saídas de pista;1;;;;;;;;;;4;;;;
19/06/2015;07:08:00;40;sem vítima;272;BR-393/RJ;Pista Sul;Saídas de pista;1;;;;;;;;;;1;;;;
19/06/2015;15:21:00;102;sem vítima;279,4;BR-393/RJ;Pista Sul;Colisão com veículos (traseira);2;;;;;;;;;;3;;;;
20/06/2015;09:03:00;32;com vítima;167,868;BR-393/RJ;Pista Sul;Engavetamento;3;;;;;;;;;;3;2;;;
20/06/2015;12:36:00;50;com vítima;217,881;BR-393/RJ;Pista Sul;Tombamento;;;1;;;;;;;;0;1;;;
21/06/2015;04:26:00;13;com vítima;281,387;BR-393/RJ;Pista Sul;Acidentes de outra natureza;;;;1;;;;;;;0;;1;;
22/06/2015;22:37:00;108;sem vítima;159;BR-393/RJ;Pista Norte;Colisão lateral no mesmo sentido;1;;1;;;;;;;;3;;;;
22/06/2015;13:46:00;60;com vítima;235;BR-393/RJ;Pista Norte;Colisão lateral no sentido contrário;1;;;1;;;;;;;1;1;;;
23/06/2015;12:15:00;56;sem vítima;136,15;BR-393/RJ;Pista Norte;Colisão com veículos (traseira);1;;1;;;;;;;;4;;;;
24/06/2015;14:49:00;61;com vítima;147,2;BR-393/RJ;Pista Sul;Saídas de pista;1;;;;;;;;;;0;2;;;
25/06/2015;18:15:00;71;sem vítima;176;BR-393/RJ;Pista Sul;Colisão com veículos (traseira);;;1;;1;;;;;;4;;;;
25/06/2015;19:15:00;76;sem vítima;285;BR-393/RJ;Pista Norte;Colisão com veículos (traseira);2;;;;;;;;;;2;;;;
25/06/2015;17:55:00;69;sem vítima;286;BR-393/RJ;Pista Norte;Engavetamento;3;;;;;;;;;;3;;;;
27/06/2015;23:46:00;89;sem vítima;218;BR-393/RJ;Pista Norte;Saídas de pista;1;;;;;;;;;;1;;;;
27/06/2015;04:41:00;23;sem vítima;239,514;BR-393/RJ;Pista Norte;Capotamento;1;;;;;;;;;;1;;;;
27/06/2015;14:25:00;62;com vítima;252,419;BR-393/RJ;Pista Sul;Colisão lateral no sentido contrário;1;;;;1;;;;;;2;3;;;
27/06/2015;23:39:00;87;sem vítima;254;BR-393/RJ;Pista Sul;Saídas de pista;1;;;;;;;;;;1;;;;
28/06/2015;20:27:00;59;sem vítima;202;BR-393/RJ;Pista Norte;Colisão com veículos (traseira);1;;;;1;;;;;;53;;;;
28/06/2015;22:37:00;61;com vítima;238;BR-393/RJ;Pista Sul;Colisão lateral no mesmo sentido;2;;;;;;;;;;0;5;;;
29/06/2015;19:02:00;101;sem vítima;175,5;BR-393/RJ;Pista Sul;Colisão com veículos (traseira);2;;;;;;;;;;2;;;;
30/06/2015;10:57:00;40;com vítima;180,813;BR-393/RJ;Pista Sul;Engavetamento;1;;1;;;;;;;1;2;2;;;
30/06/2015;18:59:00;83;sem vítima;256;BR-393/RJ;Pista Norte;Saídas de pista;1;;;;;;;;;;1;;;;
01/07/2015;10:26:00;50;com vítima;104,035;BR-393/RJ;Pista Sul;Colisão com veículos (traseira);1;;;1;;;;;;;1;1;;;
01/07/2015;23:35:00;123;sem vítima;133,9;BR-393/RJ;Pista Sul;Colisão lateral no mesmo sentido;1;;1;;;;;;;;5;;;;
03/07/2015;12:28:00;35;sem vítima;227,803;BR-393/RJ;Pista Sul;Tombamento;;;1;;;;;;;;1;;;;
03/07/2015;13:16:00;36;sem vítima;243,453;BR-393/RJ;Pista Sul;Saídas de pista;1;;;;;;;;;;1;;;;
03/07/2015;15:45:00;48;com vítima;283,585;BR-393/RJ;Pista Sul;Colisão com veículos (traseira);2;;;;;;;;;;1;1;;;
04/07/2015;10:31:00;39;sem vítima;279,311;BR-393/RJ;Pista Norte;Colisão com veículos (traseira);1;;;;;;;;;1;2;;;;
04/07/2015;12:32:00;47;com vítima;279,646;BR-393/RJ;Pista Sul;Colisão lateral no mesmo sentido;1;;;1;;;;;;;1;1;;;
05/07/2015;19:38:00;83;com vítima;134,14;BR-393/RJ;Pista Norte;Colisão com veículos (traseira);1;;;;;;;;;1;1;1;;;
05/07/2015;19:56:00;85;com vítima;212,417;BR-393/RJ;Pista Norte;Atropelamento de animais;;;;;;;;;;1;0;2;;;
06/07/2015;16:27:00;84;com vítima;102;BR-393/RJ;Pista Sul;Atropelamento de pedestre;1;;;;;;;;;;1;;;1;
07/07/2015;01:06:00;9;sem vítima;113;BR-393/RJ;Pista Norte;Atropelamento de animais;;;;;1;;;;;;1;;;;
08/07/2015;06:21:00;15;com vítima;105,959;BR-393/RJ;Pista Sul;Colisão com veículos (frontal);2;;;;;;;;;;1;1;1;;
08/07/2015;18:32:00;91;com vítima;155,563;BR-393/RJ;Pista Norte;Colisão com veículos (traseira);2;;;;;;;;;;2;1;;;
08/07/2015;20:28:00;97;sem vítima;232,354;BR-393/RJ;Pista Norte;Colisão lateral no mesmo sentido;2;;;;;;;;;;3;;;;
08/07/2015;07:48:00;24;sem vítima;265,104;BR-393/RJ;Pista Sul;Colisão com veículos (traseira);1;;1;;;;;;;;2;;;;
08/07/2015;11:36:00;56;com vítima;281,29;BR-393/RJ;Pista Norte;Atropelamento de pedestre;1;1;;;;;;;;;1;1;;;
08/07/2015;07:07:00;22;sem vítima;284,606;BR-393/RJ;Pista Sul;Colisão lateral no mesmo sentido;1;;1;;;;;;;;2;;;;
10/07/2015;15:26:00;48;com vítima;124,446;BR-393/RJ;Pista Norte;Tombamento;;;1;;;;;;;;0;;1;;
10/07/2015;11:24:00;31;sem vítima;283,468;BR-393/RJ;Pista Sul;Colisão com veículos (traseira);2;;;;;;;;;;3;;;;
11/07/2015;07:04:00;16;com vítima;162;BR-393/RJ;Pista Norte;Saídas de pista;1;;;;;;;;;;0;;3;;
11/07/2015;06:27:00;13;com vítima;164,697;BR-393/RJ;Pista Norte;Tombamento;;;1;;;;;;;;1;2;;;
11/07/2015;02:01:00;10;sem vítima;175,5;BR-393/RJ;Pista Norte;Saídas de pista;1;;;;;;;;;;1;;;;
11/07/2015;10:12:00;22;sem vítima;178;BR-393/RJ;Pista Sul;Colisão com veículos (traseira);2;;;;;;;;;;3;;;;
11/07/2015;11:31:00;25;com vítima;282,718;BR-393/RJ;Pista Norte;Engavetamento;3;;;;;;;;;;2;2;;;
12/07/2015;03:18:00;17;com vítima;239,4;BR-393/RJ;Pista Norte;Capotamento;1;;;;;;;;;;0;1;;;
12/07/2015;13:46:00;49;sem vítima;282,809;BR-393/RJ;Pista Sul;Colisão com veículos (traseira);2;;;;;;;;;;2;;;;
14/07/2015;08:10:00;20;com vítima;146,422;BR-393/RJ;Pista Sul;Colisão c/ obstáculos;;;1;;;;;;;;0;;;;1
14/07/2015;12:58:00;37;sem vítima;284,905;BR-393/RJ;Pista Norte;Colisão com veículos (traseira);1;;1;;;;;;;;2;;;;
15/07/2015;07:31:00;24;com vítima;124,868;BR-393/RJ;Pista Norte;Colisão c/ obstáculos;;;1;;;;;;;;0;1;;;
15/07/2015;02:10:00;13;sem vítima;253,4;BR-393/RJ;Pista Norte;Atropelamento de animais;;;1;;;;;;;;1;;;;
16/07/2015;10:25:00;38;com vítima;218,264;BR-393/RJ;Pista Norte;Saídas de pista;3;;;;;;;;;;0;4;1;1;2
16/07/2015;10:44:00;39;sem vítima;256,2;BR-393/RJ;Pista Norte;Colisão c/ obstáculos;1;;;;;;;;;;1;;;;
17/07/2015;07:03:00;38;com vítima;114,866;BR-393/RJ;Pista Norte;Tombamento;;;1;;;;;;;;0;2;;;
18/07/2015;06:42:00;38;com vítima;152,08;BR-393/RJ;Pista Sul;Tombamento;;;1;;;;;;;;0;1;;;
18/07/2015;16:04:00;66;sem vítima;238,377;BR-393/RJ;Pista Norte;Colisão com veículos (traseira);2;;;;;;;;;;2;;;;
19/07/2015;13:31:00;36;com vítima;167,68;BR-393/RJ;Pista Sul;Colisão com veículos (frontal);2;;;;;;;;;;1;3;;;
20/07/2015;18:50:00;114;com vítima;205,15;BR-393/RJ;Pista Sul;Acidentes de outra natureza;;;;2;;;;;;;0;2;;;
20/07/2015;12:03:00;64;sem vítima;252,416;BR-393/RJ;Pista Sul;Colisão lateral no sentido contrário;2;;;;;;;;;;2;;;;
22/07/2015;09:43:00;34;com vítima;238,613;BR-393/RJ;Pista Norte;Colisão lateral no mesmo sentido;2;;;;;;;;;;2;3;;;
22/07/2015;10:06:00;37;sem vítima;285,62;BR-393/RJ;Pista Norte;Colisão lateral no mesmo sentido;1;;;;1;;;;;;2;;;;
23/07/2015;18:11:00;66;sem vítima;229,5;BR-393/RJ;Pista Norte;Colisão c/ obstáculos;1;;;;;;;;;;5;;;;
24/07/2015;09:33:00;33;com vítima;265;BR-393/RJ;Pista Sul;Colisão lateral no mesmo sentido;1;;1;;;;;;;;2;1;;;
25/07/2015;11:48:00;42;com vítima;167,479;BR-393/RJ;Pista Sul;Colisão com veículos (traseira);1;;;1;;;;;;;1;1;;;
25/07/2015;08:24:00;26;sem vítima;266,087;BR-393/RJ;Pista Norte;Colisão lateral no sentido contrário;2;;;;;;;;;;2;;;;
25/07/2015;21:34:00;95;com vítima;278,863;BR-393/RJ;Pista Sul;Colisão com veículos (traseira);2;;;;;;;;;;1;1;;;
26/07/2015;06:48:00;14;sem vítima;275,409;BR-393/RJ;Pista Sul;Colisão com veículos (frontal);2;;;;;;;;;;3;;;;
27/07/2015;19:24:00;74;sem vítima;172;BR-393/RJ;Pista Norte;Acidentes de outra natureza;;;;1;;;;;;;1;;;;
27/07/2015;05:23:00;10;com vítima;203,31;BR-393/RJ;Pista Sul;Atropelamento de animais;1;;;;;;;;;;0;;1;;
28/07/2015;09:38:00;35;com vítima;125,396;BR-393/RJ;Pista Norte;Colisão lateral no mesmo sentido;2;;;;;;;;;;5;2;;;
28/07/2015;20:50:00;136;com vítima;283,428;BR-393/RJ;Pista Norte;Acidentes de outra natureza;;;;1;;;;;;;0;1;;;
29/07/2015;12:11:00;92;com vítima;169,09;BR-393/RJ;Pista Sul;Colisão lateral no sentido contrário;;;1;1;;;;;;;1;;;1;
29/07/2015;12:37:00;96;sem vítima;282,906;BR-393/RJ;Pista Sul;Engavetamento;3;;;;1;;;;;;4;;;;
30/07/2015;18:59:00;81;com vítima;237,8;BR-393/RJ;Pista Norte;Colisão lateral no mesmo sentido;;;;1;;;;;;1;2;;;1;
31/07/2015;08:53:00;30;sem vítima;239,62;BR-393/RJ;Pista Sul;Engavetamento;4;;;;;;;;;;8;;;;
03/08/2015;16:19:00;60;com vítima;155,477;BR-393/RJ;Pista Norte;Tombamento;;;1;;;;;;;;1;1;;;
03/08/2015;18:39:00;69;sem vítima;156;BR-393/RJ;Pista Norte;Acidentes de outra natureza;;;;1;;;;;;;1;;;;
03/08/2015;08:24:00;23;com vítima;178,348;BR-393/RJ;Pista Norte;Colisão com veículos (traseira);2;;;;;;;;;;1;2;;;
03/08/2015;16:13:00;59;com vítima;204,832;BR-393/RJ;Pista Sul;Colisão c/ obstáculos;;;1;;;;;;;;0;;1;;
03/08/2015;09:22:00;27;sem vítima;285,553;BR-393/RJ;Pista Sul;Colisão lateral no mesmo sentido;1;;1;;;;;;;;2;;;;
04/08/2015;09:40:00;26;sem vítima;178,3;BR-393/RJ;Pista Norte;Colisão com veículos (traseira);1;;1;;;;;;;;2;;;;
04/08/2015;09:47:00;27;com vítima;255;BR-393/RJ;Pista Norte;Colisão lateral no mesmo sentido;1;;;1;;;;;;;1;1;;;
05/08/2015;07:00:00;18;com vítima;168;BR-393/RJ;Pista Norte;Colisão c/ obstáculos;1;;;;;;;;;;0;1;;;
05/08/2015;07:05:00;19;sem vítima;234,707;BR-393/RJ;Pista Sul;Colisão lateral no sentido contrário;2;;;;;;;;;;2;;;;
06/08/2015;09:13:00;40;sem vítima;285,473;BR-393/RJ;Pista Sul;Colisão lateral no mesmo sentido;1;;1;;;;;;;;2;;;;
07/08/2015;07:38:00;25;com vítima;147,181;BR-393/RJ;Pista Norte;Tombamento;;;1;;;;;;;;0;;;1;
07/08/2015;02:30:00;7;sem vítima;173,455;BR-393/RJ;Pista Sul;Colisão c/ obstáculos;;;1;;;;;;;;3;;;;
07/08/2015;18:32:00;46;com vítima;219,1;BR-393/RJ;Pista Sul;Saídas de pista;1;;;;;;;;;;0;2;;;
07/08/2015;15:23:00;37;com vítima;234,5;BR-393/RJ;Pista Norte;Colisão com veículos (traseira);2;;;;;;;;;;1;1;;;
08/08/2015;00:01:00;1;com vítima;103,8;BR-393/RJ;Pista Norte;Acidentes de outra natureza;;;;1;;;;;;;0;1;;;
08/08/2015;08:07:00;25;com vítima;165;BR-393/RJ;Pista Norte;Colisão com veículos (frontal);;;2;;;;;;;;0;3;;;
08/08/2015;22:41:00;73;com vítima;167,4;BR-393/RJ;Pista Norte;Acidentes de outra natureza;;;;1;;;;;;;0;1;;;
09/08/2015;07:43:00;22;com vítima;182;BR-393/RJ;Pista Norte;Acidentes de outra natureza;;;;1;;;;;;;0;1;;;
09/08/2015;21:35:00;96;com vítima;280,5;BR-393/RJ;Pista Sul;Atropelamento de pedestre;1;;;;;;;;;;1;;;1;
10/08/2015;19:16:00;84;sem vítima;132;BR-393/RJ;Pista Sul;Colisão com veículos (traseira);2;;;;;;;;;;2;;;;
10/08/2015;22:55:00;94;com vítima;147,22;BR-393/RJ;Pista Sul;Tombamento;;;1;;;;;;;;0;1;;;
10/08/2015;23:04:00;96;com vítima;154;BR-393/RJ;Pista Sul;Acidentes de outra natureza;;;;1;;;;;;;0;1;;;
10/08/2015;12:37:00;50;sem vítima;178;BR-393/RJ;Pista Sul;Colisão c/ obstáculos;;;1;;;;;;;;1;;;;
10/08/2015;19:02:00;82;com vítima;242,05;BR-393/RJ;Pista Sul;Acidentes de outra natureza;;;;1;;;;;;;0;1;;;
11/08/2015;18:16:00;50;com vítima;174,8;BR-393/RJ;Pista Norte;Atropelamento de pedestre;1;1;;;;;;;;;1;1;;;
11/08/2015;06:58:00;10;sem vítima;240,853;BR-393/RJ;Pista Norte;Atropelamento de animais;1;;;;;;;;;;1;;;;
11/08/2015;10:49:00;25;com vítima;258,066;BR-393/RJ;Pista Norte;Tombamento;;;1;;;;;;;;0;1;;;
13/08/2015;22:55:00;133;com vítima;201,368;BR-393/RJ;Pista Norte;Tombamento;;;1;;;;;;;;0;1;;;
13/08/2015;22:38:00;128;sem vítima;280;BR-393/RJ;Pista Norte;Colisão com veículos (traseira);;;1;;;;;;;1;2;;;;
14/08/2015;10:59:00;51;com vítima;171,477;BR-393/RJ;Pista Sul;Colisão lateral no sentido contrário;1;;1;;;;;;;;1;1;;;
14/08/2015;18:15:00;93;com vítima;193,175;BR-393/RJ;Pista Sul;Atropelamento de pedestre;;;1;;;;;;;;0;1;;;1
14/08/2015;18:39:00;97;sem vítima;285,115;BR-393/RJ;Pista Norte;Colisão com veículos (traseira);2;;;;;;;;;;2;;;;
15/08/2015;05:42:00;40;sem vítima;243,195;BR-393/RJ;Pista Norte;Objeto lançado contra veículo;;;1;;1;;;;;;30;;;;
15/08/2015;19:39:00;111;sem vítima;248,1;BR-393/RJ;Pista Sul;Saídas de pista;1;;;;;;;;;;1;;;;
15/08/2015;18:53:00;106;sem vítima;282,3;BR-393/RJ;Pista Norte;Colisão com veículos (traseira);2;;;;;;;;;;2;;;;
16/08/2015;22:04:00;64;sem vítima;168;BR-393/RJ;Pista Norte;Colisão com veículos (traseira);2;;;;;;;;;;3;;;;
17/08/2015;10:38:00;47;com vítima;261,191;BR-393/RJ;Pista Sul;Colisão c/ obstáculos;1;;;;;;;;;;0;;1;;
17/08/2015;00:49:00;9;com vítima;282,128;BR-393/RJ;Pista Norte;Acidentes de outra natureza;;;;1;;;;;;;1;1;;;