data;horario;n_da_ocorrencia;tipo_de_ocorrencia;km;trecho;sentido;tipo_de_acidente;automovel;bicicleta;caminhao;moto;onibus;outros;tracao_animal;transporte_de_cargas_especiais;trator_maquinas;utilitarios;ilesos;levemente_feridos;moderadamente_feridos;gravemente_feridos;mortos
17/08/2015;12:17:00;54;sem vítima;285;BR-393/RJ;Pista Sul;Colisão com veículos (traseira);1;;1;;;;;;;;2;;;;
18/08/2015;01:14:00;7;sem vítima;239,445;BR-393/RJ;Pista Norte;Acidentes de outra natureza;1;;;;;;;;;;2;;;;
18/08/2015;14:25:00;54;com vítima;268;BR-393/RJ;Pista Norte;Colisão lateral no sentido contrário;1;;;1;;;;;;;2;2;;;
19/08/2015;11:11:00;58;com vítima;104,129;BR-393/RJ;Pista Norte;Acidentes de outra natureza;1;;1;1;;;;;;;2;1;;;
19/08/2015;09:05:00;53;com vítima;273,752;BR-393/RJ;Pista Sul;Colisão lateral no mesmo sentido;1;;;1;;;;;;;1;1;;;
20/08/2015;19:14:00;85;com vítima;177,6;BR-393/RJ;Pista Sul;Colisão com veículos (frontal);2;;;;;;;;;;1;2;;;
20/08/2015;09:01:00;25;sem vítima;281;BR-393/RJ;Pista Norte;Colisão com veículos (traseira);1;;1;;;;;;;;2;;;;
21/08/2015;21:18:00;108;com vítima;175,588;BR-393/RJ;Pista Sul;Engavetamento;2;;1;;;;;;;;1;3;;;
21/08/2015;17:49:00;100;sem vítima;284,2;BR-393/RJ;Pista Sul;Colisão lateral no mesmo sentido;1;;1;;;;;;;;2;;;;
22/08/2015;04:18:00;5;com vítima;248,4;BR-393/RJ;Pista Norte;Acidentes de outra natureza;;;;1;;;;;;;1;1;;;
22/08/2015;10:44:00;40;sem vítima;268;BR-393/RJ;Pista Norte;Colisão lateral no mesmo sentido;1;;;1;;;;;;;2;;;;
23/08/2015;20:37:00;54;com vítima;152;BR-393/RJ;Pista Sul;Saídas de pista;1;;;;;;;;;;0;1;;;
23/08/2015;06:27:00;20;com vítima;201,44;BR-393/RJ;Pista Norte;Tombamento;;;1;;;;;;;;0;;;;1
23/08/2015;22:52:00;60;com vítima;216;BR-393/RJ;Pista Sul;Acidentes de outra natureza;;;1;1;;;;;;;1;;;;1
23/08/2015;10:44:00;23;sem vítima;236,57;BR-393/RJ;Pista Sul;Colisão com veículos (traseira);2;;;;;;;;;;4;;;;
24/08/2015;11:41:00;48;sem vítima;246,5;BR-393/RJ;Pista Norte;Colisão lateral no sentido contrário;2;;;;;;;;;;2;;;;
24/08/2015;19:23:00;71;com vítima;249,3;BR-393/RJ;Pista Sul;Colisão com veículos (traseira);2;;;;;;;;;;2;1;;;
24/08/2015;00:41:00;9;com vítima;279,5;BR-393/RJ;Pista Norte;Colisão lateral no sentido contrário;2;;;;;;;;;;2;1;;;
25/08/2015;15:37:00;77;com vítima;125;BR-393/RJ;Pista Norte;Colisão com veículos (traseira);1;;1;;;;;;;;2;1;;;
25/08/2015;20:07:00;101;sem vítima;262,954;BR-393/RJ;Pista Norte;Saídas de pista;1;;;;;;;;;;1;;;;
25/08/2015;18:17:00;91;com vítima;268,609;BR-393/RJ;Pista Norte;Colisão lateral no sentido contrário;2;;;;;;;;;;0;2;1;;
26/08/2015;08:27:00;40;sem vítima;235;BR-393/RJ;Pista Sul;Colisão lateral no mesmo sentido;1;;1;;;;;;;;3;;;;
26/08/2015;22:03:00;115;sem vítima;283,412;BR-393/RJ;Pista Norte;Colisão com veículos (traseira);2;;;;;;;;;;3;;;;
27/08/2015;19:33:00;62;com vítima;177,7;BR-393/RJ;Pista Sul;Colisão lateral no mesmo sentido;1;;1;;;;;;;;1;1;;;
27/08/2015;10:49:00;39;sem vítima;285,8;BR-393/RJ;Pista Sul;Colisão lateral no mesmo sentido;2;;;;;;;;;;2;;;;
28/08/2015;07:22:00;18;sem vítima;218,486;BR-393/RJ;Pista Sul;Saídas de pista;1;;;;;;;;;;1;;;;
28/08/2015;19:09:00;56;sem vítima;281;BR-393/RJ;Pista Norte;Colisão lateral no sentido contrário;1;;1;;;;;;;;2;;;;
29/08/2015;11:04:00;51;sem vítima;243;BR-393/RJ;Pista Norte;Capotamento;1;;;;;;;;;;1;;;;
29/08/2015;22:55:00;100;com vítima;250,8;BR-393/RJ;Pista Sul;Atropelamento de pedestre;1;;;;;;;;;;1;;;;1
29/08/2015;10:18:00;38;sem vítima;285;BR-393/RJ;Pista Norte;Colisão lateral no sentido contrário;2;;;;;;;;;;2;;;;
29/08/2015;11:02:00;49;sem vítima;285;BR-393/RJ;Pista Norte;Colisão com veículos (traseira);1;;1;;;;;;;;2;;;;
30/08/2015;18:15:00;64;sem vítima;155;BR-393/RJ;Pista Sul;Colisão lateral no mesmo sentido;2;;;;;;;;;;8;;;;
30/08/2015;18:47:00;69;sem vítima;284,8;BR-393/RJ;Pista Sul;Colisão lateral no mesmo sentido;1;;1;;;;;;;;2;;;;
01/09/2015;22:18:00;106;com vítima;281,2;BR-393/RJ;Pista Sul;Colisão lateral no mesmo sentido;;1;;;1;;;;;;1;1;;;
02/09/2015;13:46:00;64;com vítima;254;BR-393/RJ;Pista Sul;Saídas de pista;1;;;;;;;;;;0;1;;;
02/09/2015;18:41:00;89;sem vítima;285,514;BR-393/RJ;Pista Sul;Colisão lateral no mesmo sentido;1;;1;;;;;;;;2;;;;
04/09/2015;10:00:00;37;com vítima;172,216;BR-393/RJ;Pista Norte;Tombamento;;;2;;;;;;;;0;1;3;;
04/09/2015;17:27:00;63;sem vítima;174;BR-393/RJ;Pista Sul;Acidentes de outra natureza;;;;1;;;;;;;1;;;;
04/09/2015;23:59:00;99;com vítima;274,8;BR-393/RJ;Pista Norte;Saídas de pista;1;;;;;;;;;;2;1;;;
04/09/2015;17:38:00;65;sem vítima;284,4;BR-393/RJ;Pista Sul;Colisão lateral no mesmo sentido;1;;;;1;;;;;;2;;;;
04/09/2015;18:28:00;72;sem vítima;285,5;BR-393/RJ;Pista Norte;Colisão com veículos (traseira);1;;1;;;;;;;;2;;;;
05/09/2015;22:57:00;77;com vítima;114,25;BR-393/RJ;Pista Norte;Capotamento;1;;;;;;;;;;0;;1;;
05/09/2015;03:35:00;12;sem vítima;141,3;BR-393/RJ;Pista Sul;Saídas de pista;1;;;;;;;;;;1;;;;
05/09/2015;19:21:00;69;sem vítima;143;BR-393/RJ;Pista Norte;Colisão lateral no sentido contrário;1;;;;1;;;;;;6;;;;
05/09/2015;16:06:00;55;sem vítima;153,633;BR-393/RJ;Pista Norte;Acidentes de outra natureza;;;;1;;;;;;;2;;;;
05/09/2015;15:31:00;53;sem vítima;155,557;BR-393/RJ;Pista Norte;Saídas de pista;1;;;;;;;;;;2;;;;
05/09/2015;19:32:00;72;sem vítima;165;BR-393/RJ;Pista Sul;Saídas de pista;1;;;;;;;;;;2;;;;
05/09/2015;15:36:00;54;com vítima;168,764;BR-393/RJ;Pista Norte;Colisão lateral no sentido contrário;2;;;;;;;;;;0;3;;;
05/09/2015;10:57:00;33;sem vítima;195,15;BR-393/RJ;Pista Sul;Colisão com veículos (traseira);2;;;;;;;;;;7;;;;
06/09/2015;18:12:00;49;com vítima;151,928;BR-393/RJ;Pista Sul;Capotamento;;;1;;;;;;;;0;;;;1
06/09/2015;20:40:00;59;sem vítima;251;BR-393/RJ;Pista Norte;Colisão lateral no mesmo sentido;2;;;;;;;;;;2;;;;
06/09/2015;07:16:00;16;sem vítima;266,508;BR-393/RJ;Pista Norte;Colisão c/ obstáculos;1;;;;;;;;;;1;;;;
06/09/2015;19:06:00;52;com vítima;274,718;BR-393/RJ;Pista Sul;Capotamento;1;;;;;;;;;;0;1;;;
07/09/2015;14:23:00;48;sem vítima;102;BR-393/RJ;Pista Norte;Colisão lateral no sentido contrário;2;;;;;;;;;;10;;;;
07/09/2015;11:35:00;36;sem vítima;278,577;BR-393/RJ;Pista Sul;Colisão com veículos (traseira);2;;;;;;;;;;2;;;;
08/09/2015;05:48:00;32;com vítima;175;BR-393/RJ;Pista Sul;Capotamento;1;;;;;;;;;;0;1;;;
08/09/2015;00:48:00;2;com vítima;280;BR-393/RJ;Pista Sul;Colisão lateral no sentido contrário;;;;2;;;;;;;1;1;;;
08/09/2015;09:33:00;50;sem vítima;281;BR-393/RJ;Pista Sul;Colisão lateral no mesmo sentido;2;;;;;;;;;;2;;;;
09/09/2015;19:37:00;73;com vítima;201,4;BR-393/RJ;Pista Sul;Acidentes de outra natureza;;;;1;;;;;;;1;1;;;
10/09/2015;07:04:00;17;com vítima;114,31;BR-393/RJ;Pista Norte;Colisão c/ obstáculos;;;1;;;;;;;;0;1;;;1
10/09/2015;11:24:00;49;com vítima;181,396;BR-393/RJ;Pista Norte;Capotamento;1;;;;;;;;;;0;1;;;
11/09/2015;15:26:00;111;sem vítima;136,487;BR-393/RJ;Pista Sul;Saídas de pista;1;;;;;;;;;;4;;;;
11/09/2015;11:40:00;75;sem vítima;155;BR-393/RJ;Pista Norte;Saídas de pista;1;;;;;;;;;;2;;;;
11/09/2015;18:40:00;133;com vítima;218,367;BR-393/RJ;Pista Sul;Tombamento;;;1;;;;;;;;0;1;;;
11/09/2015;14:55:00;107;sem vítima;260,769;BR-393/RJ;Pista Norte;Colisão c/ obstáculos;1;;;;;;;;;;1;;;;
14/09/2015;11:39:00;42;com vítima;105;BR-393/RJ;Pista Norte;Acidentes de outra natureza;;;;1;;;;;;;0;1;;;
14/09/2015;17:42:00;73;com vítima;279;BR-393/RJ;Pista Norte;Colisão lateral no sentido contrário;1;;1;;;;;;;;1;;;1;
15/09/2015;00:45:00;2;com vítima;161,935;BR-393/RJ;Pista Sul;Capotamento;;;1;;;;;;;;0;1;;;
15/09/2015;19:39:00;85;com vítima;268;BR-393/RJ;Pista Sul;Colisão lateral no sentido contrário;2;;;;;;;;;;2;1;;;
15/09/2015;03:22:00;13;sem vítima;279,075;BR-393/RJ;Pista Sul;Saídas de pista;;;1;;;;;;;;1;;;;
16/09/2015;11:10:00;55;sem vítima;279,8;BR-393/RJ;Pista Sul;Colisão com veículos (traseira);;;1;;;;;;;1;2;;;;
17/09/2015;19:03:00;64;com vítima;171,4;BR-393/RJ;Pista Norte;Colisão lateral no sentido contrário;1;;1;;;;;;;;2;1;;;
17/09/2015;20:21:00;67;sem vítima;285,4;BR-393/RJ;Pista Norte;Colisão lateral no mesmo sentido;1;;;;1;;;;;;2;;;;
18/09/2015;08:44:00;26;sem vítima;285,9;BR-393/RJ;Pista Sul;Colisão lateral no mesmo sentido;2;;;;;;;;;;2;;;;
19/09/2015;17:25:00;78;com vítima;124,587;BR-393/RJ;Pista Norte;Tombamento;;;1;;;;;;;;0;2;;;
19/09/2015;12:17:00;54;sem vítima;284;BR-393/RJ;Pista Norte;Colisão com veículos (traseira);2;;;;;;;;;;2;;;;
20/09/2015;14:37:00;36;com vítima;102;BR-393/RJ;Pista Norte;Colisão lateral no sentido contrário;1;;1;;;;;;;;1;1;;;
20/09/2015;07:43:00;17;com vítima;155,41;BR-393/RJ;Pista Sul;Colisão c/ obstáculos;1;;;;;;;;;;0;1;;;
20/09/2015;19:05:00;56;com vítima;286;BR-393/RJ;Pista Norte;Colisão com veículos (frontal);1;;;;;;;;;1;0;;;2;
21/09/2015;07:37:00;21;sem vítima;278,926;BR-393/RJ;Pista Sul;Colisão lateral no mesmo sentido;;;1;;1;;;;;;3;;;;
22/09/2015;18:28:00;124;com vítima;284,2;BR-393/RJ;Pista Norte;Colisão lateral no mesmo sentido;1;;;1;;;;;;;1;1;;;
23/09/2015;06:07:00;26;com vítima;151,84;BR-393/RJ;Pista Sul;Capotamento;;;1;;;;;;;;0;1;;;
23/09/2015;19:34:00;143;com vítima;170;BR-393/RJ;Pista Norte;Saídas de pista;1;;;;;;;;;;0;1;;;
23/09/2015;18:05:00;135;com vítima;227,702;BR-393/RJ;Pista Norte;Saídas de pista;1;;;;;;;;;;3;;1;;
23/09/2015;13:48:00;110;com vítima;238;BR-393/RJ;Pista Sul;Colisão lateral no sentido contrário;2;;;;;;;;;;0;;4;;
23/09/2015;13:46:00;109;sem vítima;283;BR-393/RJ;Pista Sul;Colisão lateral no mesmo sentido;1;;1;;;;;;;;3;;;;
24/09/2015;20:49:00;104;sem vítima;258,8;BR-393/RJ;Pista Sul;Atropelamento de animais;;;1;;;;;;;;1;;;;
25/09/2015;18:30:00;62;com vítima;237;BR-393/RJ;Pista Norte;Colisão lateral no sentido contrário;1;;;1;;;;;;;1;1;;;
25/09/2015;18:21:00;60;com vítima;268;BR-393/RJ;Pista Norte;Colisão lateral no sentido contrário;1;;;1;;;;;;;1;1;;;
25/09/2015;18:42:00;65;com vítima;280;BR-393/RJ;Pista Sul;Atropelamento de pedestre;1;;;;;;;;;;1;;1;;
26/09/2015;09:23:00;22;sem vítima;284;BR-393/RJ;Pista Sul;Colisão Lateral Mesmo Sentido;1;;1;;;;;;;;2;;;;
26/09/2015;17:37:00;104;sem vítima;286;BR-393/RJ;Pista Sul;Colisão com veículos (traseira);1;;;;1;;;;;;2;;;;
29/09/2015;00:34:00;2;sem vítima;206;BR-393/RJ;Pista Sul;Atropelamento de animais;;;1;;;;;;;;1;;;;
29/09/2015;18:09:00;60;com vítima;232;BR-393/RJ;Pista Norte;Colisão lateral no mesmo sentido;;;1;;1;;;;;;1;1;;;
29/09/2015;21:02:00;69;com vítima;3;Alça Sul;Pista Sul;Atropelamento de pedestre;1;;;;;;;;;;1;1;;;
29/09/2015;21:20:00;71;sem vítima;285,5;BR-393/RJ;Pista Norte;Colisão lateral no sentido contrário;1;;;2;;;;;;;3;;;;
30/09/2015;09:05:00;33;sem vítima;258,673;BR-393/RJ;Pista Norte;Saídas de pista;1;;;;;;;;;;1;;;;
01/10/2015;20:42:00;124;com vítima;123,533;BR-393/RJ;Pista Norte;Colisão c/ obstáculos;1;;;;;;;;;;0;1;;;
01/10/2015;12:55:00;77;com vítima;274;BR-393/RJ;Pista Norte;Acidentes de outra natureza;;;;1;;;;;;;0;1;;;
03/10/2015;14:37:00;50;com vítima;181,2;BR-393/RJ;Pista Sul;Saídas de pista;1;;;;;;;;;;0;1;;;
03/10/2015;19:34:00;63;sem vítima;188;BR-393/RJ;Pista Sul;Atropelamento de animais;1;;;;;;;;;;2;;;;
04/10/2015;22:59:00;82;sem vítima;286;BR-393/RJ;Pista Norte;Colisão lateral no sentido contrário;2;;;;;;;;;;2;;;;
05/10/2015;10:28:00;48;sem vítima;240,475;BR-393/RJ;Pista Sul;Colisão lateral no mesmo sentido;1;;1;;;;;;;;2;;;;
06/10/2015;17:12:00;70;sem vítima;245,5;BR-393/RJ;Pista Sul;Colisão com veículos (traseira);3;;;;;;;;;;3;;;;
06/10/2015;05:07:00;32;com vítima;279,241;BR-393/RJ;Pista Sul;Colisão com veículos (traseira);;;2;;;;;;;;0;2;;;
06/10/2015;14:19:00;56;com vítima;284;BR-393/RJ;Pista Sul;Atropelamento de pedestre;;1;;1;;;;;;;0;2;;;
07/10/2015;12:53:00;41;com vítima;102,5;BR-393/RJ;Pista Sul;Colisão lateral no mesmo sentido;2;;;;;;;;;;3;1;;;
07/10/2015;15:31:00;48;sem vítima;266,3;BR-393/RJ;Pista Sul;Colisão com veículos (traseira);1;;1;;;;;;;;2;;;;
07/10/2015;22:02:00;63;com vítima;281;BR-393/RJ;Pista Sul;Colisão com veículos (frontal);1;;;1;;;;;;;1;1;;;
07/10/2015;22:12:00;65;sem vítima;281;BR-393/RJ;Pista Norte;Engavetamento;;;;;;;;;;;0;;;;
08/10/2015;09:58:00;26;com vítima;218,881;BR-393/RJ;Pista Norte;Colisão lateral no sentido contrário;2;;;;;;;;;;2;1;;;
08/10/2015;08:37:00;22;com vítima;229,625;BR-393/RJ;Pista Sul;Tombamento;;;1;;;;;;;;0;2;;;
08/10/2015;06:44:00;15;com vítima;274,162;BR-393/RJ;Pista Norte;Tombamento;1;;2;;;;;;;;3;1;;;
08/10/2015;20:09:00;93;sem vítima;280,3;BR-393/RJ;Pista Sul;Colisão lateral no mesmo sentido;1;;;1;;;;;;;2;;;;
08/10/2015;10:03:00;27;com vítima;284,5;BR-393/RJ;Pista Sul;Acidentes de outra natureza;;;;1;;;;;;;0;1;;;
09/10/2015;20:31:00;89;com vítima;151;BR-393/RJ;Pista Norte;Colisão lateral no mesmo sentido;1;;1;;;;;;;;0;4;;;
09/10/2015;12:39:00;60;sem vítima;274;BR-393/RJ;Pista Norte;Colisão com veículos (traseira);2;;;;;;;;;;2;;;;
09/10/2015;20:59:00;92;sem vítima;284,2;BR-393/RJ;Pista Norte;Colisão com veículos (traseira);2;;;;;;;;;;2;;;;
10/10/2015;18:09:00;94;sem vítima;278;BR-393/RJ;Pista Norte;Colisão com veículos (traseira);2;;;;;;;;;;2;;;;
10/10/2015;20:02:00;97;sem vítima;285;BR-393/RJ;Pista Sul;Colisão lateral no mesmo sentido;2;;;;;;;;;;2;;;;
11/10/2015;10:49:00;29;sem vítima;278;BR-393/RJ;Pista Norte;Colisão com veículos (traseira);2;;;;;;;;;;2;;;;
11/10/2015;00:55:00;4;sem vítima;282;BR-393/RJ;Pista Norte;Colisão com veículos (frontal);2;;;;;;;;;;4;;;;
12/10/2015;19:42:00;88;com vítima;192,986;BR-393/RJ;Pista Norte;Capotamento;1;;;;;;;;;;0;3;;;
13/10/2015;10:58:00;40;sem vítima;105,9;BR-393/RJ;Pista Norte;Colisão lateral no mesmo sentido;2;;;;;;;;;;4;;;;
13/10/2015;17:55:00;75;com vítima;121,269;BR-393/RJ;Pista Sul;Tombamento;;;1;;;;;;;;0;;1;;
14/10/2015;10:27:00;36;com vítima;123,575;BR-393/RJ;Pista Norte;Tombamento;;;1;;;;;;;;0;1;;;
14/10/2015;18:49:00;56;com vítima;181,2;BR-393/RJ;Pista Sul;Colisão com veículos (traseira);1;;;1;;;;;;;1;1;;;
14/10/2015;19:37:00;59;com vítima;235,8;BR-393/RJ;Pista Sul;Colisão Lateral Mesmo Sentido;1;;;1;;;;;;;2;;1;;
14/10/2015;22:09:00;64;com vítima;283,3;BR-393/RJ;Pista Sul;Colisão lateral no sentido contrário;1;;1;;;;;;;;1;1;;;
15/10/2015;23:08:00;71;sem vítima;250,8;BR-393/RJ;Pista Sul;Saídas de pista;1;;;;;;;;;;1;;;;
16/10/2015;12:56:00;45;com vítima;220,946;BR-393/RJ;Pista Sul;Capotamento;1;;;;;;;;;;0;1;;;
16/10/2015;17:35:00;62;com vítima;268;BR-393/RJ;Pista Sul;Colisão com veículos (frontal);2;;;;;;;;;;1;2;;;
17/10/2015;15:30:00;59;sem vítima;131,266;BR-393/RJ;Pista Sul;Saídas de pista;1;;;;;;;;;;2;;;;
17/10/2015;03:00:00;19;com vítima;284,412;BR-393/RJ;Pista Sul;Colisão lateral no sentido contrário;2;;;;;;;;;;2;1;;;
18/10/2015;19:28:00;29;com vítima;181,3;BR-393/RJ;Pista Sul;Colisão c/ obstáculos;1;;;;;;;;;;0;1;2;;
18/10/2015;21:40:00;39;com vítima;283,3;BR-393/RJ;Pista Sul;Colisão com veículos (frontal);1;;;2;;;;;;;2;1;;;
20/10/2015;18:44:00;58;sem vítima;280;BR-393/RJ;Pista Norte;Saídas de pista;1;;;;;;;;;;1;;;;
21/10/2015;08:50:00;39;com vítima;103,928;BR-393/RJ;Pista Sul;Colisão com veículos (traseira);2;;;;;;;;;;3;1;;;
21/10/2015;14:59:00;81;com vítima;278;BR-393/RJ;Pista Sul;Saídas de pista;2;;;;;;;;;;2;1;;;
22/10/2015;17:31:00;72;com vítima;184,28;BR-393/RJ;Pista Norte;Colisão com veículos (frontal);1;;1;;;;;;;;0;1;;1;1
22/10/2015;13:32:00;59;com vítima;250,036;BR-393/RJ;Pista Sul;Acidentes de outra natureza;1;;1;;;;;;;;3;;;;1
22/10/2015;15:35:00;65;com vítima;282,198;BR-393/RJ;Pista Sul;Colisão com veículos (traseira);1;;1;;;;;;;;0;2;;;
23/10/2015;12:19:00;31;sem vítima;174,524;BR-393/RJ;Pista Sul;Capotamento;;;1;;;;;;;;2;;;;
23/10/2015;00:33:00;2;sem vítima;237,9;BR-393/RJ;Pista Sul;Atropelamento de animais;;;1;;;;;;;;1;;;;
24/10/2015;05:10:00;18;com vítima;151,882;BR-393/RJ;Pista Sul;Tombamento;;;1;;;;;;;;0;1;;;
24/10/2015;10:58:00;29;sem vítima;175,6;BR-393/RJ;Pista Sul;Colisão com veículos (traseira);1;;1;;;;;;;;2;;;;
24/10/2015;23:49:00;73;sem vítima;280,257;BR-393/RJ;Pista Sul;Colisão lateral no sentido contrário;2;;;;;;;;;;2;;;;
26/10/2015;21:27:00;91;com vítima;135,543;BR-393/RJ;Pista Sul;Atropelamento de pedestre;1;1;;;;;;;;;1;2;;;
26/10/2015;09:02:00;46;com vítima;168,809;BR-393/RJ;Pista Sul;Colisão com veículos (traseira);1;1;;;;;;;;;0;1;;;1
26/10/2015;12:19:00;53;com vítima;280,266;BR-393/RJ;Pista Norte;Colisão lateral no mesmo sentido;1;;;1;;;;;;;1;1;;;
26/10/2015;18:43:00;81;com vítima;281,6;BR-393/RJ;Pista Norte;Atropelamento de pedestre;;;;1;;;;;;;1;1;;;
26/10/2015;06:46:00;35;com vítima;285,403;BR-393/RJ;Pista Sul;Colisão lateral no sentido contrário;1;;;1;;;;;;;1;1;;;
29/10/2015;06:37:00;24;sem vítima;175,661;BR-393/RJ;Pista Sul;Colisão com veículos (traseira);2;;;1;;;;;;;6;;;;
30/10/2015;13:47:00;41;com vítima;103,977;BR-393/RJ;Pista Sul;Atropelamento de animais;;;;1;;;;;;;0;1;1;;
31/10/2015;12:07:00;35;com vítima;168,021;BR-393/RJ;Pista Sul;Atropelamento de pedestre;;;;1;;;;;;;2;1;;;
31/10/2015;07:08:00;17;sem vítima;170,626;BR-393/RJ;Pista Norte;Colisão c/ obstáculos;1;;;;;;;;;;4;;;;
31/10/2015;07:26:00;20;com vítima;232,096;BR-393/RJ;Pista Norte;Colisão lateral no mesmo sentido;1;;;;1;;;;;;2;1;;;
31/10/2015;23:09:00;65;com vítima;241,2;BR-393/RJ;Pista Norte;Saídas de pista;;;;1;;;;;;;0;;;1;
01/11/2015;18:13:00;49;sem vítima;138,1;BR-393/RJ;Pista Norte;Colisão c/ obstáculos;1;;;;;;;;;;1;;;;
01/11/2015;08:14:00;21;com vítima;175,554;BR-393/RJ;Pista Sul;Capotamento;1;;;;;;;;;;0;1;;2;
01/11/2015;18:53:00;53;sem vítima;282,688;BR-393/RJ;Pista Norte;Saídas de pista;1;;;;;;;;;;2;;;;
01/11/2015;22:24:00;63;com vítima;284,555;BR-393/RJ;Pista Norte;Colisão com veículos (traseira);2;;;;;;;;;;1;2;;;
01/11/2015;08:01:00;19;com vítima;285;BR-393/RJ;Pista Norte;Colisão c/ obstáculos;1;;;;;;;;;;0;1;;;
01/11/2015;19:28:00;55;com vítima;285,95;BR-393/RJ;Pista Sul;Colisão lateral no mesmo sentido;;;;1;1;;;;;;0;2;;;
02/11/2015;14:31:00;60;com vítima;216,608;BR-393/RJ;Pista Norte;Colisão lateral no mesmo sentido;2;;;;;;;;;;4;1;;;
02/11/2015;08:30:00;27;sem vítima;232;BR-393/RJ;Pista Norte;Colisão lateral no sentido contrário;1;;;;1;;;;;;29;;;;
02/11/2015;19:59:00;88;sem vítima;239,2;BR-393/RJ;Pista Norte;Saídas de pista;1;;;;;;;;;;1;;;;
03/11/2015;00:57:00;6;sem vítima;105,8;BR-393/RJ;Pista Norte;Saídas de pista;1;;;;;;;;;;1;;;;
03/11/2015;17:11:00;52;com vítima;141,251;BR-393/RJ;Pista Sul;Colisão c/ obstáculos;1;;;;;;;;;;1;1;1;;
03/11/2015;01:40:00;17;com vítima;284,507;BR-393/RJ;Pista Sul;Tombamento;;;1;;;;;;;;0;2;;;
04/11/2015;08:35:00;22;com vítima;155,709;BR-393/RJ;Pista Norte;Tombamento;1;;2;;;;;;;1;0;6;;;
05/11/2015;00:14:00;1;com vítima;223,2;BR-393/RJ;Pista Norte;Saídas de pista;;;1;;;;;;;;0;1;;;
05/11/2015;14:24:00;59;com vítima;224;BR-393/RJ;Pista Norte;Colisão lateral no sentido contrário;1;;1;;;;;;;;0;2;;1;
05/11/2015;13:19:00;54;com vítima;235,216;BR-393/RJ;Pista Norte;Colisão lateral no sentido contrário;2;;;;;;;;;;1;1;;;
05/11/2015;18:49:00;69;com vítima;263,509;BR-393/RJ;Pista Sul;Colisão com veículos (frontal);1;;;1;;;;;;;0;1;1;;
05/11/2015;19:30:00;71;sem vítima;263,509;BR-393/RJ;Pista Sul;Colisão lateral no mesmo sentido;1;;1;;;;;;;;4;;;;
05/11/2015;21:47:00;82;com vítima;279,707;BR-393/RJ;Pista Norte;Colisão com veículos (traseira);2;;;;;;;;;;1;1;;;
05/11/2015;23:02:00;86;com vítima;281,1;BR-393/RJ;Pista Sul;Acidentes de outra natureza;;;;1;;;;;;;0;2;;;
06/11/2015;21:14:00;137;sem vítima;280,785;BR-393/RJ;Pista Sul;Colisão com veículos (traseira);2;;;;;;;;;;2;;;;
07/11/2015;22:49:00;82;sem vítima;123,7;BR-393/RJ;Pista Norte;Saídas de pista;1;;;;;;;;;;1;;;;
07/11/2015;08:03:00;32;com vítima;139,581;BR-393/RJ;Pista Sul;Saídas de pista;1;;;;;;;;;;0;3;;;
07/11/2015;22:12:00;81;com vítima;229,9;BR-393/RJ;Pista Sul;Saídas de pista;1;;;;;;;;;;0;2;;;
07/11/2015;18:04:00;66;com vítima;252,2;BR-393/RJ;Pista Norte;Colisão lateral no sentido contrário;2;;;;;;;;;;0;1;1;;
08/11/2015;19:22:00;48;com vítima;132,8;BR-393/RJ;Pista Sul;Acidentes de outra natureza;;;;1;;;;;;;0;1;;;
08/11/2015;23:10:00;66;com vítima;144,9;BR-393/RJ;Pista Norte;Acidentes de outra natureza;;;;1;;;;;;;0;2;;;