data;horario;n_da_ocorrencia;tipo_de_ocorrencia;km;trecho;sentido;tipo_de_acidente;automovel;bicicleta;caminhao;moto;onibus;outros;tracao_animal;transporte_de_cargas_especiais;trator_maquinas;utilitarios;ilesos;levemente_feridos;moderadamente_feridos;gravemente_feridos;mortos
27/01/2016;18:25:00;68;com vítima;193;BR-393/RJ;Pista Sul;Colisão c/ obstáculos;;;1;;;;;;;;0;1;;1;
28/01/2016;22:33:00;89;sem vítima;137,8;BR-393/RJ;Pista Norte;Colisão c/ obstáculos;1;;;;;;;;;;2;;;;
28/01/2016;12:09:00;35;sem vítima;258,6;BR-393/RJ;Pista Sul;Colisão lateral no sentido contrário;2;;;;;;;;;;3;;;;
28/01/2016;02:03:00;3;sem vítima;284;BR-393/RJ;Pista Norte;Colisão com veículos (frontal);2;;;;;;;;;;3;;;;
28/01/2016;09:58:00;25;sem vítima;285;BR-393/RJ;Pista Sul;Colisão lateral no mesmo sentido;;;2;;;;;;;;2;;;;
28/01/2016;10:40:00;31;sem vítima;285,3;BR-393/RJ;Pista Sul;Colisão com veículos (traseira);1;;1;;;;;;;;2;;;;
29/01/2016;06:36:00;42;sem vítima;215;BR-393/RJ;Pista Sul;Tombamento;;;1;;;;;;;;1;;;;
29/01/2016;14:45:00;65;sem vítima;266;BR-393/RJ;Pista Sul;Saídas de pista;;;1;;;;;;;;1;;;;
30/01/2016;09:47:00;39;sem vítima;195,041;BR-393/RJ;Pista Sul;Colisão com veículos (traseira);2;;;;;;;;;;2;;;;
30/01/2016;13:06:00;46;sem vítima;236;BR-393/RJ;Pista Norte;Colisão com veículos (traseira);2;;;;;;;;;;2;;;;
01/02/2016;09:07:00;16;com vítima;122;BR-393/RJ;Pista Norte;Tombamento;;;1;;;;;;;;0;;1;;
01/02/2016;19:06:00;55;sem vítima;168,7;BR-393/RJ;Pista Norte;Colisão com veículos (traseira);2;;;;;;;;;;5;;;;
01/02/2016;16:17:00;44;com vítima;181,657;BR-393/RJ;Pista Norte;Colisão com veículos (frontal);2;;;;;;;;;;0;2;;;
02/02/2016;22:56:00;127;com vítima;172,58;BR-393/RJ;Pista Sul;Acidente - Outra Natureza;2;;;;;;;;;;1;1;;;
03/02/2016;14:08:00;56;com vítima;279;BR-393/RJ;Pista Sul;Atropelamento - Pedestre;1;;;;;;;;;;1;1;;;
03/02/2016;18:11:00;77;com vítima;3,2;Alça Sul;Pista Norte;Colisão lateral no sentido contrário;1;;;1;;;;;;;1;;1;;
04/02/2016;13:39:00;59;com vítima;195,046;BR-393/RJ;Pista Sul;Colisão com veículos (traseira);2;;;;;;;;;;0;2;;;
04/02/2016;01:51:00;5;com vítima;237,1;BR-393/RJ;Pista Norte;Capotamento;1;;;;;;;;;;0;1;;;
04/02/2016;13:44:00;61;com vítima;257,268;BR-393/RJ;Pista Norte;Tombamento;;;1;;;;;;;;1;1;;;
04/02/2016;10:45:00;39;sem vítima;265,092;BR-393/RJ;Pista Sul;Colisão com veículos (traseira);1;;1;;;;;;;;2;;;;
04/02/2016;11:16:00;40;sem vítima;268,296;BR-393/RJ;Pista Norte;Colisão lateral no sentido contrário;1;;;;;;;;;1;2;;;;
05/02/2016;10:25:00;36;com vítima;106,7;BR-393/RJ;Pista Sul;Colisão com veículos (traseira);1;;;1;;;;;;;1;;1;;
05/02/2016;11:05:00;38;com vítima;252,446;BR-393/RJ;Pista Sul;Colisão lateral no sentido contrário;2;;;;;;;;;;1;2;2;;
06/02/2016;09:42:00;51;com vítima;130,789;BR-393/RJ;Pista Norte;Colisão c/ obstáculos;1;;;;;;;;;;2;2;;;
06/02/2016;07:21:00;41;com vítima;136,738;BR-393/RJ;Pista Norte;Acidente - Outra Natureza;;;1;1;;;;;;;1;1;1;;
06/02/2016;10:00:00;54;com vítima;151,9;BR-393/RJ;Pista Sul;Tombamento;;;1;;;;;;;;0;2;;;
06/02/2016;16:08:00;87;com vítima;279,058;BR-393/RJ;Pista Norte;Colisão lateral no sentido contrário;;;;1;1;;;;;;1;;1;;
07/02/2016;11:56:00;30;com vítima;248,598;BR-393/RJ;Pista Norte;Colisão com veículos (traseira);1;;;1;;;;;;;1;1;;;
08/02/2016;21:57:00;55;sem vítima;157,9;BR-393/RJ;Pista Norte;Tombamento;;;1;;;;;;;;1;;;;
08/02/2016;17:10:00;44;com vítima;258,194;BR-393/RJ;Pista Norte;Capotamento;1;;;;;;;;;;0;2;;;
09/02/2016;18:21:00;62;com vítima;260,9;BR-393/RJ;Pista Norte;Acidente - Outra Natureza;4;;;;;;;;;;11;3;;;
09/02/2016;11:39:00;36;sem vítima;265;BR-393/RJ;Pista Norte;Colisão com veículos (traseira);1;;1;;;;;;;;2;;;;
09/02/2016;05:22:00;3;sem vítima;279,3;BR-393/RJ;Pista Sul;Colisão com veículos (traseira);2;;;;;;;;;;2;;;;
10/02/2016;08:04:00;24;com vítima;125;BR-393/RJ;Norte;Atropelamento - Pedestre;1;;;;;;;;;;1;1;;;
10/02/2016;00:23:00;5;sem vítima;157;BR-393/RJ;Pista Sul;Saídas de pista;1;;;;;;;;;;2;;;;
11/02/2016;21:15:00;63;com vítima;267,2;BR-393/RJ;Pista Sul;Saídas de pista;1;;;;;;;;;;0;1;;;
11/02/2016;19:19:00;59;sem vítima;274,15;BR-393/RJ;Pista Norte;Colisão com veículos (frontal);2;;;;;;;;;;3;;;;
11/02/2016;16:32:00;54;sem vítima;283;BR-393/RJ;Norte;Saídas de pista;1;;;;;;;;;;1;;;;
12/02/2016;16:36:00;47;com vítima;192,602;BR-393/RJ;Pista Norte;Acidente - Outra Natureza;;1;;;;;;;;;0;1;;;
13/02/2016;22:15:00;64;sem vítima;284,2;BR-393/RJ;Pista Sul;Saídas de pista;1;;;;;;;;;;2;;;;
14/02/2016;21:03:00;52;com vítima;235,514;BR-393/RJ;Pista Norte;Colisão lateral no mesmo sentido;1;;;1;;;;;;;1;1;;;
15/02/2016;17:57:00;53;sem vítima;105;BR-393/RJ;Pista Norte;Colisão com veículos (traseira);2;;;;;;;;;;2;;;;
15/02/2016;15:47:00;48;sem vítima;123,121;BR-393/RJ;Pista Norte;Saídas de pista;1;;;;;;;;;;1;;;;
16/02/2016;22:32:00;57;sem vítima;268,45;BR-393/RJ;Pista Norte;Saídas de pista;;;;;;;;;;1;14;;;;
16/02/2016;04:11:00;10;sem vítima;285;BR-393/RJ;Pista Norte;Colisão com veículos (traseira);2;;;;;;;;;;4;;;;
16/02/2016;19:38:00;52;sem vítima;286,2;BR-393/RJ;Pista Norte;Engavetamento;3;;;;;;;;;;3;;;;
17/02/2016;02:15:00;1;com vítima;104;BR-393/RJ;Pista Norte;Saídas de pista;;;1;;;;;;;;0;1;;;
17/02/2016;22:12:00;80;com vítima;169;BR-393/RJ;Pista Norte;Capotamento;1;;;;;;;;;;0;1;;;
17/02/2016;21:43:00;77;com vítima;179;BR-393/RJ;Pista Norte;Saídas de pista;1;;;;;;;;;;0;1;;;
18/02/2016;21:18:00;62;sem vítima;278;BR-393/RJ;Pista Sul;Colisão lateral no sentido contrário;2;;;;;;;;;;2;;;;
19/02/2016;14:42:00;45;com vítima;168,768;BR-393/RJ;Pista Sul;Colisão lateral no mesmo sentido;2;;;;;;;;;;3;1;;;
20/02/2016;02:57:00;9;com vítima;175;BR-393/RJ;Pista Norte;Capotamento;1;;;;;;;;;;0;2;;;
20/02/2016;07:16:00;11;sem vítima;195,541;BR-393/RJ;Pista Norte;Saídas de pista;1;;;;;;;;;;1;;;;
20/02/2016;08:55:00;13;sem vítima;281;BR-393/RJ;Pista Norte;Colisão com veículos (traseira);2;;;;;;;;;;2;;;;
20/02/2016;20:33:00;46;sem vítima;284;BR-393/RJ;Pista Sul;Engavetamento;1;;;;;;;;;;1;;;;
21/02/2016;16:27:00;35;com vítima;181,9;BR-393/RJ;Pista Norte;Acidente - Outra Natureza;;;;1;;;;;;;1;1;;;
22/02/2016;05:53:00;12;com vítima;146,936;BR-393/RJ;Pista Norte;Acidente - Outra Natureza;;;;1;;;;;;;0;2;;;
22/02/2016;18:03:00;55;com vítima;162;BR-393/RJ;Pista Sul;Acidente - Outra Natureza;;;1;;;;;;;;0;2;;;
23/02/2016;08:14:00;22;com vítima;181,81;BR-393/RJ;Pista Sul;Acidente - Outra Natureza;;;;1;;;;;;;0;;1;;
23/02/2016;09:32:00;29;com vítima;256,166;BR-393/RJ;Pista Norte;Colisão lateral no sentido contrário;1;;;1;;;;;;;1;;1;;
24/02/2016;06:04:00;10;com vítima;151,889;BR-393/RJ;Pista Sul;Tombamento;;;1;;;;;;;;0;1;;;
24/02/2016;14:09:00;33;com vítima;252,363;BR-393/RJ;Pista Norte;Atropelamento - Pedestre;1;1;;;;;;;;;1;1;;;
25/02/2016;17:00:00;43;com vítima;181,44;BR-393/RJ;Pista Sul;Saídas de pista;1;;;;;;;;;;0;1;;;
25/02/2016;05:38:00;11;com vítima;208,434;BR-393/RJ;Pista Norte;Tombamento;;;1;;;;;;;;0;1;;;
25/02/2016;23:04:00;63;com vítima;214,228;BR-393/RJ;Pista Sul;Atropelamento - Pedestre;;;;1;;;;;;;1;1;;;
26/02/2016;17:13:00;83;com vítima;104,161;BR-393/RJ;Pista Sul;Engavetamento;3;;;;1;;;;;;4;1;;;
26/02/2016;19:25:00;91;sem vítima;104,227;BR-393/RJ;Pista Norte;Engavetamento;3;;;;;;;;;;5;;;;
26/02/2016;04:14:00;7;sem vítima;174,507;BR-393/RJ;Pista Norte;Atropelamento - Animal;;;;;1;;;;;;43;;;;
26/02/2016;13:51:00;59;com vítima;178,823;BR-393/RJ;Pista Sul;Atropelamento - Animal;;;;1;;;;;;;0;2;;;
26/02/2016;17:35:00;85;com vítima;242,934;BR-393/RJ;Pista Norte;Saídas de pista;;;;;;;;;;1;1;;1;;
27/02/2016;08:51:00;19;sem vítima;114,286;BR-393/RJ;Pista Norte;Tombamento;;;1;;;;;;;;1;;;;
27/02/2016;00:38:00;1;com vítima;156,41;BR-393/RJ;Pista Norte;Saídas de pista;1;;;;;;;;;;0;1;;;
27/02/2016;13:00:00;33;com vítima;174,384;BR-393/RJ;Pista Norte;Tombamento;;;1;;;;;;;;0;1;;;
27/02/2016;05:43:00;14;com vítima;205,644;BR-393/RJ;Pista Sul;Saídas de pista;;;1;;;;;;;;0;1;;;
27/02/2016;07:28:00;17;sem vítima;281;BR-393/RJ;Pista Norte;Colisão c/ obstáculos;1;;;;;;;;;;1;;;;
29/02/2016;01:14:00;1;com vítima;151,939;BR-393/RJ;Pista Norte;Saídas de pista;1;;;;;;;;;;1;1;;;
01/03/2016;14:13:00;62;sem vítima;125;BR-393/RJ;Pista Norte;Saídas de pista;1;;;;;;;;;;1;;;;
02/03/2016;00:15:00;2;com vítima;241,901;BR-393/RJ;Pista Norte;Colisão com veículos (traseira);1;;1;;;;;;;;1;1;;;
02/03/2016;06:26:00;3;com vítima;277;BR-393/RJ;Pista Sul;Atropelamento - Pedestre;;1;;;;;;;;1;1;1;;;
02/03/2016;19:48:00;34;com vítima;139,6;BR-393/RJ;Pista Sul;Colisão lateral no sentido contrário;1;;1;;;;;;;;1;1;;;
02/03/2016;22:17:00;37;com vítima;238,1;BR-393/RJ;Pista Norte;Acidente - Outra Natureza;2;;;;1;;;;;;2;1;;;
03/03/2016;16:18:00;44;sem vítima;241,42;BR-393/RJ;Pista Norte;Saídas de pista;1;;;;;;;;;;1;;;;
03/03/2016;16:48:00;46;com vítima;241,213;BR-393/RJ;Pista Norte;Colisão com veículos (traseira);1;;1;;;;;;;;2;3;;;
04/03/2016;15:15:00;58;sem vítima;286;BR-393/RJ;Pista Sul;Colisão com veículos (traseira);2;;;;;;;;;;3;;;;
04/03/2016;19:02:00;70;sem vítima;235,847;BR-393/RJ;Pista Norte;Colisão lateral no sentido contrário;1;;;1;;;;;;;3;;;;
04/03/2016;19:39:00;71;sem vítima;282;BR-393/RJ;Pista Norte;Colisão com veículos (traseira);2;;;;;;;;;;4;;;;
05/03/2016;17:13:00;58;com vítima;0;Alça Sul;Pista Norte;Colisão lateral no sentido contrário;1;;;;1;;;;;;5;1;;;
06/03/2016;04:37:00;12;sem vítima;3,014;Alça Sul;Pista Sul;Atropelamento - Animal;1;;;;;;;;;;4;;;;
06/03/2016;09:20:00;18;com vítima;235,302;BR-393/RJ;Pista Sul;Colisão lateral no sentido contrário;2;;;;;;;;;;1;6;;;
06/03/2016;14:39:00;33;com vítima;246,046;BR-393/RJ;Pista Sul;Acidente - Outra Natureza;;1;;;;;;;;;0;1;;;
06/03/2016;18:31:00;44;com vítima;220,8;BR-393/RJ;Pista Norte;Colisão com veículos (frontal);1;;1;;;;;;;;0;1;;;1
06/03/2016;19:20:00;46;sem vítima;278;BR-393/RJ;Pista Norte;Colisão lateral no sentido contrário;2;;;;;;;;;;3;;;;
06/03/2016;21:16:00;54;com vítima;228,7;BR-393/RJ;Pista Norte;Saídas de pista;1;;;;;;;;;;0;3;;;
07/03/2016;11:25:00;38;sem vítima;285;BR-393/RJ;Pista Norte;Colisão lateral no sentido contrário;2;;;;;;;;;;2;;;;
08/03/2016;22:31:00;94;com vítima;247,861;BR-393/RJ;Pista Norte;Atropelamento - Pedestre;1;;;;;;;;;;0;1;;;1
09/03/2016;14:47:00;80;com vítima;285;BR-393/RJ;Pista Sul;Colisão lateral no sentido contrário;1;1;;;;;;;;;1;1;;;
10/03/2016;05:43:00;3;sem vítima;230,011;BR-393/RJ;Pista Norte;Saídas de pista;;;1;;;;;;;;1;;;;
10/03/2016;14:23:00;45;sem vítima;277,051;BR-393/RJ;Pista Norte;Tombamento;;;1;;;;;;;;1;;;;
11/03/2016;08:38:00;25;sem vítima;241,22;BR-393/RJ;Pista Norte;Colisão c/ obstáculos;1;;;;;;;;;;1;;;;
11/03/2016;19:15:00;59;com vítima;132,875;BR-393/RJ;Pista Sul;Atropelamento - Pedestre;1;;;;;;;;;;0;2;;;
11/03/2016;19:33:00;61;com vítima;171,492;BR-393/RJ;Pista Norte;Colisão lateral no sentido contrário;1;;1;;;;;;;;1;2;;;
12/03/2016;05:50:00;16;sem vítima;285;BR-393/RJ;Pista Norte;Colisão c/ obstáculos;1;;;;;;;;;;1;;;;
12/03/2016;10:27:00;35;com vítima;238,6;BR-393/RJ;Pista Norte;Colisão lateral no sentido contrário;1;;1;;;;;;;;1;2;;;
12/03/2016;17:53:00;82;com vítima;172,23;BR-393/RJ;Pista Norte;Colisão c/ obstáculos;1;;;;;;;;;;0;1;;;
12/03/2016;20:16:00;90;sem vítima;284;BR-393/RJ;Pista Norte;Colisão com veículos (traseira);2;;;;;;;;;;2;;;;
13/03/2016;04:15:00;5;com vítima;188,175;BR-393/RJ;Pista Sul;Acidente - Outra Natureza;;;;1;;;;;;;0;;1;;
13/03/2016;16:49:00;69;com vítima;201,546;BR-393/RJ;Pista Norte;Tombamento;;;1;;;;;;;;0;1;;;
13/03/2016;19:07:00;76;com vítima;278,349;BR-393/RJ;Pista Sul;Colisão lateral no sentido contrário;2;;;;;;;;;;1;3;;;
13/03/2016;21:42:00;82;com vítima;285;BR-393/RJ;Pista Norte;Acidente - Outra Natureza;;;;1;;;;;;;0;2;;;
14/03/2016;16:21:00;50;com vítima;102;BR-393/RJ;Pista Norte;Colisão lateral no sentido contrário;1;;1;;;;;;;;1;1;;;
15/03/2016;13:48:00;46;com vítima;184;BR-393/RJ;Pista Norte;Colisão lateral no sentido contrário;1;;1;;;;;;;;5;2;;;
15/03/2016;14:16:00;50;com vítima;139,381;BR-393/RJ;Pista Norte;Tombamento;;;1;;;;;;;;0;;1;;
15/03/2016;16:04:00;56;com vítima;175,6;BR-393/RJ;Pista Norte;Tombamento;;;1;;;;;;;;0;1;;;
16/03/2016;05:23:00;11;com vítima;169,572;BR-393/RJ;Pista Sul;Colisão c/ obstáculos;;;;;1;;;;;;1;22;6;;
16/03/2016;12:11:00;53;sem vítima;286;BR-393/RJ;Pista Norte;Colisão lateral no mesmo sentido;1;;1;;;;;;;;2;;;;
16/03/2016;14:09:00;62;com vítima;172,206;BR-393/RJ;Pista Sul;Tombamento;;;1;;;;;;;;0;1;;;
16/03/2016;15:36:00;71;com vítima;178,197;BR-393/RJ;Pista Sul;Engavetamento;1;;2;;;;;;;;1;4;;;
16/03/2016;21:19:00;101;com vítima;274;BR-393/RJ;Pista Sul;Capotamento;1;;;;;;;;;;0;2;;;
17/03/2016;08:56:00;32;com vítima;170,923;BR-393/RJ;Pista Norte;Colisão com veículos (traseira);1;;1;;;;;;;;2;1;;;
17/03/2016;14:58:00;77;sem vítima;132;BR-393/RJ;Pista Norte;Engavetamento;3;;1;;;;;;;;4;;;;
17/03/2016;18:20:00;84;com vítima;286;BR-393/RJ;Pista Norte;Colisão lateral no sentido contrário;1;;;1;;;;;;;1;1;;;
18/03/2016;10:32:00;44;sem vítima;111,5;BR-393/RJ;Pista Norte;Saídas de pista;1;;;;;;;;;;1;;;;
18/03/2016;19:15:00;77;com vítima;236,259;BR-393/RJ;Pista Sul;Acidente - Outra Natureza;;;;1;;;;;;;0;1;;;
18/03/2016;22:20:00;90;sem vítima;125;BR-393/RJ;Pista Norte;Colisão com veículos (frontal);1;;1;;;;;;;;4;;;;
19/03/2016;06:17:00;19;com vítima;174,3;BR-393/RJ;Pista Sul;Colisão c/ obstáculos;1;;;;;;;;;;0;1;;;
19/03/2016;16:43:00;58;sem vítima;148,1;BR-393/RJ;Pista Norte;Saídas de pista;1;;;;;;;;;;1;;;;
19/03/2016;21:33:00;70;com vítima;235;BR-393/RJ;Pista Norte;Acidente - Outra Natureza;;;;1;;;;;;;0;;1;;
20/03/2016;19:42:00;65;com vítima;132,095;BR-393/RJ;Pista Sul;Abalroamento - Sentido Oposto;1;;;;;;;;;1;2;2;;;
21/03/2016;07:01:00;29;sem vítima;167,766;BR-393/RJ;Pista Norte;Colisão com veículos (traseira);2;;;;;;;;;;2;;;;
21/03/2016;13:59:00;84;sem vítima;285;BR-393/RJ;Pista Sul;Colisão com veículos (traseira);2;;;;;;;;;;2;;;;
21/03/2016;15:49:00;94;sem vítima;257,9;BR-393/RJ;Pista Sul;Colisão c/ obstáculos;1;;;;;;;;;;1;;;;
21/03/2016;17:24:00;102;com vítima;285;BR-393/RJ;Pista Sul;Colisão com veículos (frontal);1;;1;;;;;;;1;4;1;;;
21/03/2016;17:46:00;104;com vítima;283;BR-393/RJ;Pista Norte;Acidente - Outra Natureza;1;1;;;;;;;;;1;1;;;
23/03/2016;17:45:00;86;com vítima;282,6;BR-393/RJ;Pista Norte;Atropelamento - Pedestre;1;1;;;;;;;;;1;1;;;
24/03/2016;11:40:00;53;com vítima;169,75;BR-393/RJ;Pista Sul;Acidente - Outra Natureza;;;;1;;;;;;;0;1;;;
24/03/2016;13:05:00;61;com vítima;114,399;BR-393/RJ;Pista Norte;Tombamento;;;1;;;;;;;;0;;;;1
24/03/2016;22:54:00;131;sem vítima;208,9;BR-393/RJ;Pista Sul;Saídas de pista;1;;;;;;;;;;4;;;;
25/03/2016;19:01:00;95;com vítima;238;BR-393/RJ;Pista Norte;Colisão lateral no sentido contrário;1;;;1;;;;;;;5;2;;;
26/03/2016;03:11:00;10;sem vítima;228,9;BR-393/RJ;Pista Norte;Acidente - Outra Natureza;1;;;;;;;;;;2;;;;
26/03/2016;13:55:00;33;sem vítima;234,94;BR-393/RJ;Pista Sul;Acidente - Outra Natureza;1;;;;;;;;;;2;;;;
26/03/2016;15:39:00;36;com vítima;211,222;BR-393/RJ;Pista Sul;Saídas de pista;;;;;;;;;;1;0;2;;;
26/03/2016;17:31:00;44;sem vítima;257,8;BR-393/RJ;Pista Sul;Capotamento;1;;;;;;;;;;2;;;;
27/03/2016;16:38:00;56;sem vítima;168,6;BR-393/RJ;Pista Norte;Colisão com veículos (traseira);2;;;;;;;;;;5;;;;
02/04/2016;10:34:00;36;sem vítima;252,361;BR-393/RJ;Pista Sul;Colisão com veículos (traseira);2;;;;;;;;;;5;;;;
02/04/2016;18:20:00;77;com vítima;177,375;BR-393/RJ;Pista Norte;Colisão lateral no sentido contrário;3;;;;;;;;;;1;5;;;
04/04/2016;16:13:00;55;sem vítima;257;BR-393/RJ;Pista Sul;Colisão com veículos (traseira);1;;1;;;;;;;;2;;;;
04/04/2016;21:57:00;73;com vítima;284;BR-393/RJ;Pista Norte;Colisão lateral no mesmo sentido;1;;;1;;;;;;;1;1;;;
06/04/2016;23:03:00;127;com vítima;186;BR-393/RJ;Pista Norte;Saídas de pista;1;;;;;;;;;;0;1;;;
07/04/2016;08:19:00;27;com vítima;168,3;BR-393/RJ;Pista Norte;Colisão com veículos (traseira);;;1;1;;;;;;;1;1;;;
08/04/2016;00:59:00;11;sem vítima;251,05;BR-393/RJ;Pista Sul;Capotamento;1;;;;;;;;;;1;;;;
08/04/2016;09:06:00;24;com vítima;217;BR-393/RJ;Pista Sul;Colisão c/ obstáculos;;;2;;;;;;;;1;1;;;
08/04/2016;21:25:00;75;sem vítima;251;BR-393/RJ;Pista Sul;Colisão lateral no mesmo sentido;2;;;;;;;;;;2;;;;
09/04/2016;09:33:00;25;com vítima;1,643;Alça Sul;Pista Norte;Colisão lateral no sentido contrário;2;;;;;;;;;;0;7;;;
09/04/2016;13:56:00;41;sem vítima;255,667;BR-393/RJ;Pista Norte;Colisão com veículos (traseira);2;;;;;;;;;;4;;;;
09/04/2016;14:24:00;43;sem vítima;255;BR-393/RJ;Pista Norte;Colisão com veículos (traseira);2;;;;;;;;;;2;;;;
09/04/2016;23:59:00;79;com vítima;279;BR-393/RJ;Pista Norte;Colisão com veículos (frontal);1;;;1;;;;;;;1;1;;;
10/04/2016;05:02:00;16;sem vítima;284,4;BR-393/RJ;Pista Sul;Colisão c/ obstáculos;1;;;;;;;;;;1;;;;
10/04/2016;05:34:00;18;sem vítima;283,6;BR-393/RJ;Pista Sul;Saídas de pista;1;;;;;;;;;;1;;;;
10/04/2016;16:18:00;44;com vítima;212,158;BR-393/RJ;Pista Norte;Colisão lateral no mesmo sentido;1;;1;;;;;;;;1;3;;;
11/04/2016;17:56:00;58;com vítima;284;BR-393/RJ;Pista Norte;Colisão com veículos (traseira);1;;;1;;;;;;;1;1;;;
12/04/2016;05:43:00;13;sem vítima;170,9;BR-393/RJ;Pista Sul;Saídas de pista;1;;;;;;;;;;1;;;;
13/04/2016;18:23:00;89;sem vítima;237;BR-393/RJ;Pista Sul;Colisão lateral no mesmo sentido;1;;1;;;;;;;;2;;;;
13/04/2016;19:30:00;92;com vítima;283;BR-393/RJ;Pista Norte;Colisão lateral no sentido contrário;;;1;1;;;;;;;1;1;2;;
13/04/2016;23:01:00;98;com vítima;114;BR-393/RJ;Pista Norte;Colisão c/ obstáculos;;;1;;;;;;;;0;2;;;
14/04/2016;07:22:00;26;sem vítima;130;BR-393/RJ;Pista Norte;Saídas de pista;1;;;;;;;;;;3;;;;
14/04/2016;11:09:00;49;com vítima;201,3;BR-393/RJ;Pista Norte;Colisão c/ obstáculos;1;;;;;;;;;;0;1;;;
15/04/2016;04:39:00;14;sem vítima;229,369;BR-393/RJ;Pista Norte;Saídas de pista;1;;;;;;;;;;2;;;;
15/04/2016;06:05:00;15;com vítima;284,052;BR-393/RJ;Pista Norte;Colisão com veículos (frontal);2;;;;;;;;;;1;1;;;
15/04/2016;09:50:00;27;com vítima;168,768;BR-393/RJ;Pista Norte;Colisão lateral no mesmo sentido;1;;;1;;;;;;;0;2;;;
15/04/2016;14:55:00;44;com vítima;182;BR-393/RJ;Pista Norte;Colisão com veículos (traseira);;;2;;;;;;;;0;2;;;
16/04/2016;18:41:00;37;com vítima;172,288;BR-393/RJ;Pista Sul;Colisão com veículos (frontal);2;;;;;;;;;;8;3;;;
17/04/2016;06:55:00;16;sem vítima;233,987;BR-393/RJ;Pista Sul;Acidente - Outra Natureza;1;;1;;;;;;;;3;;;;
17/04/2016;19:05:00;50;com vítima;271;BR-393/RJ;Pista Norte;Atropelamento - Pedestre;;1;;;1;;;;;;1;;1;;
17/04/2016;19:31:00;53;com vítima;141,502;BR-393/RJ;Pista Sul;Colisão com veículos (traseira);1;;1;;;;;;;;1;1;1;;
18/04/2016;18:38:00;100;sem vítima;283,399;BR-393/RJ;Pista Norte;Colisão lateral no mesmo sentido;1;;1;;;;;;;;2;;;;
19/04/2016;13:54:00;36;sem vítima;238,597;BR-393/RJ;Pista Norte;Colisão lateral no sentido contrário;2;;;;;;;;;;3;;;;
20/04/2016;14:31:00;46;sem vítima;268,301;BR-393/RJ;Pista Sul;Colisão lateral no sentido contrário;1;;1;;;;;;;;2;;;;
20/04/2016;16:09:00;50;sem vítima;107,022;BR-393/RJ;Pista Norte;Colisão lateral no mesmo sentido;2;;;;;;;;;;2;;;;
22/04/2016;05:21:00;25;com vítima;146,007;BR-393/RJ;Pista Norte;Acidente - Outra Natureza;;;;1;;;;;;;0;1;;;
23/04/2016;04:20:00;9;com vítima;217,744;BR-393/RJ;Pista Sul;Acidente - Outra Natureza;;;;1;;;;;;;0;1;;;
23/04/2016;19:32:00;42;sem vítima;143,423;BR-393/RJ;Pista Norte;Atropelamento - Animal;1;;;;;;;;;;1;;;;
24/04/2016;01:58:00;16;com vítima;285;BR-393/RJ;Pista Sul;Colisão c/ obstáculos;1;;;;;;;;;;0;2;;;
24/04/2016;06:34:00;19;com vítima;169,377;BR-393/RJ;Pista Norte;Capotamento;1;;;;;;;;;;0;1;;;
24/04/2016;21:32:00;50;com vítima;248,8;BR-393/RJ;Pista Sul;Colisão com veículos (frontal);2;;;;;;;;;;4;;1;;
24/04/2016;23:15:00;54;com vítima;254,112;BR-393/RJ;Pista Norte;Colisão com veículos (frontal);1;;;1;;;;;;;0;2;1;;
25/04/2016;09:09:00;17;com vítima;175,49;BR-393/RJ;Pista Sul;Acidente - Outra Natureza;;;;1;;;;;;;0;1;;;
25/04/2016;19:12:00;93;sem vítima;178,4;BR-393/RJ;Pista Norte;Colisão lateral no mesmo sentido;2;;;;;;;;;;3;;;;
26/04/2016;07:24:00;24;sem vítima;236,78;BR-393/RJ;Pista Sul;Colisão lateral no sentido contrário;2;;;;;;;;;;4;;;;