data;horario;n_da_ocorrencia;tipo_de_ocorrencia;km;trecho;sentido;tipo_de_acidente;automovel;bicicleta;caminhao;moto;onibus;outros;tracao_animal;transporte_de_cargas_especiais;trator_maquinas;utilitarios;ilesos;levemente_feridos;moderadamente_feridos;gravemente_feridos;mortos
27/04/2016;07:01:00;17;sem vítima;285,6;BR-393/RJ;Pista Norte;Colisão com veículos (traseira);1;;;;1;;;;;;2;;;;
27/04/2016;11:35:00;42;com vítima;121,253;BR-393/RJ;Pista Sul;Colisão c/ obstáculos;1;;;;;;;;;;0;1;;;
27/04/2016;13:45:00;48;com vítima;102,69;BR-393/RJ;Pista Norte;Colisão lateral no mesmo sentido;1;;;1;;;;;;;1;1;;;
27/04/2016;18:07:00;64;com vítima;233,941;BR-393/RJ;Pista Sul;Colisão lateral no mesmo sentido;1;;;1;;;;;;;2;1;;;
28/04/2016;08:14:00;19;com vítima;193,437;BR-393/RJ;Pista Sul;Acidente - Outra Natureza;;1;;;;;;;;;0;1;;;
29/04/2016;14:04:00;39;com vítima;257;BR-393/RJ;Pista Sul;Colisão lateral no mesmo sentido;1;;1;;;;;;;;1;1;;;
29/04/2016;21:43:00;76;com vítima;284,3;BR-393/RJ;Pista Norte;Colisão com veículos (traseira);2;;;;;;;;;;2;2;;;
30/04/2016;15:11:00;65;sem vítima;243,443;BR-393/RJ;Pista Norte;Acidente - Outra Natureza;3;;;;;;;;;;3;;;;
30/04/2016;20:26:00;83;com vítima;276,5;BR-393/RJ;Pista Sul;Colisão lateral no sentido contrário;2;;;;;;;;;;2;1;;;
30/04/2016;22:36:00;88;sem vítima;262;BR-393/RJ;Pista Norte;Saídas de pista;1;;;;;;;;;;1;;;;
30/04/2016;23:45:00;94;sem vítima;282;BR-393/RJ;Pista Sul;Colisão c/ obstáculos;1;;;;;;;;;;1;;;;
01/05/2016;00:46:00;13;sem vítima;121,191;BR-393/RJ;Pista Norte;Saida de Pista;;;1;;;;;;;;1;;;;
02/05/2016;13:13:00;39;com vítima;258,92;BR-393/RJ;Pista Sul;Queda de Moto;;;;1;;;;;;;0;1;;;
02/05/2016;18:04:00;50;com vítima;251,3;BR-393/RJ;Pista Sul;Atropelamento - Ciclista;;1;;1;;;;;;;1;1;;;
04/05/2016;07:24:00;22;com vítima;284,5;BR-393/RJ;Pista Sul;Colisão Lateral Sentido Oposto;1;;;1;;;;;;;1;1;1;;
04/05/2016;11:59:00;50;com vítima;286;BR-393/RJ;Pista Norte;Colisão Traseira;1;;1;;;;;;;;1;1;;;
04/05/2016;23:42:00;106;com vítima;201,376;BR-393/RJ;Pista Norte;Tombamento;;;1;;;;;;;;0;;1;;
06/05/2016;12:32:00;30;com vítima;232,53;BR-393/RJ;Pista Norte;Colisão Transversal;2;;;;;;;;;;2;2;;;
06/05/2016;13:03:00;32;com vítima;202,897;BR-393/RJ;Pista Sul;Capotamento;1;;;;;;;;;;0;3;;;
06/05/2016;17:39:00;43;com vítima;268,4;BR-393/RJ;Pista Norte;Colisão Transversal;2;;;;;;;;;;6;1;;;
06/05/2016;17:58:00;45;com vítima;252;BR-393/RJ;Pista Norte;Atropelamento - Ciclista;;2;;1;;;;;;;1;2;;;
06/05/2016;21:07:00;55;com vítima;276;BR-393/RJ;Pista Sul;Saida de Pista;1;;;;;;;;;;3;1;;;
07/05/2016;05:12:00;16;com vítima;278,9;BR-393/RJ;Pista Sul;Colisão Frontal;2;;;;;;;;;;2;1;;;
07/05/2016;13:02:00;36;com vítima;237,1;BR-393/RJ;Pista Sul;Colisão Traseira;1;;;1;;;;;;;1;1;;;
07/05/2016;13:33:00;43;com vítima;258,278;BR-393/RJ;Pista Sul;Colisão Transversal;2;;;;;;;;;;5;1;;;
07/05/2016;22:05:00;69;sem vítima;279;BR-393/RJ;Pista Sul;Abalroamento - Mesmo Sentido;2;;;;;;;;;;2;;;;
07/05/2016;22:29:00;70;com vítima;232,127;BR-393/RJ;Pista Norte;Capotamento;1;;;;;;;;;;0;1;;;
09/05/2016;03:55:00;15;sem vítima;220,5;BR-393/RJ;Pista Norte;Tombamento;;;1;;;;;;;;1;;;;
09/05/2016;14:19:00;50;sem vítima;284;BR-393/RJ;Pista Norte;Abalroamento - Mesmo Sentido;1;;1;;;;;;;;2;;;;
09/05/2016;16:00:00;53;com vítima;268;BR-393/RJ;Pista Norte;Colisão Lateral Mesmo Sentido;2;;;;;;;;;;1;2;;;
10/05/2016;12:38:00;24;com vítima;132;BR-393/RJ;Pista Sul;Engavetamento;3;;;;;;;;;;2;3;;;
12/05/2016;18:13:00;75;com vítima;284,2;BR-393/RJ;Pista Norte;Abalroamento - Mesmo Sentido;1;;1;;;;;;;;1;1;;;
13/05/2016;13:02:00;39;com vítima;244;BR-393/RJ;Pista Sul;Choque - Defensa, barreira ou "submarino";1;;;;;;;;;;0;1;;;
13/05/2016;21:43:00;51;sem vítima;225,9;BR-393/RJ;Pista Sul;Saida de Pista;1;;;;;;;;;;6;;;;
14/05/2016;03:51:00;3;sem vítima;253;BR-393/RJ;Pista Sul;Colisão Lateral Mesmo Sentido;2;;;;;;;;;;2;;;;
14/05/2016;06:28:00;15;com vítima;168,794;BR-393/RJ;Pista Norte;Colisão Frontal;1;1;;;;;;;;;0;1;;1;
14/05/2016;08:35:00;18;sem vítima;239,388;BR-393/RJ;Pista Sul;Choque - Defensa, barreira ou "submarino";1;;;;;;;;;;1;;;;
14/05/2016;15:40:00;35;sem vítima;282,3;BR-393/RJ;Pista Norte;Colisão Transversal;2;;;;;;;;;;2;;;;
14/05/2016;18:20:00;38;sem vítima;275;BR-393/RJ;Pista Norte;Colisão Traseira;;;2;;;;;;;;3;;;;
15/05/2016;06:46:00;4;com vítima;164,786;BR-393/RJ;Pista Sul;Queda de Moto;;;;1;;;;;;;0;;;;1
15/05/2016;17:44:00;37;com vítima;166;BR-393/RJ;Pista Norte;Colisão Transversal;2;;;;;;;;;;1;1;;;
15/05/2016;18:20:00;39;sem vítima;282,6;BR-393/RJ;Pista Sul;Colisão Traseira;1;;;1;;;;;;;4;;;;
16/05/2016;15:33:00;65;sem vítima;132;BR-393/RJ;Pista Norte;Colisão Transversal;1;;;;;;;;;1;4;;;;
16/05/2016;17:14:00;71;com vítima;220,145;BR-393/RJ;Pista Norte;Colisão Lateral Mesmo Sentido;2;;;;;;;;;;0;2;;;
18/05/2016;09:32:00;15;com vítima;139;BR-393/RJ;Pista Norte;Tombamento;;;1;;;;;;;;0;;1;;
18/05/2016;14:20:00;31;com vítima;213;BR-393/RJ;Pista Sul;Saida de Pista;;;1;;;;;;;;0;1;;;
19/05/2016;10:51:00;20;com vítima;124,4;BR-393/RJ;Pista Sul;Tombamento;;;1;;;;;;;;0;1;;;
19/05/2016;17:51:00;41;com vítima;168;BR-393/RJ;Pista Sul;Atropelamento - Ciclista;;1;;1;;;;;;;0;2;1;;
22/05/2016;01:18:00;2;sem vítima;269;BR-393/RJ;Pista Norte;Colisão Traseira;2;;;;;;;;;;4;;;;
22/05/2016;04:54:00;7;sem vítima;125;BR-393/RJ;Pista Sul;Choque - Defensa, barreira ou "submarino";;;;;1;;;;;;26;;;;
23/05/2016;00:36:00;2;com vítima;152,567;BR-393/RJ;Pista Sul;Tombamento;;;1;;;;;;;;0;1;;;
23/05/2016;08:39:00;11;com vítima;257,962;BR-393/RJ;Pista Norte;Colisão Transversal;;;;;1;;;;;1;2;;1;;
24/05/2016;00:55:00;10;sem vítima;275,409;BR-393/RJ;Pista Sul;Choque - Poste;;;1;;;;;;;;1;;;;
24/05/2016;19:13:00;89;com vítima;128,5;BR-393/RJ;Pista Sul;Colisão Transversal;;;1;1;;;;;;;0;1;;;1
25/05/2016;03:27:00;5;com vítima;187;BR-393/RJ;Pista Sul;Colisão Traseira;1;;1;;;;;;;;1;1;;;
25/05/2016;17:00:00;57;com vítima;175,5;BR-393/RJ;Pista Norte;Colisão Traseira;1;;;;;;;;;1;1;1;;;
26/05/2016;18:39:00;27;sem vítima;286;BR-393/RJ;Pista Sul;Colisão Traseira;2;;;;;;;;;;2;;;;
26/05/2016;19:07:00;29;com vítima;218;BR-393/RJ;Pista Sul;Saida de Pista;1;;;;;;;;;;0;1;;;
27/05/2016;19:02:00;31;com vítima;285,95;BR-393/RJ;Pista Sul;Colisão Transversal;1;;;1;;;;;;;1;1;;;
27/05/2016;21:39:00;36;sem vítima;251;BR-393/RJ;Pista Norte;Colisão Traseira;1;;;1;;;;;;;2;;;;
28/05/2016;10:12:00;22;com vítima;105;BR-393/RJ;Pista Norte;Colisão Lateral Mesmo Sentido;1;;;1;;;;;;;2;1;;;
30/05/2016;07:39:00;14;com vítima;254,2;BR-393/RJ;Pista Sul;Abalroamento - Mesmo Sentido;1;;2;;;;;;;;3;1;;;
30/05/2016;13:35:00;31;sem vítima;177,7;BR-393/RJ;Pista Sul;Colisão Traseira;2;;;;;;;;;;4;;;;
30/05/2016;19:04:00;56;sem vítima;184,123;BR-393/RJ;Pista Sul;Choque - Arvore;1;;;;;;;;;;1;;;;
30/05/2016;20:00:00;60;com vítima;218;BR-393/RJ;Pista Sul;Colisão Transversal;1;;1;;;;;;;;2;1;1;1;
31/05/2016;09:52:00;19;sem vítima;130,2;BR-393/RJ;Pista Sul;Saida de Pista;1;;;;;;;;;;1;;;;
01/06/2016;16:13:00;66;sem vítima;155;BR-393/RJ;Pista Norte;Colisão c/ obstáculos;1;;;;;;;;;;1;;;;
02/06/2016;13:06:00;51;sem vítima;282,9;BR-393/RJ;Pista Norte;Colisão lateral no sentido contrário;1;;1;;;;;;;;3;;;;
02/06/2016;14:43:00;53;sem vítima;218,6;BR-393/RJ;Pista Norte;Colisão lateral no mesmo sentido;;;2;;;;;;;;2;;;;
03/06/2016;07:14:00;21;sem vítima;238,5;BR-393/RJ;Pista Sul;Colisão lateral no sentido contrário;2;;;;;;;;;;2;;;;
03/06/2016;13:21:00;40;sem vítima;278,8;BR-393/RJ;Pista Sul;Colisão lateral no mesmo sentido;1;;;1;;;;;;;2;;;;
03/06/2016;19:24:00;64;sem vítima;279;BR-393/RJ;Pista Norte;Saídas de pista;1;;;;;;;;;;1;;;;
04/06/2016;19:01:00;56;com vítima;222,502;BR-393/RJ;Pista Norte;Colisão com veículos (frontal);1;;;1;;;;;;;1;;;1;1
05/06/2016;03:20:00;20;sem vítima;262,797;BR-393/RJ;Pista Norte;Colisão c/ obstáculos;1;;;;;;;;;;3;;;;
05/06/2016;16:12:00;41;com vítima;174,531;BR-393/RJ;Pista Norte;Acidentes de outra natureza;;;;1;;;;;;;0;1;;;
06/06/2016;08:00:00;22;sem vítima;201,43;BR-393/RJ;Pista Norte;Saídas de pista;;;1;;;;;;;;2;;;;
07/06/2016;21:41:00;45;sem vítima;284,2;BR-393/RJ;Pista Sul;Saídas de pista;1;;;;;;;;;;1;;;;
10/06/2016;11:07:00;52;sem vítima;168,7;BR-393/RJ;Pista Sul;Colisão lateral no sentido contrário;2;;;;;;;;;;2;;;;
10/06/2016;11:47:00;54;sem vítima;218,7;BR-393/RJ;Pista Sul;Colisão lateral no mesmo sentido;2;;;;;;;;;;6;;;;
10/06/2016;14:18:00;62;sem vítima;281,35;BR-393/RJ;Pista Norte;Engavetamento;3;;;;;;;;;;3;;;;
10/06/2016;15:03:00;64;com vítima;103,1;BR-393/RJ;Pista Sul;Saídas de pista;1;;;;;;;;;;0;1;;;
11/06/2016;03:19:00;3;sem vítima;219,6;BR-393/RJ;Pista Norte;Atropelamento de animais;;;1;;;;;;;;1;;;;
11/06/2016;06:11:00;14;com vítima;235;BR-393/RJ;Pista Norte;Colisão lateral no sentido contrário;1;;1;;;;;;;;1;1;;1;
11/06/2016;18:29:00;40;com vítima;176;BR-393/RJ;Pista Sul;Atropelamento de pedestre;1;;;;;;;;;;1;;;1;
12/06/2016;01:22:00;9;sem vítima;230;BR-393/RJ;Pista Sul;Capotamento;1;;;;;;;;;;1;;;;
12/06/2016;07:00:00;13;sem vítima;182;BR-393/RJ;Pista Sul;Colisão c/ obstáculos;1;;;;;;;;;;1;;;;
12/06/2016;09:42:00;20;com vítima;103;BR-393/RJ;Pista Norte;Colisão lateral no sentido contrário;1;;1;;;;;;;;2;1;;;
13/06/2016;21:47:00;112;com vítima;257,1;BR-393/RJ;Pista Norte;Atropelamento de pedestre;;1;1;;;;;;;;2;1;;;
14/06/2016;17:34:00;59;sem vítima;286;BR-393/RJ;Pista Sul;Colisão com veículos (traseira);2;;;;;;;;;;2;;;;
15/06/2016;16:29:00;41;sem vítima;284,95;BR-393/RJ;Pista Sul;Colisão com veículos (traseira);2;;;;;;;;;;2;;;;
16/06/2016;10:29:00;16;com vítima;274,121;BR-393/RJ;Pista Sul;Tombamento;;;1;;;;;;;;0;1;;;
17/06/2016;00:16:00;6;com vítima;246,565;BR-393/RJ;Pista Sul;Capotamento;1;;;;;;;;;;0;1;;;
17/06/2016;09:38:00;36;sem vítima;135,45;BR-393/RJ;Pista Norte;Colisão com veículos (traseira);2;;;;;;;;;;5;;;;
17/06/2016;23:15:00;90;com vítima;236,566;BR-393/RJ;Pista Sul;Colisão lateral no sentido contrário;2;;;;;;;;;;1;4;;;
18/06/2016;10:35:00;31;com vítima;282;BR-393/RJ;Pista Sul;Colisão com veículos (traseira);1;;;1;;;;;;;1;1;;;
19/06/2016;15:57:00;29;sem vítima;238;BR-393/RJ;Pista Norte;Colisão lateral no sentido contrário;1;;;1;;;;;;;2;;;;
19/06/2016;18:17:00;36;com vítima;219;BR-393/RJ;Pista Norte;Colisão com veículos (frontal);3;;;1;;;;;;;4;;1;;
19/06/2016;20:56:00;44;sem vítima;282;BR-393/RJ;Pista Norte;Colisão com veículos (traseira);2;;;;;;;;;;2;;;;
19/06/2016;21:37:00;46;sem vítima;284;BR-393/RJ;Pista Norte;Colisão com veículos (traseira);2;;;;;;;;;;2;;;;
22/06/2016;06:52:00;22;com vítima;168;BR-393/RJ;Pista Norte;Colisão lateral no sentido contrário;1;;;2;;;;;;;3;1;;;
22/06/2016;12:26:00;42;sem vítima;136;BR-393/RJ;Pista Sul;Colisão lateral no mesmo sentido;2;;;;;;;;;;2;;;;
24/06/2016;12:53:00;46;sem vítima;133;BR-393/RJ;Pista Norte;Colisão com veículos (traseira);2;;;;;;;;;;2;;;;
24/06/2016;14:56:00;60;sem vítima;177,78;BR-393/RJ;Pista Norte;Colisão com veículos (traseira);1;;1;;;;;;;;2;;;;
25/06/2016;15:55:00;64;com vítima;146,379;BR-393/RJ;Pista Sul;Acidentes de outra natureza;;;;1;;;;;;;0;1;1;;
25/06/2016;18:47:00;74;com vítima;283;BR-393/RJ;Pista Norte;Atropelamento de pedestre;1;;;;;;;;;;1;1;;;
26/06/2016;15:35:00;34;sem vítima;283,7;BR-393/RJ;Pista Norte;Saídas de pista;1;;;;;;;;;;3;;;;
26/06/2016;17:46:00;38;com vítima;279;BR-393/RJ;Pista Sul;Atropelamento de pedestre;;1;;;1;;;;;;2;1;;;
26/06/2016;18:39:00;42;com vítima;177;BR-393/RJ;Pista Norte;Colisão com veículos (traseira);2;;;;;;;;;;1;2;;;
27/06/2016;02:29:00;10;sem vítima;210,4;BR-393/RJ;Pista Norte;Atropelamento de animais;;;;;1;;;;;;1;;;;
27/06/2016;10:01:00;25;com vítima;285;BR-393/RJ;Pista Sul;Acidentes de outra natureza;;;;1;;;;;;;0;1;;;
28/06/2016;08:04:00;8;sem vítima;284,8;BR-393/RJ;Pista Norte;Colisão lateral no sentido contrário;2;;;;;;;;;;2;;;;
28/06/2016;08:53:00;10;sem vítima;284,93;BR-393/RJ;Pista Norte;Colisão lateral no mesmo sentido;1;;1;;;;;;;;2;;;;
28/06/2016;16:42:00;47;com vítima;259,212;BR-393/RJ;Pista Sul;Atropelamento de pedestre;;1;;;;;;;;1;1;1;1;;
29/06/2016;06:42:00;23;sem vítima;274;BR-393/RJ;Pista Norte;Acidentes de outra natureza;;;;1;;;;;;;2;;;;
29/06/2016;09:12:00;36;com vítima;103,9;BR-393/RJ;Pista Sul;Colisão lateral no mesmo sentido;1;;;1;;;;;;;1;1;;;
29/06/2016;09:30:00;40;sem vítima;233,919;BR-393/RJ;Pista Sul;Colisão lateral no sentido contrário;2;;;;;;;;;;4;;;;
30/06/2016;03:27:00;17;com vítima;159,5;BR-393/RJ;Pista Sul;Acidentes de outra natureza;;;;1;;;;;;;0;;2;;
30/06/2016;08:18:00;30;sem vítima;175;BR-393/RJ;Pista Norte;Tombamento;;;1;;;;;;;;1;;;;
02/07/2016;03:24:00;13;com vítima;257,8;BR-393/RJ;Pista Sul;Colisão com veículos (traseira);2;;;;;;;;;;4;2;;;
02/07/2016;05:59:00;16;sem vítima;276,5;BR-393/RJ;Pista Sul;Colisão lateral no sentido contrário;1;;1;;;;;;;;7;;;;
02/07/2016;06:16:00;19;sem vítima;259,25;BR-393/RJ;Pista Sul;Saídas de pista;1;;;;;;;;;;1;;;;
02/07/2016;06:37:00;21;sem vítima;203,759;BR-393/RJ;Pista Sul;Colisão lateral no sentido contrário;;;2;;;;;;;;2;;;;
02/07/2016;09:29:00;24;com vítima;136;BR-393/RJ;Pista Norte;Colisão lateral no sentido contrário;;;1;;1;;;;;;1;1;;;
02/07/2016;18:42:00;50;sem vítima;284,5;BR-393/RJ;Pista Norte;Colisão com veículos (traseira);2;;;;;;;;;;2;;;;
02/07/2016;21:49:00;68;com vítima;280;BR-393/RJ;Pista Norte;Colisão com veículos (traseira);1;;;;;;;;;1;1;1;;;
03/07/2016;11:50:00;24;sem vítima;142,3;BR-393/RJ;Pista Norte;Colisão lateral no sentido contrário;1;;1;;;;;;;;7;;;;
03/07/2016;13:30:00;29;sem vítima;118;BR-393/RJ;Pista Norte;Saídas de pista;;;;;;;;;;1;5;;;;
03/07/2016;15:44:00;39;com vítima;251,751;BR-393/RJ;Pista Sul;Atropelamento de pedestre;1;;;;;;;;;;1;;;1;
04/07/2016;09:28:00;28;com vítima;285,5;BR-393/RJ;Pista Sul;Colisão lateral no mesmo sentido;1;;1;;;;;;;;2;1;;;
04/07/2016;12:42:00;48;com vítima;282,7;BR-393/RJ;Pista Sul;Colisão com veículos (traseira);2;;;;;;;;;;2;1;;;
04/07/2016;16:24:00;56;sem vítima;280,1;BR-393/RJ;Pista Sul;Colisão com veículos (traseira);2;;;;;;;;;;2;;;;
05/07/2016;20:22:00;46;com vítima;138;BR-393/RJ;Pista Norte;Saídas de pista;1;;;;;;;;;;1;1;;;
06/07/2016;08:56:00;6;sem vítima;228,705;BR-393/RJ;Pista Sul;Colisão com veículos (traseira);2;;;;;;;;;;3;;;;
08/07/2016;14:12:00;51;com vítima;269;BR-393/RJ;Pista Sul;Colisão lateral no mesmo sentido;1;;;1;;;;;;;1;2;;;
08/07/2016;20:43:00;73;com vítima;187;BR-393/RJ;Pista Norte;Saídas de pista;1;;;;;;;;;;0;;2;;
09/07/2016;04:04:00;3;sem vítima;250,7;BR-393/RJ;Pista Norte;Saídas de pista;1;;;;;;;;;;3;;;;
09/07/2016;16:02:00;41;sem vítima;248;BR-393/RJ;Pista Sul;Colisão lateral no mesmo sentido;1;;1;;;;;;;;2;;;;
09/07/2016;16:06:00;42;com vítima;123,121;BR-393/RJ;Pista Norte;Saídas de pista;1;;;;;;;;;;0;3;1;;
09/07/2016;17:04:00;46;com vítima;126,72;BR-393/RJ;Pista Sul;Acidentes de outra natureza;;;;1;;;;;;;0;2;;;
09/07/2016;21:53:00;56;com vítima;286;BR-393/RJ;Pista Sul;Acidentes de outra natureza;;;;1;;;;;;;0;1;;;
09/07/2016;22:40:00;58;sem vítima;3,022;BR-393/RJ;Pista Sul;Acidentes de outra natureza;;;;1;;;;;;;1;;;;
10/07/2016;10:02:00;22;sem vítima;226,168;BR-393/RJ;Pista Norte;Saídas de pista;1;;;;;;;;;;1;;;;
10/07/2016;14:40:00;32;com vítima;207,252;BR-393/RJ;Pista Norte;Capotamento;1;;;;;;;;;;0;3;;;
10/07/2016;17:20:00;44;sem vítima;279,812;BR-393/RJ;Pista Sul;Colisão com veículos (traseira);2;;;;;;;;;;2;;;;
10/07/2016;19:21:00;47;com vítima;282,726;BR-393/RJ;Pista Sul;Engavetamento;3;;;;;;;;;;3;1;;;
11/07/2016;13:12:00;46;sem vítima;284,172;BR-393/RJ;Pista Norte;Colisão com veículos (traseira);2;;;;;;;;;;2;;;;
11/07/2016;17:40:00;63;com vítima;160;BR-393/RJ;Pista Norte;Colisão lateral no mesmo sentido;1;;;1;;;;;;;1;3;;;
12/07/2016;19:03:00;64;sem vítima;241;BR-393/RJ;Pista Norte;Atropelamento de animais;1;;1;;;;;;;;3;;;;
12/07/2016;23:32:00;71;com vítima;258,2;BR-393/RJ;Pista Sul;Colisão c/ obstáculos;1;;;;;;;;;;0;2;;;
13/07/2016;12:23:00;33;com vítima;223,7;BR-393/RJ;Pista Sul;Saídas de pista;;;1;;;;;;;;0;1;;;
14/07/2016;14:49:00;42;com vítima;236,4;BR-393/RJ;Pista Norte;Colisão com veículos (traseira);1;;1;;;;;;;;2;1;;;
14/07/2016;19:09:00;59;sem vítima;284;BR-393/RJ;Pista Norte;Colisão com veículos (traseira);2;;;;;;;;;;2;;;;
15/07/2016;08:40:00;32;com vítima;266,2;BR-393/RJ;Pista Norte;Capotamento;1;;;;;;;;;;0;1;1;;
15/07/2016;12:25:00;54;com vítima;106;BR-393/RJ;Pista Norte;Colisão lateral no sentido contrário;1;;;1;;;;;;;1;1;;;
15/07/2016;16:09:00;78;sem vítima;103,728;BR-393/RJ;Pista Norte;Colisão com veículos (traseira);2;;;;;;;;;;2;;;;
15/07/2016;18:43:00;93;com vítima;284,03;BR-393/RJ;Pista Norte;Atropelamento de pedestre;;1;;1;;;;;;;1;1;;;
17/07/2016;13:52:00;28;com vítima;151,9;BR-393/RJ;Pista Sul;Tombamento;;;1;;;;;;;;0;1;;;
17/07/2016;19:38:00;43;com vítima;210,3;BR-393/RJ;Pista Norte;Atropelamento de animais;1;;;;;;;;;;0;2;1;;
18/07/2016;07:16:00;12;com vítima;229,799;BR-393/RJ;Pista Norte;Acidentes de outra natureza;;;;1;;;;;;;0;1;;;
18/07/2016;09:15:00;22;com vítima;266,918;BR-393/RJ;Pista Sul;Colisão com veículos (traseira);1;;1;;;;;;;;1;1;;;
18/07/2016;15:17:00;61;com vítima;178;BR-393/RJ;Pista Sul;Colisão lateral no mesmo sentido;1;;;1;;;;;;;4;1;;;
18/07/2016;16:24:00;63;sem vítima;283;BR-393/RJ;Pista Norte;Acidentes de outra natureza;;;;1;;;;;;;1;;;;
20/07/2016;18:35:00;57;com vítima;175;BR-393/RJ;Pista Sul;Acidentes de outra natureza;;;;1;;;;;;;0;1;1;;
21/07/2016;15:53:00;36;com vítima;126,2;BR-393/RJ;Pista Norte;Colisão com veículos (traseira);;;2;;;;;;;;0;4;;;
22/07/2016;22:02:00;78;sem vítima;177,757;BR-393/RJ;Pista Sul;Colisão com veículos (traseira);2;;;;;;;;;;6;;;;
22/07/2016;22:34:00;83;com vítima;169,285;BR-393/RJ;Pista Sul;Colisão c/ obstáculos;1;;;;;;;;;;0;1;;;
23/07/2016;03:31:00;18;sem vítima;284,326;BR-393/RJ;Pista Norte;Tombamento;1;;;;;;;;;;1;;;;
23/07/2016;10:30:00;32;com vítima;157,13;BR-393/RJ;Pista Norte;Colisão lateral no sentido contrário;2;;;;;;;;;;2;1;;;
24/07/2016;04:55:00;17;com vítima;172,5;BR-393/RJ;Pista Norte;Colisão lateral no sentido contrário;1;;;;1;;;;;;51;3;;;
24/07/2016;16:20:00;33;sem vítima;285;BR-393/RJ;Pista Norte;Colisão lateral no mesmo sentido;1;;1;;;;;;;;4;;;;
24/07/2016;20:36:00;51;com vítima;208;BR-393/RJ;Pista Norte;Saídas de pista;1;;;;;;;;;;0;1;;;
25/07/2016;19:45:00;74;com vítima;236,036;BR-393/RJ;Pista Sul;Colisão lateral no sentido contrário;1;;;1;;;;;;;1;1;;;
25/07/2016;22:01:00;81;sem vítima;201,693;BR-393/RJ;Pista Sul;Saídas de pista;1;;;;;;;;;;1;;;;
26/07/2016;10:47:00;34;sem vítima;133,974;BR-393/RJ;Pista Norte;Colisão com veículos (traseira);2;;;;;;;;;;4;;;;
26/07/2016;11:14:00;36;com vítima;167,808;BR-393/RJ;Pista Sul;Colisão lateral no sentido contrário;2;;;;;;;;;;4;1;;;
27/07/2016;10:09:00;64;com vítima;282,612;BR-393/RJ;Pista Sul;Engavetamento;2;;1;;;;;;;;6;1;;;
27/07/2016;15:55:00;92;sem vítima;103,666;BR-393/RJ;Pista Sul;Engavetamento;2;;1;;;;;;;;5;;;;
27/07/2016;16:09:00;94;sem vítima;284,562;BR-393/RJ;Pista Sul;Colisão com veículos (traseira);2;;;;;;;;;;2;;;;
27/07/2016;21:45:00;139;sem vítima;190;BR-393/RJ;Pista Sul;Saídas de pista;1;;;;;;;;;;4;;;;
28/07/2016;12:40:00;47;com vítima;167,7;BR-393/RJ;Pista Norte;Colisão lateral no sentido contrário;;;;1;;;;;;1;2;;1;;
29/07/2016;06:54:00;21;sem vítima;283,3;BR-393/RJ;Pista Norte;Colisão lateral no sentido contrário;1;;;;;;;;;1;2;;;;
29/07/2016;08:29:00;28;sem vítima;252,3;BR-393/RJ;Pista Norte;Colisão com veículos (traseira);1;;;;1;;;;;;15;;;;
29/07/2016;20:40:00;65;com vítima;128,935;BR-393/RJ;Pista Norte;Colisão c/ obstáculos;1;;;;;;;;;;0;3;;;
30/07/2016;06:26:00;14;com vítima;277,952;BR-393/RJ;Pista Norte;Colisão c/ obstáculos;1;;;;;;;;;;0;;1;;
30/07/2016;11:24:00;30;sem vítima;273,822;BR-393/RJ;Pista Sul;Colisão lateral no mesmo sentido;2;;1;;;;;;;;5;;;;
31/07/2016;01:29:00;3;sem vítima;284;BR-393/RJ;Pista Sul;Colisão com veículos (traseira);2;;;;;;;;;;2;;;;
31/07/2016;14:37:00;40;sem vítima;235;BR-393/RJ;Pista Norte;Colisão lateral no sentido contrário;2;;;;;;;;;;5;;;;
31/07/2016;16:50:00;50;com vítima;238;BR-393/RJ;Pista Norte;Colisão lateral no sentido contrário;1;;1;;;;;;;;2;1;;;
01/08/2016;00:11:00;2;sem vítima;169,5;BR-393/RJ;Pista Norte;Saídas de pista;1;;;;;;;;;;2;;;;