data;horario;n_da_ocorrencia;tipo_de_ocorrencia;km;trecho;sentido;tipo_de_acidente;automovel;bicicleta;caminhao;moto;onibus;outros;tracao_animal;transporte_de_cargas_especiais;trator_maquinas;utilitarios;ilesos;levemente_feridos;moderadamente_feridos;gravemente_feridos;mortos
01/08/2016;10:32:00;31;com vítima;178;BR-393/RJ;Pista Norte;Colisão com veículos (traseira);1;;1;;;;;;;;1;2;;;
01/08/2016;14:55:00;55;com vítima;285;BR-393/RJ;Pista Norte;Colisão lateral no sentido contrário;1;;;1;;;;;;;1;1;;;
02/08/2016;04:59:00;12;sem vítima;152,412;BR-393/RJ;Pista Norte;Saídas de pista;1;;;;;;;;;;1;;;;
02/08/2016;11:52:00;37;com vítima;243,6;BR-393/RJ;Pista Sul;Saídas de pista;1;;;;;;;;;;0;2;;;
03/08/2016;12:34:00;48;sem vítima;234,618;BR-393/RJ;Pista Norte;Colisão com veículos (traseira);1;;1;;;;;;;;2;;;;
03/08/2016;18:10:00;79;sem vítima;286;BR-393/RJ;Pista Norte;Colisão com veículos (traseira);2;;;;;;;;;;3;;;;
03/08/2016;18:27:00;81;sem vítima;281;BR-393/RJ;Pista Sul;Colisão com veículos (traseira);1;;1;;;;;;;;4;;;;
04/08/2016;08:10:00;30;com vítima;106,6;BR-393/RJ;Pista Norte;Colisão lateral no sentido contrário;1;;;1;;;;;;;1;1;;;
05/08/2016;13:32:00;59;com vítima;236;BR-393/RJ;Pista Sul;Acidentes de outra natureza;;;;1;;;;;;;0;1;;;
06/08/2016;02:25:00;12;com vítima;251,874;BR-393/RJ;Pista Sul;Colisão com veículos (frontal);1;;;1;;;;;;;1;;;;1
06/08/2016;06:04:00;21;com vítima;201,4;BR-393/RJ;Pista Norte;Acidentes de outra natureza;;;;1;;;;;;;0;2;;;
06/08/2016;18:43:00;54;sem vítima;179;BR-393/RJ;Pista Sul;Colisão com veículos (traseira);1;;1;;;;;;;;2;;;;
06/08/2016;18:54:00;56;com vítima;271;BR-393/RJ;Pista Sul;Atropelamento de animais;1;;;;;;;;;;1;1;;;
07/08/2016;02:24:00;1;sem vítima;169,087;BR-393/RJ;Pista Norte;Atropelamento de animais;1;;;;;;;;;;1;;;;
07/08/2016;05:42:00;15;sem vítima;284,3;BR-393/RJ;Pista Norte;Colisão c/ obstáculos;1;;;;;;;;;;1;;;;
07/08/2016;06:30:00;16;sem vítima;262,018;BR-393/RJ;Pista Sul;Colisão c/ obstáculos;1;;;;;;;;;;1;;;;
07/08/2016;14:50:00;32;com vítima;120,238;BR-393/RJ;Pista Norte;Colisão Lateral Mesmo Sentido;;;1;1;;;;;;;1;2;;;
08/08/2016;14:03:00;65;com vítima;235,434;BR-393/RJ;Pista Norte;Colisão lateral no sentido contrário;2;;1;;;;;;;;4;2;;;
10/08/2016;09:35:00;54;sem vítima;284,2;BR-393/RJ;Pista Norte;Colisão lateral no mesmo sentido;1;;1;;;;;;;;3;;;;
10/08/2016;11:17:00;61;sem vítima;281;BR-393/RJ;Pista Norte;Colisão com veículos (traseira);;;2;;;;;;;;2;;;;
10/08/2016;20:41:00;88;com vítima;152;BR-393/RJ;Pista Sul;Tombamento;1;;;;;;;;;;0;1;;;
11/08/2016;03:19:00;13;sem vítima;163,938;BR-393/RJ;Pista Sul;Colisão c/ obstáculos;1;;;;;;;;;;1;;;;
12/08/2016;06:16:00;27;com vítima;138,4;BR-393/RJ;Pista Norte;Colisão lateral no sentido contrário;1;;1;;;;;;;;2;1;1;1;
12/08/2016;08:55:00;39;sem vítima;284,54;BR-393/RJ;Sul;Colisão com veículos (traseira);;;2;;;;;;;;2;;;;
12/08/2016;09:03:00;40;com vítima;114,451;BR-393/RJ;Pista Norte;Tombamento;;;1;;;;;;;;0;1;;;
12/08/2016;22:00:00;106;sem vítima;282;BR-393/RJ;Pista Sul;Engavetamento;3;;;;;;;;;;3;;;;
12/08/2016;23:11:00;109;sem vítima;3;Alça Sul;Pista Sul;Atropelamento de animais;1;;;;;;;;;;1;;;;
13/08/2016;10:26:00;27;sem vítima;285;BR-393/RJ;Pista Norte;Saídas de pista;1;;;;;;;;;;1;;;;
13/08/2016;19:15:00;58;com vítima;138;BR-393/RJ;Pista Sul;Colisão com veículos (frontal);2;;;;;;;;;;2;2;1;;
14/08/2016;18:35:00;39;com vítima;279,631;BR-393/RJ;Pista Norte;Atropelamento de pedestre;1;1;;;;;;;;;1;1;1;1;
14/08/2016;21:55:00;55;com vítima;176,95;BR-393/RJ;Pista Norte;Colisão com veículos (traseira);1;;;1;;;;;;;1;1;;;
15/08/2016;06:44:00;20;com vítima;218,462;BR-393/RJ;Pista Norte;Colisão c/ obstáculos;1;;;;;;;;;;0;;1;;
16/08/2016;01:57:00;18;sem vítima;110,9;BR-393/RJ;Pista Norte;Saídas de pista;1;;;;;;;;;;2;;;;
16/08/2016;07:39:00;39;sem vítima;285,558;BR-393/RJ;Pista Sul;Colisão com veículos (traseira);;;2;;;;;;;;2;;;;
16/08/2016;20:24:00;135;com vítima;283;BR-393/RJ;Pista Norte;Colisão com veículos (frontal);1;;;1;;;;;;;1;1;;;
17/08/2016;06:55:00;21;com vítima;281,5;BR-393/RJ;Pista Sul;Colisão com veículos (traseira);1;;;;;;;;;1;4;3;;;
17/08/2016;11:26:00;39;sem vítima;168;BR-393/RJ;Pista Norte;Colisão com veículos (traseira);2;;;;;;;;;;2;;;;
17/08/2016;21:51:00;76;sem vítima;236;BR-393/RJ;Pista Norte;Saida de Pista;1;;;;;;;;;;1;;;;
18/08/2016;17:46:00;56;sem vítima;281;BR-393/RJ;Pista Norte;Colisão lateral no mesmo sentido;1;;1;;;;;;;;2;;;;
18/08/2016;17:48:00;57;com vítima;237;BR-393/RJ;Pista Sul;Atropelamento de pedestre;;1;;1;;;;;;;0;2;;;
18/08/2016;18:00:00;61;sem vítima;285;BR-393/RJ;Pista Norte;Colisão Traseira;2;;;;;;;;;;2;;;;
18/08/2016;19:19:00;66;sem vítima;286;BR-393/RJ;Pista Norte;Engavetamento;3;;;;;;;;;;3;;;;
19/08/2016;03:19:00;6;com vítima;223,7;BR-393/RJ;Pista Sul;Atropelamento de Animal;;;1;;;;;;;;0;1;;;
19/08/2016;13:00:00;64;com vítima;281;BR-393/RJ;Pista Norte;Atropelamento - Pedestre;;;1;;;;;;;;1;1;;;
19/08/2016;16:41:00;85;sem vítima;282;BR-393/RJ;Pista Norte;Colisão com veículos (traseira);2;;;;;;;;;;2;;;;
19/08/2016;18:08:00;92;com vítima;105;BR-393/RJ;Pista Sul;Colisão com veículos (traseira);2;;;;;;;;;;1;1;;;
20/08/2016;13:08:00;56;com vítima;281,432;BR-393/RJ;Pista Sul;Colisão lateral no sentido contrário;1;;;1;;;;;;;1;1;;;
20/08/2016;21:59:00;98;com vítima;237;BR-393/RJ;Pista Sul;Colisão lateral no sentido contrário;1;;;1;;;;;;;2;;1;;
20/08/2016;22:30:00;104;sem vítima;284,5;BR-393/RJ;Pista Norte;Colisão com veículos (traseira);2;;;;;;;;;;2;;;;
21/08/2016;03:24:00;4;com vítima;239,4;BR-393/RJ;Pista Norte;Colisão c/ obstáculos;1;;;;;;;;;;0;2;;;
21/08/2016;07:56:00;20;sem vítima;244;BR-393/RJ;Pista Sul;Saídas de pista;1;;;;;;;;;;1;;;;
21/08/2016;20:59:00;59;com vítima;229,848;BR-393/RJ;Pista Sul;Capotamento;1;;;;;;;;;;0;6;;;
21/08/2016;22:54:00;62;sem vítima;240;BR-393/RJ;Pista Sul;Saídas de pista;1;;;;;;;;;;1;;;;
23/08/2016;06:48:00;15;com vítima;175,59;BR-393/RJ;Pista Norte;Colisão com veículos (traseira);1;;;;;;;;;1;9;2;;;
23/08/2016;14:47:00;66;com vítima;243,585;BR-393/RJ;Pista Sul;Colisão c/ obstáculos;;;;;;;;;;1;0;1;;;
23/08/2016;15:02:00;67;com vítima;235,099;BR-393/RJ;Pista Sul;Colisão com veículos (traseira);1;;1;;;;;;;;1;2;;;
23/08/2016;19:53:00;86;sem vítima;265;BR-393/RJ;Pista Sul;Acidentes de outra natureza;1;;;;;;;;;;1;;;;
24/08/2016;13:55:00;79;sem vítima;285,288;BR-393/RJ;Pista Norte;Colisão lateral no sentido contrário;2;;;;;;;;;;3;;;;
24/08/2016;18:37:00;107;com vítima;176;BR-393/RJ;Pista Norte;Colisão c/ obstáculos;1;;;;;;;;;;0;1;;;
25/08/2016;04:09:00;5;com vítima;171;BR-393/RJ;Pista Norte;Colisão c/ obstáculos;1;;;;;;;;;;0;1;;;
25/08/2016;05:44:00;14;sem vítima;161,697;BR-393/RJ;Pista Norte;Tombamento;;;1;;;;;;;;1;;;;
25/08/2016;15:53:00;45;sem vítima;283;BR-393/RJ;Pista Norte;Engavetamento;2;;1;;;;;;;;7;;;;
26/08/2016;18:25:00;69;com vítima;256,271;BR-393/RJ;Pista Sul;Atropelamento de pedestre;;;;;1;;;;;;2;;1;;
27/08/2016;23:10:00;67;sem vítima;130;BR-393/RJ;Pista Norte;Saídas de pista;1;;;;;;;;;;2;;;;
28/08/2016;05:16:00;18;com vítima;2,9;Alça Sul;Pista Norte;Colisão c/ obstáculos;1;;;;;;;;;;0;;1;;
28/08/2016;19:22:00;62;com vítima;239;BR-393/RJ;Pista Norte;Colisão lateral no sentido contrário;2;;;;;;;;;;5;1;;;
28/08/2016;20:22:00;66;com vítima;167,9;BR-393/RJ;Pista Sul;Colisão lateral no sentido contrário;;;;1;1;;;;;;17;1;;;
29/08/2016;18:38:00;81;com vítima;195,246;BR-393/RJ;Pista Norte;Atropelamento de animais;1;;;;;;;;;;0;2;;;
30/08/2016;06:14:00;17;sem vítima;106,2;BR-393/RJ;Pista Norte;Colisão com veículos (traseira);;;2;;;;;;;;3;;;;
31/08/2016;13:04:00;40;com vítima;182;BR-393/RJ;Pista Sul;Colisão c/ obstáculos;1;;;;;;;;;;1;1;;;
31/08/2016;14:46:00;42;com vítima;246,157;BR-393/RJ;Pista Norte;Capotamento;;;;;;;;;;1;0;2;;;
01/09/2016;16:26:00;75;com vítima;181,534;BR-393/RJ;Pista Norte;Capotamento;1;;;;;;;;;;0;1;;;
03/09/2016;08:24:00;29;com vítima;173,5;BR-393/RJ;Pista Norte;Capotamento;1;;;;;;;;;;0;1;;;
03/09/2016;18:32:00;54;com vítima;279,668;BR-393/RJ;Pista Sul;Colisão lateral no mesmo sentido;2;;;;;;;;;;1;2;;;
03/09/2016;20:50:00;59;com vítima;274,9;BR-393/RJ;Pista Sul;Tombamento;;;1;;;;;;;;0;2;;;
04/09/2016;03:18:00;7;sem vítima;102,534;BR-393/RJ;Pista Sul;Colisão lateral no mesmo sentido;2;;;;;;;;;;3;;;;
04/09/2016;05:19:00;19;com vítima;283,815;BR-393/RJ;Pista Sul;Colisão com veículos (frontal);2;;1;;;;;;;;1;;1;2;1
04/09/2016;17:38:00;59;com vítima;141,5;BR-393/RJ;Pista Norte;Colisão lateral no mesmo sentido;1;;;1;;;;;;;1;2;;;
04/09/2016;20:15:00;71;sem vítima;280,5;BR-393/RJ;Pista Sul;Colisão com veículos (frontal);1;;1;;;;;;;;2;;;;
05/09/2016;19:23:00;95;sem vítima;182;BR-393/RJ;Pista Norte;Colisão com veículos (traseira);3;;1;;;;;;;;4;;;;
05/09/2016;20:30:00;99;com vítima;181;BR-393/RJ;Pista Sul;Acidentes de outra natureza;;;;1;;;;;;;0;1;;;
05/09/2016;22:16:00;105;com vítima;273,818;BR-393/RJ;Pista Norte;Colisão lateral no mesmo sentido;;;;1;1;;;;;;1;;1;;
06/09/2016;07:15:00;28;sem vítima;285;BR-393/RJ;Pista Norte;Colisão lateral no mesmo sentido;1;;1;;;;;;;;2;;;;
07/09/2016;09:40:00;25;com vítima;271,9;BR-393/RJ;Pista Sul;Saídas de pista;1;;;;;;;;;;0;2;;;
10/09/2016;04:07:00;24;sem vítima;254;BR-393/RJ;Pista Sul;Saídas de pista;1;;;;;;;;;;1;;;;
10/09/2016;23:07:00;73;com vítima;280,681;BR-393/RJ;Pista Sul;Colisão lateral no sentido contrário;1;;;;;;1;;;;1;1;;;
10/09/2016;23:25:00;74;sem vítima;165,459;BR-393/RJ;Pista Norte;Atropelamento de animais;;;;;1;;;;;;45;;;;
11/09/2016;00:25:00;3;com vítima;176,749;BR-393/RJ;Pista Norte;Acidentes de outra natureza;;;;1;;;;;;;0;2;;;
11/09/2016;04:46:00;5;com vítima;237,1;BR-393/RJ;Pista Sul;Colisão com veículos (frontal);1;;1;;;;;;;;0;1;;;1
11/09/2016;21:49:00;57;sem vítima;258;BR-393/RJ;Pista Sul;Atropelamento de animais;1;;;;;;;;;;3;;;;
12/09/2016;16:25:00;67;com vítima;229,746;BR-393/RJ;Pista Sul;Colisão Lateral Mesmo Sentido;1;;1;;;;;;;;1;1;;;
12/09/2016;22:04:00;89;com vítima;284;BR-393/RJ;Pista Sul;Engavetamento;1;;3;;;;;;;;3;;1;;
13/09/2016;16:22:00;62;sem vítima;238,788;BR-393/RJ;Pista Sul;Colisão lateral no sentido contrário;2;;;;;;;;;;3;;;;
13/09/2016;23:01:00;87;com vítima;277,4;BR-393/RJ;Pista Norte;Capotamento;;;;;;;;;;1;0;1;;;
14/09/2016;04:37:00;14;sem vítima;227,8;BR-393/RJ;Pista Sul;Saídas de pista;1;;;;;;;;;;1;;;;
14/09/2016;07:13:00;15;sem vítima;285,6;BR-393/RJ;Pista Sul;Colisão lateral no mesmo sentido;1;;1;;;;;;;;2;;;;
14/09/2016;13:54:00;36;com vítima;104;BR-393/RJ;Pista Sul;Atropelamento de pedestre;;;;1;;;;;;;1;1;;;
14/09/2016;22:53:00;69;sem vítima;217;BR-393/RJ;Pista Norte;Colisão lateral no mesmo sentido;;;;;1;;;;;;1;;;;
15/09/2016;16:30:00;54;com vítima;238,683;BR-393/RJ;Pista Norte;Colisão lateral no sentido contrário;2;;;;;;;;;;1;;2;;
16/09/2016;08:45:00;28;sem vítima;285,483;BR-393/RJ;Pista Sul;Colisão lateral no mesmo sentido;1;;1;;;;;;;;2;;;;
16/09/2016;11:39:00;49;com vítima;103;BR-393/RJ;Pista Norte;Colisão lateral no sentido contrário;;;;2;;;;;;;0;1;1;;
16/09/2016;20:16:00;77;com vítima;152;BR-393/RJ;Pista Norte;Colisão c/ obstáculos;1;;;;;;;;;;0;3;;;
17/09/2016;05:46:00;15;com vítima;123,5;BR-393/RJ;Pista Norte;Acidentes de outra natureza;;;1;;;;;;;;0;1;;;
17/09/2016;07:17:00;24;com vítima;198,72;BR-393/RJ;Pista Sul;Colisão lateral no sentido contrário;;;2;;;;;;;1;0;4;;;
17/09/2016;21:52:00;70;com vítima;141;BR-393/RJ;Pista Sul;Colisão com veículos (traseira);1;;;1;;;;;;;2;1;;;
18/09/2016;18:03:00;36;com vítima;274;BR-393/RJ;Pista Norte;Atropelamento de pedestre;1;1;;;;;;;;;1;;1;;
18/09/2016;22:04:00;51;sem vítima;278;BR-393/RJ;Pista Sul;Saídas de pista;1;;;;;;;;;;1;;;;
19/09/2016;07:15:00;15;com vítima;179,9;BR-393/RJ;Pista Norte;Engavetamento;3;;1;;;;;;;;1;5;;;
19/09/2016;08:27:00;17;com vítima;133,8;BR-393/RJ;Pista Norte;Colisão com veículos (traseira);;;2;;;;;;;;1;1;;;
19/09/2016;16:45:00;55;com vítima;250,5;BR-393/RJ;Pista Norte;Atropelamento de animais;;;;1;;;;;;;0;2;;;
19/09/2016;21:21:00;61;com vítima;283,752;BR-393/RJ;Pista Norte;Colisão com veículos (frontal);1;;;1;;;;;;;1;1;;;
19/09/2016;22:01:00;64;sem vítima;283,834;BR-393/RJ;Pista Sul;Colisão com veículos (traseira);2;;;;;;;;;;3;;;;
21/09/2016;08:38:00;23;sem vítima;131;BR-393/RJ;Pista Norte;Colisão lateral no sentido contrário;2;;;;;;;;;;5;;;;
21/09/2016;09:06:00;26;com vítima;232;BR-393/RJ;Pista Norte;Colisão com veículos (traseira);1;;;1;;;;;;;1;2;;;
21/09/2016;09:27:00;29;com vítima;285;BR-393/RJ;Pista Norte;Colisão com veículos (traseira);1;;;1;;;;;;;1;1;;;
22/09/2016;09:22:00;29;sem vítima;253;BR-393/RJ;Pista Norte;Colisão com veículos (traseira);2;;;;;;;;;;2;;;;
22/09/2016;10:08:00;33;sem vítima;168;BR-393/RJ;Pista Sul;Colisão com veículos (traseira);;;1;;;;;;;1;2;;;;
22/09/2016;17:36:00;56;com vítima;171,7;BR-393/RJ;Pista Norte;Colisão lateral no sentido contrário;;;2;;;;;;;;1;1;;;
23/09/2016;15:56:00;53;sem vítima;281;BR-393/RJ;Pista Norte;Engavetamento;3;;;;;;;;;;3;;;;
23/09/2016;18:42:00;66;sem vítima;280,116;BR-393/RJ;Pista Sul;Colisão lateral no sentido contrário;2;;;;;;;;;;2;;;;
23/09/2016;22:38:00;78;com vítima;184,078;BR-393/RJ;Pista Sul;Saídas de pista;1;;;;;;;;;;0;1;;;
24/09/2016;14:33:00;39;com vítima;285,9;BR-393/RJ;Pista Norte;Atropelamento de pedestre;;;1;;;;;;;;2;;;;1
24/09/2016;15:15:00;41;com vítima;265;BR-393/RJ;Pista Norte;Colisão com veículos (traseira);;;1;1;;;;;;;0;3;;;
24/09/2016;17:13:00;44;sem vítima;111;BR-393/RJ;Pista Sul;Colisão com veículos (traseira);1;;1;;;;;;;;2;;;;
24/09/2016;19:18:00;56;sem vítima;279;BR-393/RJ;Pista Norte;Colisão lateral no sentido contrário;2;;;;;;;;;;2;;;;
25/09/2016;14:08:00;44;com vítima;263;BR-393/RJ;Pista Sul;Acidentes de outra natureza;;;;1;;;;;;;1;1;;;
25/09/2016;17:52:00;51;com vítima;242,461;BR-393/RJ;Pista Norte;Colisão lateral no sentido contrário;1;;1;;;;;;;;1;;;2;3
25/09/2016;19:26:00;58;com vítima;201,434;BR-393/RJ;Pista Norte;Capotamento;;;;;;;;;;1;0;1;1;;
25/09/2016;19:28:00;59;com vítima;139,5;BR-393/RJ;Pista Sul;Colisão com veículos (frontal);1;;1;;;;;;;;1;;;1;
26/09/2016;17:50:00;59;sem vítima;285;BR-393/RJ;Pista Sul;Colisão lateral no sentido contrário;1;;1;;;;;;;;2;;;;
26/09/2016;18:56:00;62;com vítima;283;BR-393/RJ;Pista Norte;Atropelamento de pedestre;1;1;;;;;;;;;1;1;;;
27/09/2016;18:49:00;55;com vítima;250,4;BR-393/RJ;Pista Norte;Colisão lateral no mesmo sentido;1;;;1;;;;;;;1;1;;;
28/09/2016;04:30:00;12;sem vítima;203,268;BR-393/RJ;Pista Sul;Colisão c/ obstáculos;1;;;;;;;;;;1;;;;
28/09/2016;16:46:00;78;sem vítima;215,775;BR-393/RJ;Pista Sul;Colisão com veículos (traseira);1;;;;;1;;;;1;16;;;;
29/09/2016;08:21:00;33;sem vítima;285;BR-393/RJ;Pista Sul;Colisão lateral no mesmo sentido;1;;1;;;;;;;;2;;;;
29/09/2016;18:11:00;76;sem vítima;169,69;BR-393/RJ;Pista Sul;Saídas de pista;1;;;;;;;;;;1;;;;
29/09/2016;18:35:00;77;com vítima;285,9;BR-393/RJ;Pista Sul;Colisão com veículos (traseira);1;;;1;;;;;;;1;1;;;
29/09/2016;19:39:00;82;sem vítima;265,6;BR-393/RJ;Pista Sul;Colisão lateral no mesmo sentido;1;;1;;;;;;;;2;;;;
30/09/2016;14:29:00;52;sem vítima;258,6;BR-393/RJ;Pista Sul;Colisão lateral no mesmo sentido;2;;;;;;;;;;4;;;;
01/10/2016;06:36:00;15;com vítima;195;BR-393/RJ;Sul;Colisão Traseira;1;;1;;;;;;;;2;2;;;
01/10/2016;08:52:00;20;com vítima;266;BR-393/RJ;Norte;Queda de Moto;;;;1;;;;;;;0;1;;;
01/10/2016;17:48:00;47;com vítima;142,1;BR-393/RJ;Norte;Colisão Transversal;1;;;1;;;;;;;1;2;;;
01/10/2016;19:44:00;53;com vítima;237;BR-393/RJ;Norte;Colisão Transversal;2;;;;;;;;;;1;;1;;
02/10/2016;17:45:00;46;com vítima;119;BR-393/RJ;Norte;Capotamento;1;;;;;;;;;;0;1;;;
03/10/2016;17:16:00;55;sem vítima;255,681;BR-393/RJ;Sul;Colisão Traseira;;;2;;;;;;;;2;;;;
03/10/2016;19:09:00;64;com vítima;170;BR-393/RJ;Norte;Choque - Elemento de Drenagem;1;;;;;;;;;;2;1;;;
04/10/2016;08:45:00;19;sem vítima;155,46;BR-393/RJ;Norte;Saida de Pista;1;;;;;;;;;;2;;;;
04/10/2016;11:51:00;31;sem vítima;278;BR-393/RJ;Sul;Colisão Transversal;1;;1;;;;;;;;4;;;;
04/10/2016;19:18:00;53;sem vítima;178;BR-393/RJ;Norte;Colisão Traseira;2;;;;;;;;;;4;;;;
04/10/2016;19:48:00;56;sem vítima;284;BR-393/RJ;Norte;Colisão Traseira;2;;;;;;;;;;2;;;;
05/10/2016;06:32:00;21;com vítima;285,5;BR-393/RJ;Norte;Colisão Lateral Mesmo Sentido;1;;;1;;;;;;;1;1;;;
06/10/2016;07:43:00;19;com vítima;285,9;BR-393/RJ;Norte;Colisão Transversal;1;;;;1;;;;;;3;1;;;
06/10/2016;09:09:00;23;sem vítima;253,7;BR-393/RJ;Norte;Colisão Traseira;2;;;;;;;;;;2;;;;
06/10/2016;16:11:00;47;com vítima;167;BR-393/RJ;Norte;Colisão Traseira;1;;1;;;;;;;;1;1;;;
06/10/2016;19:07:00;52;sem vítima;265;BR-393/RJ;Sul;Colisão Traseira;;;2;;;;;;;;2;;;;
06/10/2016;20:25:00;57;sem vítima;106;BR-393/RJ;Norte;Abalroamento Mesmo Sentido ;1;;1;;;;;;;;2;;;;
07/10/2016;12:31:00;52;sem vítima;252;BR-393/RJ;Norte;Colisão Transversal;2;;1;;;;;;;;3;;;;
07/10/2016;15:52:00;63;com vítima;251;BR-393/RJ;Sul;Atropelamento - Ciclista;1;1;;;;;;;;;1;;1;;
07/10/2016;22:29:00;90;sem vítima;281,4;BR-393/RJ;Norte;Colisão Traseira;2;;;;;;;;;;8;;;;
08/10/2016;06:58:00;18;com vítima;201,65;BR-393/RJ;Sul;Capotamento;1;;;;;;;;;;0;;1;;
08/10/2016;18:26:00;70;com vítima;284,2;BR-393/RJ;Sul;Atropelamento - Pedestre;1;;;;;;;;;;3;;2;;
08/10/2016;18:49:00;72;com vítima;114;BR-393/RJ;Norte;Atropelamento de Animal;1;;;;;;;;;;0;1;;;
08/10/2016;21:22:00;82;com vítima;246,8;BR-393/RJ;Sul;Atropelamento - Ciclista;;1;1;;;;;;;;1;;;;1
08/10/2016;21:30:00;83;sem vítima;283;BR-393/RJ;Sul;Colisão Transversal;2;;;;;;;;;;4;;;;
08/10/2016;23:05:00;90;com vítima;243;BR-393/RJ;Norte;Colisão Frontal;2;;;;;;;;;;2;;1;;
09/10/2016;03:19:00;3;sem vítima;218;BR-393/RJ;Norte;Colisão Traseira;;;1;;;;;;;1;5;;;;
09/10/2016;03:34:00;4;sem vítima;175,7;BR-393/RJ;Sul;Saida de Pista;1;;;;;;;;;;1;;;;
09/10/2016;21:30:00;58;com vítima;143;BR-393/RJ;Norte;Colisão Transversal;2;;;;;;;;;;2;2;1;;
10/10/2016;03:06:00;3;sem vítima;284;BR-393/RJ;Norte;Colisão Transversal;2;;;;;;;;;;2;;;;
10/10/2016;17:57:00;68;com vítima;178;BR-393/RJ;Norte;Colisão Frontal;1;;1;;;;;;;;1;;;1;
11/10/2016;11:04:00;47;sem vítima;283,447;BR-393/RJ;Norte;Abalroamento Mesmo Sentido ;2;;;;;;;;;;4;;;;
11/10/2016;22:02:00;85;sem vítima;284;BR-393/RJ;Norte;Colisão Traseira;2;;;;;;;;;;2;;;;
12/10/2016;10:19:00;26;sem vítima;164,7;BR-393/RJ;Norte;Tombamento;;;1;;;;;;;;2;;;;
14/10/2016;07:13:00;20;com vítima;151,9;BR-393/RJ;Norte;Choque - Talude;1;;;;;;;;;;0;1;;;
15/10/2016;02:31:00;3;sem vítima;246;BR-393/RJ;Norte;Colisão Traseira;2;;;;;;;;;;2;;;;
15/10/2016;04:24:00;5;com vítima;237;BR-393/RJ;Norte;Colisão Frontal;1;;;1;;;;;;;1;1;;;
16/10/2016;02:33:00;2;sem vítima;177;BR-393/RJ;Norte;Saida de Pista;1;;;;;;;;;;3;;;;
16/10/2016;14:58:00;31;com vítima;242;BR-393/RJ;Sul;Colisão Transversal;1;;;1;;;;;;;1;;;1;
16/10/2016;22:30:00;56;sem vítima;270;BR-393/RJ;Sul;Abalroamento Mesmo Sentido ;2;;;;;;;;;;2;;;;
17/10/2016;11:47:00;55;com vítima;168,178;BR-393/RJ;Norte;Colisão Transversal;1;;;1;;;;;;;1;3;;;
18/10/2016;07:52:00;20;sem vítima;215,613;BR-393/RJ;Sul;Abalroamento Mesmo Sentido ;;;2;;;;;;;;2;;;;
19/10/2016;06:40:00;17;com vítima;178,038;BR-393/RJ;Norte;Colisão Lateral Sentido Oposto;1;;;1;;;;;;;0;2;;;
19/10/2016;16:02:00;60;com vítima;105,505;BR-393/RJ;Norte;Colisão Transversal;1;;;1;;;;;;;4;;1;;
20/10/2016;08:52:00;18;com vítima;164,9;BR-393/RJ;Sul;Engavetamento;3;;2;;;;;;;;4;2;;;
21/10/2016;01:00:00;2;com vítima;280;BR-393/RJ;Norte;Atropelamento de Animal;1;;;;;;;;;;0;1;;;
21/10/2016;05:21:00;19;sem vítima;217,443;BR-393/RJ;Sul;Choque - Defensa, barreira ou "submarino";1;;;;;;;;;;1;;;;
21/10/2016;18:54:00;85;com vítima;218;BR-393/RJ;Sul;Atropelamento - Pedestre Usuário;;;;2;;;;;;;1;1;;;
21/10/2016;21:06:00;94;sem vítima;220;BR-393/RJ;Norte;Saida de Pista;1;;;;;;;;;;1;;;;
22/10/2016;00:23:00;1;sem vítima;268;BR-393/RJ;Sul;Colisão Traseira;2;;;;;;;;;;5;;;;
22/10/2016;13:13:00;46;sem vítima;175,423;BR-393/RJ;Sul;Queda de Moto;1;;;1;;;;;;;2;;;;
22/10/2016;21:27:00;68;sem vítima;178;BR-393/RJ;Norte;Colisão Traseira;2;;;;;;;;;;4;;;;
23/10/2016;08:19:00;28;com vítima;257,863;BR-393/RJ;Norte;Colisão Frontal;1;;2;;;;;;;;2;;;1;