data;horario;n_da_ocorrencia;tipo_de_ocorrencia;km;trecho;sentido;tipo_de_acidente;automovel;bicicleta;caminhao;moto;onibus;outros;tracao_animal;transporte_de_cargas_especiais;trator_maquinas;utilitarios;ilesos;levemente_feridos;moderadamente_feridos;gravemente_feridos;mortos
07/10/2017;19:37:00;50;sem vítima;286;BR-393/RJ;Pista Norte;Colisão lateral no sentido contrário;2;;;;;;;;;;2;;;;
07/10/2017;20:32:00;54;com vítima;283,8;BR-393/RJ;Pista Norte;Colisão lateral no mesmo sentido;1;;;1;;;;;;;4;;;1;
07/10/2017;23:41:00;59;sem vítima;211;BR-393/RJ;Pista Norte;Atropelamento de animais;;;1;;;;;;;;1;;;;
08/10/2017;00:05:00;1;com vítima;111,6;BR-393/RJ;Pista Norte;Colisão lateral no sentido contrário;1;;1;;;;;;;;1;;;1;
08/10/2017;00:38:00;2;sem vítima;189,9;BR-393/RJ;Pista Norte;Atropelamento de animais;;;1;;;;;;;;1;;;;
08/10/2017;03:36:00;15;sem vítima;175;BR-393/RJ;Pista Norte;Capotamento;1;;;;;;;;;;1;;;;
08/10/2017;05:12:00;18;com vítima;112;BR-393/RJ;Pista Norte;Colisão com veículos (traseira);1;;;1;;;;;;;4;1;;;
08/10/2017;05:24:00;19;com vítima;136;BR-393/RJ;Pista Norte;Capotamento;1;;;;;;;;;;0;1;;;
08/10/2017;17:21:00;49;com vítima;246,7;BR-393/RJ;Pista Norte;Colisão com veículos (frontal);2;;1;;;;;;;;2;;;;1
08/10/2017;19:10:00;51;com vítima;244,5;BR-393/RJ;Pista Sul;Engavetamento;3;;;;;;;;;;2;5;;;
08/10/2017;19:40:00;53;com vítima;253,6;BR-393/RJ;Pista Sul;Capotamento;1;;;;;;;;;;0;2;;;
09/10/2017;05:46:00;14;com vítima;263,172;BR-393/RJ;Pista Sul;Acidentes de outra natureza;;;;1;;;;;;;0;1;;;
09/10/2017;20:56:00;68;sem vítima;281;BR-393/RJ;Pista Sul;Colisão lateral no mesmo sentido;1;;;1;;;;;;;2;;;;
10/10/2017;14:59:00;53;com vítima;268,295;BR-393/RJ;Pista Norte;Colisão lateral no sentido contrário;2;;;;;;;;;;3;1;;;
10/10/2017;22:57:00;81;com vítima;1,217;Alça Sul;Pista Norte;Colisão com veículos (traseira);2;;;;;;;;;;3;2;;;
11/10/2017;11:26:00;24;com vítima;281;BR-393/RJ;Pista Sul;Colisão lateral no sentido contrário;1;;;1;;;;;;;1;;1;;
11/10/2017;13:52:00;33;sem vítima;118,935;BR-393/RJ;Pista Norte;Colisão c/ obstáculos;1;;;;;;;;;;2;;;;
11/10/2017;21:14:00;60;com vítima;171;BR-393/RJ;Pista Norte;Capotamento;1;;;;;;;;;;0;1;;;
13/10/2017;18:50:00;78;sem vítima;286,35;BR-393/RJ;Pista Sul;Engavetamento;3;;;;;;;;;;4;;;;
14/10/2017;06:42:00;14;com vítima;161,572;BR-393/RJ;Pista Sul;Acidentes de outra natureza;;;;1;;;;;;;1;1;;;
14/10/2017;22:12:00;58;com vítima;280,531;BR-393/RJ;Pista Sul;Colisão com veículos (frontal);1;;;2;;;;;;;1;1;1;;
15/10/2017;15:15:00;34;sem vítima;178;BR-393/RJ;Pista Sul;Colisão com veículos (traseira);1;;1;;;;;;;;5;;;;
16/10/2017;06:39:00;17;sem vítima;284;BR-393/RJ;Pista Norte;Colisão com veículos (traseira);2;;;;;;;;;;2;;;;
16/10/2017;12:05:00;42;sem vítima;285,257;BR-393/RJ;Pista Norte;Colisão c/ obstáculos;2;;;;;;;;;;3;;;;
16/10/2017;14:35:00;47;com vítima;171,462;BR-393/RJ;Pista Norte;Colisão com veículos (frontal);2;;;;;;;;;;1;1;;;
17/10/2017;06:47:00;13;com vítima;176,824;BR-393/RJ;Pista Norte;Atropelamento de pedestre;1;1;;;;;;;;;0;2;;;
17/10/2017;20:27:00;58;com vítima;242,849;BR-393/RJ;Pista Sul;Colisão c/ obstáculos;1;;;;1;;;;;;2;1;;;
18/10/2017;00:21:00;1;sem vítima;2;Alça Sul;Pista Sul;Capotamento;1;;;;;;;;;;1;;;;
18/10/2017;23:32:00;81;sem vítima;195,095;BR-393/RJ;Pista Norte;Colisão lateral no mesmo sentido;1;;1;;;;;;;;3;;;;
20/10/2017;16:02:00;50;sem vítima;195;BR-393/RJ;Pista Sul;Colisão c/ obstáculos;;;1;;;;;;;;1;;;;
20/10/2017;16:09:00;51;com vítima;181,687;BR-393/RJ;Pista Sul;Acidentes de outra natureza;;;;1;;;;;;;0;;1;;
20/10/2017;21:12:00;66;com vítima;104;BR-393/RJ;Pista Sul;Acidentes de outra natureza;1;;;1;;;;;;;1;;1;;
21/10/2017;08:23:00;19;sem vítima;234,812;BR-393/RJ;Pista Sul;Acidentes de outra natureza;;;;1;;;;;;;1;;;;
22/10/2017;18:06:00;58;sem vítima;164,636;BR-393/RJ;Pista Sul;Acidentes de outra natureza;;;;1;;;;;;;2;;;;
23/10/2017;05:21:00;11;sem vítima;123;BR-393/RJ;Pista Sul;Colisão c/ obstáculos;;;1;;;;;;;;2;;;;
23/10/2017;15:18:00;36;com vítima;262,945;BR-393/RJ;Pista Sul;Capotamento;1;;;;;;;;;;0;;1;;
24/10/2017;10:16:00;23;com vítima;107,956;BR-393/RJ;Pista Sul;Acidentes de outra natureza;;;;1;;;;;;;0;1;;;
24/10/2017;17:46:00;42;com vítima;176,625;BR-393/RJ;Pista Norte;Engavetamento;3;;;;;;;;;;4;1;;;
25/10/2017;22:54:00;78;com vítima;102,511;BR-393/RJ;Pista Sul;Colisão lateral no sentido contrário;;;;1;1;;;;;;1;1;;1;
26/10/2017;10:35:00;40;com vítima;267,297;BR-393/RJ;Pista Sul;Colisão c/ obstáculos;1;;;;;;;;;;0;3;;;
26/10/2017;17:26:00;65;sem vítima;195;BR-393/RJ;Pista Sul;Colisão com veículos (traseira);1;;1;;;;;;;;3;;;;
27/10/2017;11:18:00;30;com vítima;102,797;BR-393/RJ;Pista Norte;Colisão lateral no sentido contrário;;;;2;;;;;;;1;1;;;
27/10/2017;16:19:00;45;sem vítima;151,871;BR-393/RJ;Pista Sul;Tombamento;;;1;;;;;;;;1;;;;
27/10/2017;16:37:00;47;sem vítima;169,23;BR-393/RJ;Pista Sul;Tombamento;;;1;;;;;;;;1;;;;
28/10/2017;05:21:00;15;sem vítima;212,586;BR-393/RJ;Pista Norte;Acidentes de outra natureza;;;;;;;;;;1;2;;;;
28/10/2017;12:12:00;27;com vítima;281,248;BR-393/RJ;Pista Norte;Colisão com veículos (traseira);2;;;;;;;;;;2;1;;;
29/10/2017;15:10:00;40;sem vítima;285,088;BR-393/RJ;Pista Sul;Colisão lateral no sentido contrário;1;;;;1;;;;;;2;;;;
30/10/2017;10:35:00;42;com vítima;280,566;BR-393/RJ;Pista Norte;Atropelamento de pedestre;1;;;;;;;;;;0;2;;;
30/10/2017;18:40:00;68;sem vítima;285,092;BR-393/RJ;Pista Sul;Colisão com veículos (traseira);1;;;;;;;;;1;2;;;;
30/10/2017;18:54:00;69;sem vítima;285,251;BR-393/RJ;Pista Sul;Colisão lateral no mesmo sentido;1;;;;1;;;;;;4;;;;
30/10/2017;20:12:00;76;com vítima;182;BR-393/RJ;Pista Sul;Colisão lateral no mesmo sentido;2;;;;;;;;;;2;1;;;
31/10/2017;05:21:00;10;com vítima;0,832;Alça Sul;Pista Norte;Atropelamento de animais;1;;;;;;;;;;0;1;;;
31/10/2017;12:13:00;31;sem vítima;282;BR-393/RJ;Pista Sul;Colisão lateral no sentido contrário;1;;;1;;;;;;;2;;;;
31/10/2017;18:12:00;59;com vítima;282,2;BR-393/RJ;Pista Sul;Colisão com veículos (traseira);2;;;;;;;;;;0;2;;;
31/10/2017;22:30:00;78;com vítima;169;BR-393/RJ;Pista Norte;Atropelamento de animais;1;;;;;;;;;;1;1;;;
03/11/2017;00:45:00;1;com vítima;160,027;BR-393/RJ;Pista Sul;Tombamento;;;1;;;;;;;;0;1;;;
03/11/2017;18:03:00;53;com vítima;243,614;BR-393/RJ;Pista Sul;Tombamento;;;1;;;;;;;1;1;1;;;
04/11/2017;18:56:00;53;sem vítima;285,037;BR-393/RJ;Pista Norte;Colisão c/ obstáculos;1;;;;;;;;;;1;;;;
04/11/2017;21:37:00;62;com vítima;102,223;BR-393/RJ;Pista Norte;Colisão c/ obstáculos;;;;1;;;;;;;0;;2;;
05/11/2017;07:52:00;18;sem vítima;275,6;BR-393/RJ;Pista Norte;Colisão com veículos (traseira);2;;;;;;;;;;5;;;;
05/11/2017;16:55:00;37;sem vítima;151,91;BR-393/RJ;Pista Norte;Saida de Pista;1;;;;;;;;;;1;;;;
06/11/2017;12:04:00;39;sem vítima;231;BR-393/RJ;Pista Norte;Colisão lateral no sentido contrário;1;;1;;;;;;;;2;;;;
07/11/2017;14:28:00;57;sem vítima;101,9;BR-393/RJ;Pista Norte;Colisão lateral no sentido contrário;2;;;;;;;;;;2;;;;
07/11/2017;17:05:00;62;com vítima;134,595;BR-393/RJ;Pista Sul;Acidentes de outra natureza;;;;1;;;;;;;0;1;1;;
07/11/2017;20:44:00;69;com vítima;194;BR-393/RJ;Pista Sul;Acidentes de outra natureza;;;;1;;;;;;;0;1;;;
09/11/2017;13:11:00;52;sem vítima;282;BR-393/RJ;Pista Norte;Colisão lateral no sentido contrário;1;;1;;;;;;;;2;;;;
10/11/2017;02:47:00;11;sem vítima;254;BR-393/RJ;Pista Norte;Colisão c/ obstáculos;1;;;;;;;;;;2;;;;
10/11/2017;05:20:00;14;com vítima;181,8;BR-393/RJ;Pista Sul;Colisão com veículos (traseira);1;;1;;;;;;;;1;1;;;
10/11/2017;17:13:00;68;sem vítima;281,5;BR-393/RJ;Pista Norte;Colisão lateral no sentido contrário;1;;;1;;;;;;;2;;;;
10/11/2017;17:41:00;71;sem vítima;282;BR-393/RJ;Pista Norte;Colisão com veículos (traseira);2;;;;;;;;;;2;;;;
11/11/2017;04:47:00;16;sem vítima;242,5;BR-393/RJ;Pista Sul;Colisão c/ obstáculos;1;;;;;;;;;;4;;;;
11/11/2017;06:03:00;17;com vítima;283,366;BR-393/RJ;Pista Sul;Colisão com veículos (traseira);1;;;1;;;;;;;3;1;;;
11/11/2017;09:47:00;28;com vítima;139,589;BR-393/RJ;Pista Sul;Colisão c/ obstáculos;1;;;;;;;;;;0;3;;;
11/11/2017;16:09:00;43;com vítima;285;BR-393/RJ;Pista Sul;Engavetamento;3;;;;;;;;;;5;1;;;
11/11/2017;16:30:00;44;sem vítima;137,266;BR-393/RJ;Pista Norte;Colisão c/ obstáculos;1;;;;;;;;;;3;;;;
11/11/2017;18:15:00;48;sem vítima;270,664;BR-393/RJ;Pista Norte;Colisão lateral no sentido contrário;2;;;;;;;;;;3;;;;
11/11/2017;19:27:00;51;sem vítima;266;BR-393/RJ;Pista Norte;Colisão c/ obstáculos;1;;;;;;;;;;1;;;;
13/11/2017;03:18:00;5;sem vítima;168,5;BR-393/RJ;Pista Norte;Colisão c/ obstáculos;;;1;;;;;;;;1;;;;
13/11/2017;18:33:00;58;sem vítima;285;BR-393/RJ;Pista Norte;Engavetamento;2;;1;;;;;;;;3;;;;
14/11/2017;05:51:00;11;com vítima;264,176;BR-393/RJ;Pista Sul;Tombamento;;;1;;;;;;;;0;1;;;
14/11/2017;09:19:00;21;sem vítima;195;BR-393/RJ;Pista Sul;Colisão c/ obstáculos;1;;1;;;;;;;;4;;;;
15/11/2017;10:21:00;34;com vítima;164,653;BR-393/RJ;Pista Norte;Acidentes de outra natureza;;;;1;;;;;;;0;1;;;
15/11/2017;16:42:00;56;sem vítima;284,327;BR-393/RJ;Pista Sul;Colisão com veículos (traseira);2;;;;;;;;;;3;;;;
15/11/2017;19:56:00;70;sem vítima;285,6;BR-393/RJ;Pista Sul;Colisão lateral no mesmo sentido;1;;1;;;;;;;;2;;;;
16/11/2017;10:52:00;38;sem vítima;284;BR-393/RJ;Pista Norte;Engavetamento;3;;;;;;;;;;4;;;;
16/11/2017;19:10:00;69;sem vítima;285,5;BR-393/RJ;Pista Norte;Colisão lateral no mesmo sentido;1;;1;;;;;;;;2;;;;
17/11/2017;10:52:00;27;sem vítima;179;BR-393/RJ;Pista Sul;Colisão c/ obstáculos;1;;;;;;;;;;1;;;;
17/11/2017;15:12:00;42;com vítima;225,438;BR-393/RJ;Pista Sul;Colisão c/ obstáculos;1;;;;;;;;;;0;1;;;
18/11/2017;09:02:00;32;com vítima;198,506;BR-393/RJ;Pista Sul;Engavetamento;3;;;;;;;;;;7;1;;;
18/11/2017;11:27:00;46;sem vítima;284,5;BR-393/RJ;Pista Sul;Colisão lateral no mesmo sentido;1;;1;;;;;;;;3;;;;
18/11/2017;13:18:00;51;sem vítima;132,9;BR-393/RJ;Pista Norte;Colisão lateral no sentido contrário;2;;;;;;;;;;5;;;;
18/11/2017;14:00:00;54;sem vítima;284;BR-393/RJ;Pista Norte;Colisão com veículos (traseira);2;;;;;;;;;;4;;;;
18/11/2017;20:20:00;74;sem vítima;175,747;BR-393/RJ;Pista Sul;Colisão com veículos (traseira);2;;;;;;;;;;3;;;;
19/11/2017;04:18:00;14;sem vítima;253,7;BR-393/RJ;Pista Norte;Colisão lateral no sentido contrário;1;;1;;;;;;;;2;;;;
19/11/2017;10:25:00;33;com vítima;274,138;BR-393/RJ;Pista Sul;Colisão lateral no sentido contrário;1;;1;;;;;;;;1;1;;;
19/11/2017;10:40:00;34;com vítima;258,069;BR-393/RJ;Pista Sul;Colisão com veículos (frontal);2;;;;;;;;;;0;4;;2;
19/11/2017;18:13:00;59;sem vítima;244,681;BR-393/RJ;Pista Sul;Capotamento;1;;;;;;;;;;1;;;;
19/11/2017;18:15:00;60;sem vítima;168,147;BR-393/RJ;Pista Sul;Colisão com veículos (traseira);2;;;;;;;;;;2;;;;
19/11/2017;21:05:00;74;sem vítima;218,231;BR-393/RJ;Pista Norte;Colisão c/ obstáculos;1;;;;;;;;;;2;;;;
20/11/2017;08:37:00;16;sem vítima;164,705;BR-393/RJ;Pista Norte;Colisão c/ obstáculos;1;;;;;;;;;;1;;;;
21/11/2017;06:23:00;11;com vítima;216,244;BR-393/RJ;Pista Sul;Capotamento;1;;;;;;;;;;0;2;;;
22/11/2017;07:55:00;27;sem vítima;285,393;BR-393/RJ;Pista Sul;Engavetamento;3;;;;;;;;;;4;;;;
23/11/2017;20:39:00;76;com vítima;271,893;BR-393/RJ;Pista Sul;Saida de Pista;1;;;;;;;;;;0;1;;;
24/11/2017;08:26:00;22;sem vítima;259,615;BR-393/RJ;Pista Sul;Colisão lateral no sentido contrário;;;2;;;;;;;;3;;;;
24/11/2017;10:33:00;33;com vítima;279,483;BR-393/RJ;Pista Norte;Colisão lateral no mesmo sentido;1;;;1;;;;;;;1;1;;;
25/11/2017;03:40:00;14;com vítima;187,613;BR-393/RJ;Pista Sul;Colisão c/ obstáculos;;;1;;;;;;;;1;;1;;
26/11/2017;04:31:00;16;com vítima;268,365;BR-393/RJ;Pista Sul;Atropelamento de pedestre;2;;;;;;;;;;1;2;1;;
27/11/2017;13:53:00;55;com vítima;258,667;BR-393/RJ;Pista Sul;Queda de Moto;;;;1;;;;;;;0;1;;;
27/11/2017;16:23:00;65;com vítima;210,835;BR-393/RJ;Pista Norte;Capotamento;;;1;;;;;;;;0;;1;;
28/11/2017;15:06:00;46;sem vítima;286,034;BR-393/RJ;Pista Sul;Engavetamento;4;;;;;;;;;;5;;;;
29/11/2017;14:31:00;47;sem vítima;284,535;BR-393/RJ;Pista Sul;Colisão com veículos (traseira);2;;;;;;;;;;4;;;;
30/11/2017;12:25:00;53;com vítima;268;BR-393/RJ;Pista Norte;Colisão lateral no sentido contrário;2;;;;;;;;;;1;1;;;
30/11/2017;23:32:00;99;sem vítima;257,942;BR-393/RJ;Pista Norte;Colisão c/ obstáculos;1;;;;;;;;;;1;;;;
01/12/2017;07:36:00;24;sem vítima;261,136;BR-393/RJ;Pista Norte;Colisão lateral no sentido contrário;2;;;;;;;;;;2;;;;
01/12/2017;12:00:00;57;sem vítima;254,189;BR-393/RJ;Pista Sul;Colisão lateral no mesmo sentido;;;2;;;;;;;;2;;;;
01/12/2017;17:34:00;87;sem vítima;285,51;BR-393/RJ;Pista Norte;Colisão lateral no mesmo sentido;1;;;1;;;;;;;2;;;;
01/12/2017;18:08:00;88;sem vítima;285,516;BR-393/RJ;Pista Sul;Colisão lateral no mesmo sentido;1;;1;;;;;;;;2;;;;
01/12/2017;22:03:00;106;sem vítima;122,05;BR-393/RJ;Pista Sul;Colisão c/ obstáculos;1;;;;;;;;;;2;;;;
02/12/2017;16:46:00;57;sem vítima;169,5;BR-393/RJ;Pista Norte;Colisão c/ obstáculos;1;;;;;;;;;;3;;;;
03/12/2017;01:08:00;1;com vítima;183,3;BR-393/RJ;Pista Sul;Colisão lateral no sentido contrário;1;;1;;;;;;;;2;1;;;
03/12/2017;21:28:00;62;com vítima;256,03;BR-393/RJ;Pista Norte;Atropelamento de pedestre;;;;1;;;;;;;1;;1;;
03/12/2017;22:52:00;66;sem vítima;273,3;BR-393/RJ;Pista Sul;Acidentes de outra natureza;;;;1;;;;;;;1;;;;
04/12/2017;18:29:00;85;com vítima;282,273;BR-393/RJ;Pista Norte;Colisão com veículos (frontal);1;;;1;;;;;;;1;1;;;
05/12/2017;18:52:00;77;com vítima;286,398;BR-393/RJ;Pista Sul;Atropelamento de pedestre;;1;;1;;;;;;;1;1;;;
06/12/2017;17:30:00;72;sem vítima;285,47;BR-393/RJ;Pista Norte;Colisão lateral no sentido contrário;2;;;;;;;;;;2;;;;
07/12/2017;23:01:00;94;com vítima;253,3;BR-393/RJ;Pista Sul;Acidentes de outra natureza;;;;1;;;;;;;0;2;;;
08/12/2017;04:17:00;13;com vítima;131,39;BR-393/RJ;Pista Norte;Tombamento;;;1;;;;;;;;0;1;;;
09/12/2017;10:21:00;42;sem vítima;248,139;BR-393/RJ;Pista Sul;Saídas de pista;1;;;;;;;;;;3;;;;
09/12/2017;12:02:00;55;com vítima;238,649;BR-393/RJ;Pista Norte;Colisão lateral no sentido contrário;2;;;;;;;;;;1;2;;;
09/12/2017;14:45:00;66;sem vítima;274,125;BR-393/RJ;Pista Norte;Tombamento;;;3;;;;;;;;3;;;;
10/12/2017;00:40:00;3;com vítima;246,099;BR-393/RJ;Pista Norte;Colisão c/ obstáculos;1;;;;;;;;;;0;1;;;
10/12/2017;20:46:00;65;com vítima;281,35;BR-393/RJ;Pista Norte;Atropelamento de pedestre;1;;;;;;;;;;1;1;;;
11/12/2017;15:43:00;45;com vítima;122,064;BR-393/RJ;Pista Norte;Acidentes de outra natureza;;;;1;;;;;;;0;1;;;
12/12/2017;16:45:00;73;sem vítima;196,112;BR-393/RJ;Pista Norte;Colisão c/ obstáculos;1;;;;;;;;;;2;;;;
15/12/2017;16:54:00;63;com vítima;177,012;BR-393/RJ;Pista Norte;Colisão com veículos (traseira);1;;;1;;;;;;;1;1;1;;
16/12/2017;00:02:00;1;sem vítima;250,523;BR-393/RJ;Pista Norte;Colisão lateral no mesmo sentido;1;;;;1;;;;;;4;;;;
16/12/2017;10:29:00;37;sem vítima;237,622;BR-393/RJ;Pista Norte;Colisão c/ obstáculos;1;;;;;;;;;;1;;;;
16/12/2017;14:54:00;59;sem vítima;128,662;BR-393/RJ;Pista Norte;Colisão com veículos (traseira);2;;;;;;;;;;6;;;;
16/12/2017;19:57:00;85;com vítima;138,45;BR-393/RJ;Pista Norte;Colisão com veículos (traseira);2;;;;;;;;;;2;;1;;
17/12/2017;00:43:00;2;sem vítima;171,7;BR-393/RJ;Pista Norte;Colisão c/ obstáculos;1;;;;;;;;;;3;;;;
17/12/2017;01:35:00;3;sem vítima;235,23;BR-393/RJ;Pista Norte;Colisão c/ obstáculos;1;;;;;;;;;;2;;;;
17/12/2017;03:40:00;16;com vítima;105,244;BR-393/RJ;Pista Norte;Acidentes de outra natureza;;;;1;;;;;;;1;1;;;
17/12/2017;06:28:00;23;sem vítima;139,084;BR-393/RJ;Pista Norte;Saídas de pista;1;;;;;;;;;;5;;;;
17/12/2017;10:47:00;38;com vítima;175,659;BR-393/RJ;Pista Norte;Capotamento;1;;;;;;;;;;0;1;;;
17/12/2017;14:25:00;58;com vítima;128,98;BR-393/RJ;Pista Sul;Colisão com veículos (frontal);1;;;1;;;;;;;1;;1;;
17/12/2017;17:39:00;68;com vítima;175,649;BR-393/RJ;Pista Norte;Acidentes de outra natureza;;;;1;;;;;;;0;;1;;
18/12/2017;06:38:00;24;com vítima;279,253;BR-393/RJ;Pista Norte;Colisão com veículos (traseira);;;1;;;;;;;1;1;1;;;
18/12/2017;07:43:00;28;com vítima;283,102;BR-393/RJ;Pista Sul;Atropelamento de pedestre;;1;1;;;;;;;;1;1;;;
18/12/2017;16:40:00;75;sem vítima;184,64;BR-393/RJ;Pista Sul;Colisão com veículos (traseira);1;;1;;;;;;;;2;;;;
19/12/2017;12:30:00;51;com vítima;246,085;BR-393/RJ;Pista Norte;Colisão lateral no sentido contrário;2;;;;;;;;;;2;2;;;
20/12/2017;14:47:00;73;sem vítima;195,506;BR-393/RJ;Pista Sul;Colisão c/ obstáculos;1;;;;;;;;;;1;;;;
21/12/2017;09:23:00;39;com vítima;175,592;BR-393/RJ;Pista Sul;Acidentes de outra natureza;;;;1;;;;;;;0;1;;;
21/12/2017;13:10:00;66;com vítima;102,537;BR-393/RJ;Pista Sul;Colisão lateral no mesmo sentido;2;;1;;;;;;;;4;1;;;
21/12/2017;18:43:00;98;sem vítima;175,453;BR-393/RJ;Pista Norte;Colisão com veículos (traseira);2;;;;;;;;;;3;;;;
22/12/2017;01:06:00;2;sem vítima;121,612;BR-393/RJ;Pista Norte;Saídas de pista;1;;;;;;;;;;2;;;;
22/12/2017;05:27:00;16;sem vítima;232,8;BR-393/RJ;Pista Norte;Engavetamento;1;;1;;;;;;;1;5;;;;
22/12/2017;10:32:00;44;sem vítima;243,337;BR-393/RJ;Pista Sul;Colisão lateral no sentido contrário;1;;;;1;;;;;;2;;;;
23/12/2017;19:28:00;89;sem vítima;2,521;Alça Sul;Pista Norte;Capotamento;1;;;;;;;;;;3;;;;
23/12/2017;21:34:00;100;com vítima;159,281;BR-393/RJ;Pista Norte;Capotamento;1;;;;;;;;;;0;;1;;
23/12/2017;21:50:00;101;com vítima;244,233;BR-393/RJ;Pista Sul;Acidentes de outra natureza;;;;1;;;;;;;0;2;;;
24/12/2017;14:49:00;50;sem vítima;182,359;BR-393/RJ;Pista Sul;Colisão c/ obstáculos;1;;;;;;;;;;1;;;;
24/12/2017;17:55:00;59;com vítima;269,82;BR-393/RJ;Pista Norte;Colisão c/ obstáculos;;;;1;;;;;;;0;;;1;
24/12/2017;21:49:00;67;com vítima;235,762;BR-393/RJ;Pista Sul;Colisão c/ obstáculos;1;;;;;;;;;;0;1;;;
25/12/2017;02:38:00;8;sem vítima;283,088;BR-393/RJ;Pista Sul;Colisão lateral no sentido contrário;2;;;;;;;;;;4;;;;
25/12/2017;07:40:00;23;com vítima;286,011;BR-393/RJ;Pista Norte;Colisão lateral no sentido contrário;2;;;;;;;;;;1;1;;;
25/12/2017;18:59:00;65;com vítima;176,8;BR-393/RJ;Pista Sul;Colisão com veículos (frontal);2;;;;;;;;;;0;;3;3;3
25/12/2017;22:15:00;73;com vítima;151,414;BR-393/RJ;Pista Norte;Colisão c/ obstáculos;;;;1;;;;;;;0;1;;;
25/12/2017;22:21:00;74;sem vítima;244,101;BR-393/RJ;Pista Norte;Acidentes de outra natureza;;;;1;;;;;;;1;;;;
26/12/2017;08:42:00;28;sem vítima;285,557;BR-393/RJ;Pista Sul;Colisão lateral no sentido contrário;1;;;1;;;;;;;2;;;;
26/12/2017;17:30:00;63;sem vítima;263,654;BR-393/RJ;Pista Sul;Acidentes de outra natureza;;;;1;;;;;;;2;;;;
26/12/2017;18:35:00;67;sem vítima;254,305;BR-393/RJ;Pista Sul;Colisão c/ obstáculos;1;;;;;;;;;;1;;;;
26/12/2017;18:50:00;70;com vítima;139,748;BR-393/RJ;Pista Sul;Tombamento;;;1;;;;;;;;1;1;;;
27/12/2017;07:31:00;18;com vítima;283,359;BR-393/RJ;Pista Norte;Colisão lateral no sentido contrário;1;;;1;;;;;;;1;1;;;
27/12/2017;11:10:00;40;com vítima;204,09;BR-393/RJ;Pista Norte;Capotamento;1;;;;;;;;;;0;2;;;
27/12/2017;17:55:00;68;sem vítima;281,212;BR-393/RJ;Pista Norte;Colisão com veículos (traseira);2;;;;;;;;;;4;;;;
28/12/2017;13:40:00;58;sem vítima;213,858;BR-393/RJ;Pista Sul;Colisão c/ obstáculos;1;;;;;;;;;;2;;;;
28/12/2017;14:07:00;62;sem vítima;281,335;BR-393/RJ;Pista Sul;Colisão lateral no mesmo sentido;2;;;;;;;;;;2;;;;
28/12/2017;18:25:00;79;sem vítima;160,495;BR-393/RJ;Pista Sul;Saídas de pista;1;;;;;;;;;;3;;;;
28/12/2017;18:52:00;80;sem vítima;217,096;BR-393/RJ;Pista Norte;Colisão c/ obstáculos;1;;;;;;;;;;2;;;;
29/12/2017;07:40:00;22;sem vítima;254,184;BR-393/RJ;Pista Sul;Colisão lateral no sentido contrário;1;;2;;1;;;;;;9;;;;
29/12/2017;14:58:00;55;com vítima;142,232;BR-393/RJ;Pista Norte;Atropelamento de pedestre;1;1;;;;;;;;;1;;1;;
29/12/2017;15:46:00;58;com vítima;236,337;BR-393/RJ;Pista Norte;Colisão lateral no sentido contrário;1;;;1;;;;;;;2;2;;;
30/12/2017;05:10:00;17;sem vítima;172,228;BR-393/RJ;Pista Norte;Colisão c/ obstáculos;1;;;;;;;;;;1;;;;
30/12/2017;10:53:00;33;sem vítima;257,95;BR-393/RJ;Pista Sul;Colisão c/ obstáculos;1;;;;;;;;;;1;;;;
30/12/2017;12:13:00;36;sem vítima;164,72;BR-393/RJ;Pista Norte;Colisão c/ obstáculos;1;;;;;;;;;;1;;;;
30/12/2017;18:03:00;61;sem vítima;144,6;BR-393/RJ;Pista Sul;Colisão lateral no sentido contrário;1;;1;;;;;;;;3;;;;