data;horario;n_da_ocorrencia;tipo_de_ocorrencia;km;trecho;sentido;tipo_de_acidente;automovel;bicicleta;caminhao;moto;onibus;outros;tracao_animal;transporte_de_cargas_especiais;trator_maquinas;utilitarios;ilesos;levemente_feridos;moderadamente_feridos;gravemente_feridos;mortos
30/03/2018;19:00:00;52;com vítima;247,165;BR-393/RJ;Pista Norte;Colisão c/ obstáculos;1;;;;;;;;;;0;1;;;
31/03/2018;10:43:00;20;sem vítima;107,2;BR-393/RJ;Pista Norte;Colisão lateral no mesmo sentido;1;;1;;;;;;;;4;;;;
31/03/2018;20:13:00;43;sem vítima;279,677;BR-393/RJ;Pista Norte;Colisão com veículos (traseira);2;;;;;;;;;;3;;;;
01/04/2018;12:39:00;32;com vítima;200,5;BR-393/RJ;Pista Norte;Colisão lateral no sentido contrário;2;;;;;;;;;;1;1;;;
02/04/2018;18:58:00;58;sem vítima;285,113;BR-393/RJ;Pista Norte;Colisão com veículos (traseira);2;;;;;;;;;;5;;;;
03/04/2018;08:25:00;28;com vítima;283,58;BR-393/RJ;Pista Norte;Atropelamento de pedestre;;1;1;;;;;;;;2;;;1;
03/04/2018;17:51:00;61;sem vítima;281,68;BR-393/RJ;Pista Norte;Engavetamento;4;;;;;;;;;;9;;;;
03/04/2018;18:53:00;64;sem vítima;138,347;BR-393/RJ;Pista Norte;Colisão c/ obstáculos;1;;;;;;;;;;1;;;;
04/04/2018;22:38:00;64;com vítima;165,237;BR-393/RJ;Pista Norte;Colisão com veículos (frontal);2;;;;;;;;;;0;2;;;
05/04/2018;01:35:00;8;sem vítima;211,704;BR-393/RJ;Pista Norte;Atropelamento de animais;;;1;;;;;;;;1;;;;
05/04/2018;10:03:00;35;com vítima;168;BR-393/RJ;Pista Norte;Colisão lateral no mesmo sentido;1;;;1;;;;;;;1;1;;;
08/04/2018;03:40:00;19;sem vítima;244,367;BR-393/RJ;Pista Sul;Colisão c/ obstáculos;1;;;;;;;;;;1;;;;
08/04/2018;22:45:00;55;com vítima;124;BR-393/RJ;Pista Norte;Acidentes de outra natureza;;;;1;;;;;;;1;1;;;
08/04/2018;22:55:00;56;com vítima;163,929;BR-393/RJ;Pista Norte;Colisão com veículos (traseira);1;;1;;;;;;;;1;1;;;
09/04/2018;03:29:00;2;sem vítima;282,521;BR-393/RJ;Pista Sul;Saídas de pista;1;;;;;;;;;;1;;;;
10/04/2018;16:50:00;48;sem vítima;175;BR-393/RJ;Pista Sul;Acidentes de outra natureza;;;;1;;;;;;;1;;;;
10/04/2018;17:33:00;49;com vítima;281,435;BR-393/RJ;Pista Sul;Colisão lateral no sentido contrário;1;;;1;;;;;;;1;1;;;
10/04/2018;18:30:00;54;sem vítima;282;BR-393/RJ;Pista Norte;Colisão lateral no mesmo sentido;1;;1;;;;;;;;2;;;;
10/04/2018;22:30:00;60;com vítima;244,263;BR-393/RJ;Pista Sul;Acidentes de outra natureza;;;;1;;;;;;;0;2;;;
11/04/2018;15:19:00;59;com vítima;281;BR-393/RJ;Pista Norte;Colisão c/ obstáculos;;;;1;;;;;;;1;1;;;
12/04/2018;18:47:00;64;com vítima;103,639;BR-393/RJ;Pista Norte;Colisão c/ obstáculos;1;;1;1;;;;;;;2;;;1;1
13/04/2018;13:04:00;35;com vítima;177,673;BR-393/RJ;Pista Sul;Colisão lateral no mesmo sentido;1;;;1;;;;;;;1;1;;;
14/04/2018;07:00:00;19;com vítima;161,701;BR-393/RJ;Pista Norte;Tombamento;;;1;;;;;;;;0;1;;;
14/04/2018;13:32:00;33;com vítima;280,177;BR-393/RJ;Pista Norte;Atropelamento de pedestre;1;1;;;;;;;;;1;1;;;
14/04/2018;18:01:00;52;com vítima;161,348;BR-393/RJ;Pista Norte;Acidentes de outra natureza;;;;1;;;;;;;0;1;;;
14/04/2018;22:26:00;67;com vítima;106,888;BR-393/RJ;Pista Norte;Colisão lateral no sentido contrário;1;;;1;;;;;;;3;;1;;
15/04/2018;02:28:00;4;com vítima;280,13;BR-393/RJ;Pista Norte;Colisão com veículos (traseira);1;;;;1;;;;;;1;1;;;
15/04/2018;06:32:00;17;sem vítima;271,285;BR-393/RJ;Pista Norte;Colisão com veículos (traseira);2;;;;;;;;;;5;;;;
15/04/2018;13:49:00;31;com vítima;128,082;BR-393/RJ;Pista Sul;Acidentes de outra natureza;;;;1;;;;;;;0;2;;;
15/04/2018;14:16:00;34;sem vítima;129,966;BR-393/RJ;Pista Sul;Saídas de pista;1;;;;;;;;;;2;;;;
15/04/2018;19:12:00;47;sem vítima;282;BR-393/RJ;Pista Norte;Colisão lateral no sentido contrário;2;;1;;;;;;;;3;;;;
16/04/2018;14:38:00;47;com vítima;254;BR-393/RJ;Pista Norte;Colisão c/ obstáculos;1;;;;;;;;;;2;2;;;
16/04/2018;18:43:00;64;com vítima;250,954;BR-393/RJ;Pista Norte;Colisão lateral no mesmo sentido;1;;;;;;;;;1;1;3;;;
17/04/2018;08:09:00;17;com vítima;282,38;BR-393/RJ;Pista Norte;Acidentes de outra natureza;;;;1;;;;;;;0;1;;;
17/04/2018;19:56:00;54;com vítima;281,096;BR-393/RJ;Pista Sul;Colisão lateral no sentido contrário;1;;1;;1;;;;;;2;1;;;
19/04/2018;10:52:00;34;com vítima;114,337;BR-393/RJ;Pista Norte;Colisão c/ obstáculos;;;1;;;;;;;;0;1;;;
19/04/2018;11:57:00;40;sem vítima;286,077;BR-393/RJ;Pista Norte;Colisão com veículos (traseira);1;;1;;;;;;;;2;;;;
20/04/2018;13:09:00;49;com vítima;281,8;BR-393/RJ;Pista Norte;Atropelamento de pedestre;1;1;;;;;;;;;3;1;;;
21/04/2018;06:08:00;23;com vítima;174,8;BR-393/RJ;Pista Sul;Saídas de pista;1;;;;;;;;;;0;1;;;
22/04/2018;06:21:00;19;com vítima;268,091;BR-393/RJ;Pista Sul;Colisão com veículos (frontal);2;;;1;;;;;;;2;1;3;;
22/04/2018;09:56:00;23;com vítima;279,54;BR-393/RJ;Pista Norte;Colisão com veículos (traseira);1;;;1;;;;;;;0;2;;;
22/04/2018;11:20:00;28;sem vítima;146,705;BR-393/RJ;Pista Sul;Saídas de pista;;;1;;;;;;;;1;;;;
22/04/2018;19:21:00;42;com vítima;184,442;BR-393/RJ;Pista Sul;Colisão com veículos (frontal);2;;;;;;;;;;1;2;;;
22/04/2018;20:16:00;43;com vítima;282,532;BR-393/RJ;Pista Norte;Acidentes de outra natureza;;;;1;;;;;;;0;2;;;
23/04/2018;17:38:00;46;com vítima;281,199;BR-393/RJ;Pista Norte;Colisão lateral no sentido contrário;;;1;1;;;;;;;1;;1;;
23/04/2018;18:22:00;48;com vítima;179,334;BR-393/RJ;Pista Norte;Colisão lateral no sentido contrário;;;1;1;;;;;;;1;;1;;
24/04/2018;18:47:00;63;sem vítima;181,938;BR-393/RJ;Pista Sul;Engavetamento;3;;;;;;;;;;7;;;;
26/04/2018;05:32:00;13;sem vítima;195,059;BR-393/RJ;Pista Norte;Colisão c/ obstáculos;;;1;;;;;;;;1;;;;
30/04/2018;05:05:00;19;sem vítima;198,998;BR-393/RJ;Pista Sul;Colisão c/ obstáculos;1;;1;;;;;;;;6;;;;
30/04/2018;13:35:00;31;com vítima;238,63;BR-393/RJ;Pista Sul;Colisão lateral no sentido contrário;1;;1;;;;;;;;1;2;;;
30/04/2018;21:54:00;48;sem vítima;172,317;BR-393/RJ;Pista Norte;Colisão c/ obstáculos;1;;;;;;;;;;1;;;;
30/04/2018;05:05:00;19;sem vítima;198,998;BR-393/RJ;Pista Sul;Colisão c/ obstáculos;1;;1;;;;;;;;6;;;;
30/04/2018;13:35:00;31;com vítima;238,63;BR-393/RJ;Pista Sul;Colisão lateral no sentido contrário;1;;1;;;;;;;;1;2;;;
30/04/2018;21:54:00;48;sem vítima;172,317;BR-393/RJ;Pista Norte;Colisão c/ obstáculos;1;;;;;;;;;;1;;;;
01/05/2018;10:59:00;24;sem vítima;280,227;BR-393/RJ;Norte;Colisão com veículos (traseira);2;;;;;;;;;;2;;;;
01/05/2018;14:15:00;39;sem vítima;216,129;BR-393/RJ;Sul;Colisão lateral no mesmo sentido;;;2;;;;;;;;2;;;;
01/05/2018;16:21:00;51;sem vítima;258,481;BR-393/RJ;Sul;Colisão com veículos (frontal);2;;;;;;;;;;3;;;;
04/05/2018;12:21:00;38;com vítima;106,595;BR-393/RJ;Sul;Colisão lateral no sentido contrário;;;1;1;;;;;;;1;;1;;
05/05/2018;09:50:00;33;com vítima;104,777;BR-393/RJ;Norte;Colisão lateral no sentido contrário;2;;;;;;;;;;0;2;;;
06/05/2018;21:21:00;50;com vítima;279,067;BR-393/RJ;Sul;Colisão com veículos (frontal);1;;;1;;;;;;;1;;;1;
07/05/2018;11:34:00;43;com vítima;106,629;BR-393/RJ;Norte;Colisão lateral no sentido contrário;1;;;1;;;;;;;1;1;;;
07/05/2018;13:27:00;48;sem vítima;178,532;BR-393/RJ;Norte;Colisão lateral no sentido contrário;1;;;1;;;;;;;2;;;;
08/05/2018;09:04:00;28;sem vítima;273,033;BR-393/RJ;Norte;Saídas de pista;;;1;;;;;;;;1;;;;
08/05/2018;16:03:00;60;sem vítima;274,89;BR-393/RJ;Sul;Saídas de pista;1;;;;;;;;;;1;;;;
09/05/2018;10:02:00;29;com vítima;170,95;BR-393/RJ;Norte;Tombamento;;;1;;;;;;;;0;1;;;
10/05/2018;01:39:00;11;com vítima;161,721;BR-393/RJ;Norte;Capotamento;;;1;;;;;;;;0;1;;;
10/05/2018;07:36:00;16;com vítima;284,148;BR-393/RJ;Norte;Atropelamento de pedestre;1;1;;;;;;;;;1;;1;;
10/05/2018;19:32:00;57;com vítima;2,2;Alça Sul;Norte;Colisão lateral no mesmo sentido;2;;;;;;;;;;1;2;;;
11/05/2018;12:09:00;51;sem vítima;103,907;BR-393/RJ;Norte;Colisão com veículos (traseira);1;;1;;;;;;;;6;;;;
11/05/2018;19:17:00;70;com vítima;171,477;BR-393/RJ;Norte;Colisão lateral no sentido contrário;2;;;;;;;;;;1;1;;;
13/05/2018;10:34:00;22;sem vítima;121,37;BR-393/RJ;Norte;Tombamento;;;1;;;;;;;;2;;;;
13/05/2018;19:39:00;39;com vítima;280,721;BR-393/RJ;Norte;Atropelamento de animais;;;;1;;;;;;;0;1;;;
14/05/2018;13:34:00;43;sem vítima;178,317;BR-393/RJ;Norte;Colisão com veículos (traseira);1;;1;;;;;;;;4;;;;
14/05/2018;14:46:00;47;com vítima;274,78;BR-393/RJ;Sul;Acidentes de outra natureza;;;;1;;;;;;;0;1;;;
14/05/2018;19:22:00;62;com vítima;178,222;BR-393/RJ;Norte;Colisão lateral no sentido contrário;1;;;;1;;;;;;0;2;;;
15/05/2018;17:59:00;63;sem vítima;266,066;BR-393/RJ;Sul;Colisão c/ obstáculos;1;;;;;;;;;;1;;;;
16/05/2018;18:20:00;56;sem vítima;236,761;BR-393/RJ;Sul;Colisão lateral no sentido contrário;2;;;;;;;;;;2;;;;
16/05/2018;18:35:00;57;com vítima;251,377;BR-393/RJ;Sul;Colisão lateral no mesmo sentido;;;1;1;;;;;;;1;1;;;
16/05/2018;18:52:00;60;com vítima;233,987;BR-393/RJ;Norte;Colisão lateral no sentido contrário;1;;;;;;;;;1;2;1;;;
17/05/2018;00:44:00;12;sem vítima;232,103;BR-393/RJ;Norte;Colisão c/ obstáculos;1;;;;;;;;;;2;;;;
17/05/2018;07:42:00;20;com vítima;252,393;BR-393/RJ;Sul;Colisão lateral no sentido contrário;2;;;;;;;;;;1;3;;;
17/05/2018;19:12:00;68;sem vítima;265,553;BR-393/RJ;Sul;Colisão lateral no mesmo sentido;2;;;;;;;;;;4;;;;
18/05/2018;05:30:00;17;com vítima;230,409;BR-393/RJ;Norte;Colisão com veículos (traseira);1;;;;;;;;1;;1;2;;;
18/05/2018;08:38:00;32;sem vítima;282,354;BR-393/RJ;Norte;Colisão lateral no mesmo sentido;1;;1;;;;;;;;2;;;;
19/05/2018;08:39:00;20;sem vítima;281,5;BR-393/RJ;Sul;Colisão lateral no sentido contrário;1;;;1;;;;;;;2;;;;
19/05/2018;13:14:00;35;com vítima;282,177;BR-393/RJ;Sul;Atropelamento de pedestre;1;;;;;;;;;;1;1;;;
19/05/2018;20:58:00;48;sem vítima;124,478;BR-393/RJ;Norte;Capotamento;1;;;;;;;;;;5;;;;
20/05/2018;03:23:00;6;sem vítima;200,137;BR-393/RJ;Norte;Atropelamento de animais;1;;;;;;;;;;1;;;;
20/05/2018;05:41:00;10;sem vítima;286,02;BR-393/RJ;Sul;Colisão com veículos (traseira);1;;;;1;;;;;;3;;;;
20/05/2018;12:09:00;34;sem vítima;109,617;BR-393/RJ;Norte;Colisão com veículos (traseira);;;1;;;;;;;1;2;;;;
20/05/2018;19:19:00;53;com vítima;182,221;BR-393/RJ;Norte;Colisão com veículos (traseira);1;;;1;;;;;;;0;5;;;
21/05/2018;00:06:00;1;sem vítima;113,243;BR-393/RJ;Norte;Atropelamento de animais;;;1;;;;;;;;1;;;;
22/05/2018;06:37:00;15;sem vítima;278,319;BR-393/RJ;Sul;Colisão com veículos (traseira);1;;1;;;;;;;;4;;;;
22/05/2018;11:28:00;30;com vítima;106,737;BR-393/RJ;Sul;Colisão lateral no sentido contrário;2;;;;;;;;;;2;1;;;
22/05/2018;18:01:00;51;sem vítima;138,206;BR-393/RJ;Sul;Saídas de pista;1;;;;;;;;;;1;;;;
23/05/2018;11:27:00;32;sem vítima;178,543;BR-393/RJ;Norte;Colisão com veículos (traseira);1;;1;;;;;;;;5;;;;
23/05/2018;21:44:00;53;com vítima;280,495;BR-393/RJ;Norte;Atropelamento de pedestre;;1;;1;;;;;;;1;1;;;
24/05/2018;17:44:00;45;com vítima;217,336;BR-393/RJ;Norte;Acidentes de outra natureza;;1;;;;;;;;;0;1;;;
28/05/2018;18:15:00;41;com vítima;171,505;BR-393/RJ;Sul;Atropelamento de pedestre;1;;;;;;;;;;2;1;;;1
29/05/2018;20:19:00;41;com vítima;231,626;BR-393/RJ;Sul;Colisão com veículos (traseira);1;;1;;;;;;;;0;2;;;
30/05/2018;06:38:00;16;sem vítima;226,216;BR-393/RJ;Sul;Saídas de pista;1;;;;;;;;;;1;;;;
30/05/2018;20:36:00;43;com vítima;257,1;BR-393/RJ;Norte;Atropelamento de pedestre;1;1;;;;;;;;;1;;1;;
31/05/2018;09:29:00;22;sem vítima;225,5;BR-393/RJ;Norte;Atropelamento de animais;1;;;;;;;;;;1;;;;
31/05/2018;09:45:00;23;sem vítima;254,017;BR-393/RJ;Norte;Colisão lateral no sentido contrário;1;;1;;;;;;;;2;;;;
31/05/2018;18:19:00;42;com vítima;244,402;BR-393/RJ;Norte;Colisão com veículos (traseira);;;2;;;;;;;;0;2;;;
01/06/2018;08:16:00;22;com vítima;162,077;BR-393/RJ;Norte;Tombamento;;;1;;;;;;;;0;1;;;
01/06/2018;18:10:00;45;sem vítima;229,607;BR-393/RJ;Norte;Colisão c/ obstáculos;;;1;;;;;;;;1;;;;
02/06/2018;06:51:00;19;com vítima;229,502;BR-393/RJ;Norte;Colisão com veículos (traseira);1;;1;;;;;;;1;5;2;;;
02/06/2018;07:03:00;21;com vítima;239,927;BR-393/RJ;Sul;Capotamento;1;;;;;;;;;;0;2;;;
02/06/2018;07:28:00;22;com vítima;132,565;BR-393/RJ;Sul;Colisão com veículos (traseira);1;;;1;;;;;;;1;1;;;
02/06/2018;19:43:00;57;com vítima;283,778;BR-393/RJ;Sul;Atropelamento de pedestre;1;1;;;;;;;;;0;1;1;;
02/06/2018;23:52:00;71;sem vítima;282,317;BR-393/RJ;Norte;Acidentes de outra natureza;;;;1;;;;;;;1;;;;
03/06/2018;03:34:00;10;sem vítima;195,87;BR-393/RJ;Sul;Saídas de pista;1;;;;;;;;;;2;;;;
04/06/2018;10:26:00;35;com vítima;171,648;BR-393/RJ;Sul;Acidentes de outra natureza;;;;1;;;;;;;0;;1;;
04/06/2018;19:36:00;52;com vítima;255,973;BR-393/RJ;Sul;Atropelamento de pedestre;1;;1;;;;;;;;3;;;;1
04/06/2018;21:47:00;56;com vítima;195,394;BR-393/RJ;Sul;Colisão com veículos (traseira);;;2;;;;;;;;1;1;;;
05/06/2018;08:06:00;22;sem vítima;152,33;BR-393/RJ;Sul;Colisão c/ obstáculos;1;;;;;;;;;;1;;;;
05/06/2018;17:15:00;53;sem vítima;283,8;BR-393/RJ;Norte;Colisão lateral no sentido contrário;2;;;;;;;;;;3;;;;
06/06/2018;09:26:00;22;sem vítima;283,669;BR-393/RJ;Sul;Colisão lateral no sentido contrário;2;;;;;;;;;;3;;;;
07/06/2018;16:52:00;58;com vítima;244,143;BR-393/RJ;Norte;Tombamento;3;;1;1;;;;;;;3;2;;1;
07/06/2018;19:27:00;67;com vítima;243,426;BR-393/RJ;Sul;Atropelamento de pedestre;3;;;;;;;;;;4;3;;;
08/06/2018;21:46:00;67;com vítima;0,01;Alça Sul;Norte;Colisão lateral no sentido contrário;1;;;1;;;;;;;0;2;;;
09/06/2018;03:01:00;15;com vítima;2,461;Alça Sul;Norte;Colisão c/ obstáculos;2;;;;;;;;;;1;3;;;
09/06/2018;10:10:00;36;sem vítima;265;BR-393/RJ;Sul;Colisão com veículos (traseira);1;;1;;;;;;;;3;;;;
09/06/2018;10:29:00;39;com vítima;151,876;BR-393/RJ;Sul;Tombamento;;;1;;;;;;;;0;1;;;
10/06/2018;04:28:00;14;com vítima;234,877;BR-393/RJ;Norte;Colisão c/ obstáculos;1;;;;;;;;;;0;1;;;
10/06/2018;14:14:00;35;com vítima;281,561;BR-393/RJ;Norte;Colisão c/ obstáculos;1;;;;;;;;;;0;1;;;
10/06/2018;23:58:00;57;sem vítima;266,26;BR-393/RJ;Norte;Saídas de pista;2;;;;;;;;;;2;;;;
11/06/2018;05:43:00;15;com vítima;181,366;BR-393/RJ;Norte;Acidentes de outra natureza;;;;1;;;;;;;0;1;;;
11/06/2018;08:47:00;23;com vítima;282,26;BR-393/RJ;Norte;Colisão com veículos (traseira);;2;;1;;;;;;;2;1;;;
11/06/2018;14:09:00;42;com vítima;280,126;BR-393/RJ;Sul;Atropelamento de pedestre;;;;1;;;;;;;0;2;;;
11/06/2018;21:21:00;57;sem vítima;244,088;BR-393/RJ;Norte;Saídas de pista;1;;;;;;;;;;1;;;;
11/06/2018;23:41:00;64;com vítima;283,1;BR-393/RJ;Norte;Colisão lateral no sentido contrário;1;;;;1;;;;;;1;2;;;
12/06/2018;18:00:00;69;com vítima;235,304;BR-393/RJ;Sul;Colisão com veículos (traseira);1;;;1;;;;;;;1;2;;;
12/06/2018;18:23:00;70;com vítima;2,464;Alça Sul;Norte;Atropelamento de animais;;;;1;;;;;;;0;1;;;
12/06/2018;19:45:00;74;com vítima;125,416;BR-393/RJ;Norte;Atropelamento de pedestre;1;;;;;;;;;;1;;;1;
14/06/2018;07:38:00;26;com vítima;257,941;BR-393/RJ;Norte;Colisão com veículos (frontal);2;;;;;;;;;;0;1;1;1;
15/06/2018;00:21:00;1;sem vítima;3,02;Alça Sul;Norte;Colisão c/ obstáculos;1;;;;;;;;;;1;;;;
15/06/2018;18:02:00;74;com vítima;115,724;BR-393/RJ;Sul;Colisão lateral no sentido contrário;2;;;;;;;;;;1;1;2;;
16/06/2018;17:27:00;48;com vítima;236,752;BR-393/RJ;Sul;Colisão lateral no sentido contrário;1;;;1;;;;;;;1;1;;;
17/06/2018;07:21:00;14;sem vítima;285;BR-393/RJ;Norte;Colisão c/ obstáculos;1;;;;;;;;;;1;;;;
18/06/2018;04:05:00;5;com vítima;246,183;BR-393/RJ;Norte;Colisão c/ obstáculos;1;;;;;;;;;;0;1;;;
18/06/2018;15:58:00;49;com vítima;143,288;BR-393/RJ;Norte;Atropelamento de pedestre;1;;;;;;;;;;4;;1;;
18/06/2018;18:27:00;54;sem vítima;195,177;BR-393/RJ;Sul;Colisão com veículos (traseira);1;;;;;;;;;1;3;;;;
21/06/2018;09:18:00;29;sem vítima;265,204;BR-393/RJ;Sul;Colisão c/ obstáculos;;;1;;;;;;;;1;;;;
21/06/2018;18:44:00;71;com vítima;235,235;BR-393/RJ;Sul;Colisão lateral no mesmo sentido;;;1;1;;;;;;;1;;;1;
22/06/2018;09:19:00;18;sem vítima;103,127;BR-393/RJ;Sul;Colisão com veículos (traseira);1;;;1;;;;;;;2;;;;
23/06/2018;07:38:00;19;com vítima;258;BR-393/RJ;Sul;Capotamento;1;;;;;;;;;;0;1;;;
23/06/2018;16:23:00;48;com vítima;181,022;BR-393/RJ;Sul;Colisão c/ obstáculos;1;;;;;;;;;;0;1;;;
24/06/2018;17:20:00;31;com vítima;138,9;BR-393/RJ;Sul;Colisão c/ obstáculos;;;1;;1;;;;;;1;1;;;
25/06/2018;17:06:00;52;com vítima;258,712;BR-393/RJ;Norte;Colisão lateral no sentido contrário;;;1;;;;;;;1;1;1;;;
26/06/2018;07:12:00;17;com vítima;234,95;BR-393/RJ;Sul;Acidentes de outra natureza;;;;1;;;;;;;0;1;;;
26/06/2018;23:04:00;76;sem vítima;213,05;BR-393/RJ;Norte;Atropelamento de animais;;;;;1;;;;;;1;;;;
28/06/2018;13:58:00;41;com vítima;108,2;BR-393/RJ;Norte;Colisão com veículos (traseira);1;;1;;;;;;;;2;1;;;
28/06/2018;15:44:00;50;sem vítima;280;BR-393/RJ;Sul;Colisão com veículos (traseira);2;;;;;;;;;;3;;;;
28/06/2018;19:12:00;62;sem vítima;282;BR-393/RJ;Norte;Colisão com veículos (traseira);2;;;;;;;;;;2;;;;
29/06/2018;11:58:00;37;sem vítima;103;BR-393/RJ;Norte;Colisão com veículos (traseira);2;;;;;;;;;;2;;;;
29/06/2018;14:05:00;40;com vítima;286,3;BR-393/RJ;Sul;Colisão lateral no sentido contrário;2;;;;;;;;;;2;2;;;
29/06/2018;22:09:00;64;com vítima;282;BR-393/RJ;Norte;Atropelamento de pedestre;1;1;;;;;;;;;1;1;;;
30/06/2018;11:16:00;29;com vítima;167,396;BR-393/RJ;Sul;Colisão lateral no mesmo sentido;;;;1;;;;;;1;1;;1;;
30/06/2018;15:55:00;39;com vítima;286,002;BR-393/RJ;Sul;Acidentes de outra natureza;1;;;1;;;;;;;1;1;;;
01/07/2018;03:58:00;14;com vítima;181,096;BR-393/RJ;Norte;Colisão lateral no mesmo sentido;1;;;1;;;;;;;1;1;;;
01/07/2018;07:46:00;19;com vítima;145,797;BR-393/RJ;Norte;Tombamento;;;1;;;;;;;;0;1;;;
01/07/2018;12:37:00;33;sem vítima;265,171;BR-393/RJ;Norte;Colisão lateral no mesmo sentido;2;;;;;;;;;;6;;;;
01/07/2018;18:20:00;48;com vítima;171,239;BR-393/RJ;Sul;Colisão com veículos (frontal);;;1;1;;;;;;;0;1;;1;
01/07/2018;23:18:00;63;com vítima;200;BR-393/RJ;Norte;Acidentes de outra natureza;;;;1;;;;;;;0;;1;;
03/07/2018;12:01:00;29;sem vítima;282,5;BR-393/RJ;Sul;Colisão com veículos (traseira);2;;;;;;;;;;4;;;;
03/07/2018;15:56:00;43;sem vítima;285;BR-393/RJ;Sul;Colisão com veículos (traseira);;;1;;;;;;;1;2;;;;
03/07/2018;18:40:00;52;sem vítima;280,132;BR-393/RJ;Norte;Colisão lateral no mesmo sentido;1;;;1;;;;;;;2;;;;
03/07/2018;18:42:00;53;com vítima;2,444;Alça Sul;Sul;Colisão com veículos (traseira);1;;;1;;;;;;;1;1;;;
05/07/2018;16:14:00;42;com vítima;280,264;BR-393/RJ;Norte;Acidentes de outra natureza;;1;;;;;;;;;0;1;;;
06/07/2018;19:40:00;55;sem vítima;153;BR-393/RJ;Norte;Colisão com veículos (frontal);2;;;;;;;;;;2;;;;
07/07/2018;20:58:00;50;com vítima;167,776;BR-393/RJ;Sul;Colisão lateral no sentido contrário;2;;;;;;;;;;2;1;;;
08/07/2018;03:53:00;3;com vítima;105,207;BR-393/RJ;Norte;Acidentes de outra natureza;;;;1;;;;;;;1;1;;;
08/07/2018;07:33:00;17;com vítima;114,33;BR-393/RJ;Norte;Tombamento;;;1;;;;;;;;0;1;;;
08/07/2018;13:59:00;34;com vítima;267,284;BR-393/RJ;Sul;Capotamento;1;;;;;;;;;;0;1;;;
08/07/2018;18:51:00;45;sem vítima;284,584;BR-393/RJ;Norte;Colisão com veículos (traseira);2;;;;;;;;;;2;;;;
08/07/2018;19:55:00;49;sem vítima;284,566;BR-393/RJ;Norte;Colisão lateral no mesmo sentido;2;;;;;;;;;;2;;;;
09/07/2018;18:32:00;59;sem vítima;159,7;BR-393/RJ;Norte;Atropelamento de animais;2;;;;;;;;;;2;;;;
10/07/2018;17:16:00;44;sem vítima;282;BR-393/RJ;Norte;Engavetamento;3;;;;;;;;;;3;;;;
11/07/2018;19:48:00;56;sem vítima;230,843;BR-393/RJ;Sul;Colisão com veículos (traseira);1;;2;;;;;;;;4;;;;
12/07/2018;13:31:00;50;com vítima;255,64;BR-393/RJ;Norte;Colisão lateral no sentido contrário;2;;;;;;;;;;0;2;1;;
12/07/2018;21:46:00;77;com vítima;111,123;BR-393/RJ;Norte;Saídas de pista;1;;;;;;;;;;0;2;;;
13/07/2018;00:47:00;2;com vítima;112,798;BR-393/RJ;Norte;Colisão com veículos (frontal);1;;1;;;;;;;;0;1;;;1
13/07/2018;13:03:00;37;com vítima;135,506;BR-393/RJ;Sul;Colisão com veículos (traseira);2;;;;;;;;;;3;2;;;
13/07/2018;18:15:00;44;com vítima;105,224;BR-393/RJ;Sul;Colisão lateral no sentido contrário;1;;;1;;;;;;;1;1;;;
14/07/2018;04:02:00;17;sem vítima;279;BR-393/RJ;Sul;Saídas de pista;1;;;;;;;;;;2;;;;
14/07/2018;11:58:00;32;com vítima;286,02;BR-393/RJ;Norte;Atropelamento de pedestre;1;1;;;;;;;;;1;1;;;
15/07/2018;00:35:00;1;sem vítima;279,673;BR-393/RJ;Norte;Colisão com veículos (traseira);2;;;;;;;;;;2;;;;
15/07/2018;06:26:00;17;com vítima;105,607;BR-393/RJ;Norte;Colisão com veículos (frontal);;;1;1;1;;;;;;24;;1;;