data;horario;n_da_ocorrencia;tipo_de_ocorrencia;km;trecho;sentido;tipo_de_acidente;automovel;bicicleta;caminhao;moto;onibus;outros;tracao_animal;transporte_de_cargas_especiais;trator_maquinas;utilitarios;ilesos;levemente_feridos;moderadamente_feridos;gravemente_feridos;mortos
15/07/2018;12:27:00;29;sem vítima;238,2;BR-393/RJ;Sul;Colisão c/ obstáculos;2;;;;;;;;;;2;;;;
15/07/2018;21:12:00;63;com vítima;281;BR-393/RJ;Norte;Colisão lateral no sentido contrário;1;;;1;;;;;;;1;1;;;
16/07/2018;06:32:00;13;com vítima;281,499;BR-393/RJ;Norte;Colisão c/ obstáculos;1;;;;;;;;;;0;1;;;
18/07/2018;14:39:00;42;com vítima;285,8;BR-393/RJ;Sul;Colisão com veículos (traseira);1;;;1;;;;;;;1;1;;;
19/07/2018;11:17:00;34;com vítima;255;BR-393/RJ;Norte;Colisão com veículos (traseira);3;;;;;;;;;;5;1;;;
19/07/2018;14:44:00;41;sem vítima;110,949;BR-393/RJ;Norte;Colisão c/ obstáculos;1;;;;;;;;;;2;;;;
20/07/2018;05:00:00;15;com vítima;183,859;BR-393/RJ;Norte;Capotamento;1;;;;;;;;;;0;3;2;;
20/07/2018;07:00:00;19;com vítima;249,242;BR-393/RJ;Norte;Acidentes de outra natureza;;;;1;;;;;;;0;1;;;
20/07/2018;08:42:00;20;com vítima;238,677;BR-393/RJ;Norte;Colisão lateral no sentido contrário;2;;;;;;;;;;1;3;;;
20/07/2018;16:28:00;40;com vítima;168,637;BR-393/RJ;Norte;Capotamento;1;;;;;;;;;;0;2;;;
20/07/2018;20:15:00;59;sem vítima;252,455;BR-393/RJ;Norte;Colisão lateral no sentido contrário;2;;;;;;;;;;2;;;;
21/07/2018;09:36:00;22;com vítima;238,679;BR-393/RJ;Norte;Colisão lateral no sentido contrário;1;;1;;;;;;;;1;;;1;
21/07/2018;12:26:00;31;com vítima;206,582;BR-393/RJ;Norte;Colisão lateral no sentido contrário;1;;2;;;;;;;;2;2;;;
21/07/2018;19:58:00;51;sem vítima;200,677;BR-393/RJ;Sul;Colisão c/ obstáculos;1;;;;;;;;;;1;;;;
22/07/2018;18:35:00;66;sem vítima;280,159;BR-393/RJ;Sul;Colisão c/ obstáculos;1;;;;;;;;;;3;;;;
23/07/2018;14:04:00;47;sem vítima;282,29;BR-393/RJ;Norte;Engavetamento;1;;;;1;;;;;1;4;;;;
24/07/2018;13:27:00;29;com vítima;217,151;BR-393/RJ;Norte;Colisão c/ obstáculos;;;1;;;;;;;;0;;1;;
25/07/2018;05:18:00;21;com vítima;121,488;BR-393/RJ;Sul;Tombamento;;;1;;;;;;;;0;1;;;
25/07/2018;10:58:00;31;com vítima;238;BR-393/RJ;Norte;Colisão c/ obstáculos;1;;;;;;;;;;0;1;;;
25/07/2018;14:46:00;41;com vítima;255,335;BR-393/RJ;Norte;Colisão Lateral Mesmo Sentido;;;1;1;;;;;;;2;1;;;
26/07/2018;13:41:00;51;sem vítima;168,789;BR-393/RJ;Norte;Colisão lateral no sentido contrário;2;;;;;;;;;;2;;;;
26/07/2018;19:14:00;71;sem vítima;210,325;BR-393/RJ;Sul;Atropelamento de animais;;;1;;;;;;;;3;;;;
27/07/2018;08:07:00;17;sem vítima;202,5;BR-393/RJ;Norte;Atropelamento de animais;1;;;;;;;;;;1;;;;
27/07/2018;08:45:00;19;sem vítima;283;BR-393/RJ;Norte;Colisão com veículos (frontal);1;;1;;;;;;;;2;;;;
27/07/2018;12:45:00;37;com vítima;279,125;BR-393/RJ;Sul;Colisão Lateral Mesmo Sentido;1;;;1;;;;;;;1;1;;;
28/07/2018;02:26:00;2;com vítima;123,642;BR-393/RJ;Sul;Acidentes de outra natureza;;;;1;;;;;;;1;;1;;
28/07/2018;21:11:00;56;sem vítima;265,069;BR-393/RJ;Sul;Colisão Lateral Mesmo Sentido;2;;;;;;;;;;4;;;;
29/07/2018;06:57:00;20;com vítima;250,341;BR-393/RJ;Norte;Colisão Lateral Mesmo Sentido;2;;;;;;;;;;1;3;;;
29/07/2018;19:42:00;58;com vítima;285,9;BR-393/RJ;Norte;Colisão lateral no sentido contrário;2;;;;;;;;;;2;2;;;
30/07/2018;13:17:00;46;com vítima;252;BR-393/RJ;Norte;Acidentes de outra natureza;;;;1;;;;;;;0;1;;;
30/07/2018;16:43:00;55;com vítima;274;BR-393/RJ;Norte;Atropelamento de pedestre;1;;;;;;;;;;1;1;;;
31/07/2018;04:47:00;4;sem vítima;218,3;BR-393/RJ;Sul;Colisão c/ obstáculos;;;;1;;;;;;;1;;;;
31/07/2018;07:45:00;19;sem vítima;187;BR-393/RJ;Sul;Colisão c/ obstáculos;1;;;;;;;;;;2;;;;
01/08/2018;08:44:00;23;sem vítima;236,748;BR-393/RJ;Sul;Colisão com veículos (traseira);2;;;;;;;;;;2;;;;
01/08/2018;16:15:00;50;sem vítima;254,099;BR-393/RJ;Sul;Tombamento;;;1;;;;;;;;1;;;;
01/08/2018;16:29:00;51;sem vítima;278,137;BR-393/RJ;Sul;Colisão com veículos (traseira);;;2;;;;;;;;2;;;;
02/08/2018;14:06:00;42;sem vítima;164,75;BR-393/RJ;Norte;Tombamento;;;1;;;;;;;;1;;;;
02/08/2018;15:00:00;45;sem vítima;173,809;BR-393/RJ;Norte;Colisão c/ obstáculos;1;;;;;;;;;;1;;;;
03/08/2018;16:56:00;48;sem vítima;241,775;BR-393/RJ;Sul;Saídas de pista;1;;;;;;;;;;3;;;;
03/08/2018;19:00:00;60;com vítima;284,235;BR-393/RJ;Norte;Colisão com veículos (traseira);2;;;;;;;;;;1;1;;;
03/08/2018;19:23:00;62;com vítima;228,134;BR-393/RJ;Sul;Colisão com veículos (frontal);1;;1;;;;;;;;1;;;1;
03/08/2018;22:35:00;66;sem vítima;179,312;BR-393/RJ;Norte;Colisão com veículos (traseira);1;;1;;;;;;;;4;;;;
04/08/2018;00:55:00;3;com vítima;172,713;BR-393/RJ;Norte;Saídas de pista;1;;;;;;;;;;0;1;;;
04/08/2018;03:35:00;15;com vítima;229,874;BR-393/RJ;Norte;Colisão c/ obstáculos;1;;;;;;;;;;0;2;;;
04/08/2018;07:59:00;20;sem vítima;151,9;BR-393/RJ;Sul;Saídas de pista;1;;;;;;;;;;2;;;;
04/08/2018;16:42:00;50;com vítima;268,315;BR-393/RJ;Sul;Colisão com veículos (traseira);2;;;;;;;;;;2;3;;;
04/08/2018;17:29:00;54;com vítima;124,599;BR-393/RJ;Norte;Tombamento;;;1;;;;;;;;0;1;;;
05/08/2018;22:13:00;52;sem vítima;218,295;BR-393/RJ;Sul;Colisão c/ obstáculos;;;1;;;;;;;;1;;;;
06/08/2018;16:33:00;48;sem vítima;267,05;BR-393/RJ;Sul;Saídas de pista;1;;;;;;;;;;1;;;;
06/08/2018;19:03:00;52;com vítima;236,554;BR-393/RJ;Sul;Colisão com veículos (traseira);1;;;1;;;;;;;1;1;1;;
06/08/2018;19:20:00;56;com vítima;279,6;BR-393/RJ;Sul;Atropelamento de pedestre;1;1;;;;;;;;;1;;1;;
06/08/2018;21:09:00;63;com vítima;283,5;BR-393/RJ;Norte;Colisão lateral no sentido contrário;1;1;;;;;;;;;1;1;;;
07/08/2018;06:49:00;15;com vítima;285,41;BR-393/RJ;Norte;Colisão lateral no sentido contrário;;;1;1;;;;;;;3;2;;;
07/08/2018;07:50:00;16;com vítima;171,337;BR-393/RJ;Norte;Saídas de pista;1;;1;;;;;;;;0;2;;;
07/08/2018;15:41:00;34;sem vítima;255,55;BR-393/RJ;Norte;Colisão lateral no sentido contrário;1;;;;1;;;;;;3;;;;
09/08/2018;08:56:00;19;sem vítima;175,8;BR-393/RJ;Norte;Colisão c/ obstáculos;1;;;;;;;;;;2;;;;
09/08/2018;13:27:00;34;com vítima;283,594;BR-393/RJ;Sul;Colisão lateral no sentido contrário;1;;;1;;;;;;;1;1;;;
10/08/2018;18:44:00;66;com vítima;106,729;BR-393/RJ;Norte;Atropelamento - Outros;1;;;;;;;;;;2;1;;;
11/08/2018;16:28:00;49;sem vítima;283,607;BR-393/RJ;Sul;Colisão Lateral Mesmo Sentido;2;;;;;;;;;;3;;;;
12/08/2018;02:28:00;5;com vítima;286,003;BR-393/RJ;Sul;Colisão com veículos (frontal);1;;;1;;;;;;;0;2;;;1
13/08/2018;10:25:00;28;com vítima;106,341;BR-393/RJ;Norte;Colisão lateral no sentido contrário;1;;;1;;;;;;;1;1;;;
13/08/2018;19:18:00;60;sem vítima;284,58;BR-393/RJ;Norte;Colisão com veículos (traseira);2;;;;;;;;;;2;;;;
14/08/2018;14:35:00;36;sem vítima;277,36;BR-393/RJ;Sul;Capotamento;1;;;;;;;;;;1;;;;
15/08/2018;00:44:00;2;com vítima;258,514;BR-393/RJ;Sul;Colisão lateral no sentido contrário;1;;1;;;;;;;;2;2;;;
16/08/2018;10:06:00;26;com vítima;284,93;BR-393/RJ;Sul;Colisão c/ obstáculos;1;;;;;;;;;;0;2;;;
16/08/2018;20:19:00;57;com vítima;214,844;BR-393/RJ;Sul;Colisão lateral no sentido contrário;1;;1;;;;;;;;1;;2;;
16/08/2018;21:52:00;58;com vítima;129,105;BR-393/RJ;Sul;Atropelamento de pedestre;;;1;;;;;;;;0;2;;;1
17/08/2018;12:24:00;25;com vítima;131,447;BR-393/RJ;Norte;Atropelamento de pedestre;;1;;1;;;;;;;1;1;;;
17/08/2018;16:38:00;42;com vítima;138,2;BR-393/RJ;Norte;Saídas de pista;1;;;;;;;;;;1;1;;;
18/08/2018;11:41:00;34;com vítima;246,167;BR-393/RJ;Norte;Capotamento;;;;1;;;;;;;0;;;;1
18/08/2018;18:35:00;53;sem vítima;274,5;BR-393/RJ;Sul;Colisão com veículos (traseira);2;;;;;;;;;;2;;;;
18/08/2018;18:53:00;57;com vítima;236,788;BR-393/RJ;Norte;Colisão lateral no sentido contrário;1;;;1;;;;;;;1;2;;;
19/08/2018;19:52:00;52;com vítima;278,917;BR-393/RJ;Norte;Acidentes de outra natureza;;;;1;;;;;;;0;1;;;
20/08/2018;16:13:00;42;com vítima;268,35;BR-393/RJ;Sul;Colisão lateral no sentido contrário;2;;;;;;;;;;0;2;;;
20/08/2018;20:29:00;58;com vítima;280,444;BR-393/RJ;Sul;Colisão com veículos (traseira);2;;;;;;;;;;2;2;;;
22/08/2018;03:08:00;4;sem vítima;206,308;BR-393/RJ;Sul;Colisão c/ obstáculos;;;1;;;;;;;;1;;;;
22/08/2018;08:24:00;20;com vítima;168,039;BR-393/RJ;Norte;Colisão com veículos (frontal);1;;;1;;;;;;;1;1;;;
22/08/2018;16:09:00;48;com vítima;142,379;BR-393/RJ;Norte;Atropelamento de pedestre;1;;;;;;;;;;1;2;1;;
22/08/2018;19:00:00;64;com vítima;125,8;BR-393/RJ;Norte;Colisão com veículos (traseira);1;;1;;;;;;;;1;1;;;
23/08/2018;08:07:00;28;sem vítima;279,229;BR-393/RJ;Sul;Colisão com veículos (traseira);2;;;;;;;;;;2;;;;
23/08/2018;12:11:00;38;com vítima;202,548;BR-393/RJ;Sul;Colisão com veículos (traseira);1;;1;;;;;;;;0;5;;;
23/08/2018;19:32:00;62;com vítima;175,6;BR-393/RJ;Norte;Colisão Lateral Mesmo Sentido;1;;;1;;;;;;;1;1;;;
25/08/2018;13:53:00;38;com vítima;252,403;BR-393/RJ;Norte;Acidentes de outra natureza;;;;1;;;;;;;0;1;;;
25/08/2018;19:39:00;54;com vítima;167,77;BR-393/RJ;Norte;Colisão lateral no sentido contrário;1;;;1;;;;;;;1;1;;;
25/08/2018;23:05:00;64;com vítima;285,61;BR-393/RJ;Norte;Colisão lateral no sentido contrário;2;;;;;;;;;;3;1;;;
26/08/2018;17:17:00;42;sem vítima;238,685;BR-393/RJ;Norte;Colisão lateral no sentido contrário;1;;1;;;;;;;;4;;;;
27/08/2018;08:23:00;29;sem vítima;258,045;BR-393/RJ;Norte;Colisão c/ obstáculos;1;;;;;;;;;;1;;;;
27/08/2018;10:03:00;35;com vítima;144,337;BR-393/RJ;Sul;Colisão lateral no sentido contrário;;;1;1;;;;;;;0;1;;1;
27/08/2018;14:12:00;47;sem vítima;263,045;BR-393/RJ;Sul;Colisão c/ obstáculos;;;2;;;;;;;;2;;;;
28/08/2018;17:20:00;48;com vítima;281,73;BR-393/RJ;Sul;Colisão com veículos (traseira);1;;;1;;;;;;;1;1;;;
28/08/2018;18:33:00;50;sem vítima;279;BR-393/RJ;Norte;Colisão lateral no sentido contrário;1;;;;1;;;;;;2;;;;
29/08/2018;06:15:00;19;com vítima;153,583;BR-393/RJ;Sul;Tombamento;;;1;;;;;;;;0;1;;;1
29/08/2018;22:26:00;61;com vítima;219;BR-393/RJ;Norte;Colisão com veículos (traseira);;;;1;1;;;;;;18;;1;;
30/08/2018;08:01:00;28;sem vítima;284;BR-393/RJ;Norte;Colisão lateral no sentido contrário;2;;;;;;;;;;2;;;;
30/08/2018;19:32:00;78;sem vítima;134,113;BR-393/RJ;Norte;Colisão lateral no sentido contrário;1;;1;;;;;;;;4;;;;
30/08/2018;20:15:00;81;com vítima;285,4;BR-393/RJ;Sul;Atropelamento de pedestre;1;1;;;;;;;;;1;;1;;
31/08/2018;10:38:00;46;sem vítima;195;BR-393/RJ;Norte;Colisão c/ obstáculos;2;;;;;;;;;;2;;;;
31/08/2018;13:38:00;60;com vítima;230,852;BR-393/RJ;Sul;Saídas de pista;1;;;;;;;;;;0;3;;;
31/08/2018;20:28:00;89;sem vítima;286,001;BR-393/RJ;Norte;Colisão com veículos (traseira);2;;;;;;;;;;2;;;;
02/09/2018;23:47:00;66;com vítima;238,628;BR-393/RJ;Norte;Colisão lateral no sentido contrário;1;;;;1;;;;;;1;1;;;
03/09/2018;09:35:00;24;com vítima;103,937;BR-393/RJ;Norte;Colisão com veículos (traseira);1;;;1;;;;;;;1;1;;;
03/09/2018;10:22:00;27;com vítima;200,468;BR-393/RJ;Norte;Colisão lateral no sentido contrário;1;;1;;;;;;;;0;2;;;
03/09/2018;12:15:00;32;sem vítima;136,502;BR-393/RJ;Norte;Colisão lateral no mesmo sentido;;;1;;1;;;;;;2;;;;
03/09/2018;20:37:00;71;sem vítima;236,595;BR-393/RJ;Norte;Colisão com veículos (traseira);2;;;;;;;;;;2;;;;
04/09/2018;04:05:00;10;com vítima;139,5;BR-393/RJ;Sul;Saídas de pista;;;1;;;;;;;;0;1;;;
04/09/2018;13:52:00;48;com vítima;188,318;BR-393/RJ;Sul;Colisão c/ obstáculos;1;;;;;;;;;;0;1;;;
05/09/2018;05:24:00;15;com vítima;239,615;BR-393/RJ;Norte;Saídas de pista;1;;;;;;;;;;0;1;;;
05/09/2018;17:10:00;58;com vítima;237,124;BR-393/RJ;Sul;Colisão lateral no mesmo sentido;2;;;;;;;;;;2;1;;;
06/09/2018;03:05:00;5;com vítima;132,05;BR-393/RJ;Norte;Colisão c/ obstáculos;1;;;;;;;;;;1;1;;;
06/09/2018;15:43:00;53;com vítima;103,79;BR-393/RJ;Norte;Colisão com veículos (frontal);;;1;1;;;;;;;1;;;1;1
06/09/2018;18:14:00;64;com vítima;135,737;BR-393/RJ;Sul;Saídas de pista;1;;;;;;;;;;0;1;;;
06/09/2018;18:50:00;68;sem vítima;267,734;BR-393/RJ;Norte;Atropelamento de animais;;;1;;;;;;;;1;;;;
06/09/2018;21:15:00;75;sem vítima;110,5;BR-393/RJ;Norte;Colisão com veículos (traseira);1;;;1;;;;;;;2;;;;
07/09/2018;21:08:00;66;com vítima;175,6;BR-393/RJ;Norte;Acidentes de outra natureza;;;;1;;;;;;;0;1;;;
08/09/2018;09:51:00;23;com vítima;171,762;BR-393/RJ;Sul;Colisão com veículos (traseira);2;;;;;;;;;;4;1;;;
08/09/2018;13:47:00;38;sem vítima;238;BR-393/RJ;Sul;Colisão c/ obstáculos;1;;;;;;;;;;1;;;;
08/09/2018;20:02:00;56;sem vítima;284,225;BR-393/RJ;Norte;Colisão lateral no mesmo sentido;1;;1;;;;;;;;2;;;;
09/09/2018;16:30:00;40;sem vítima;212,087;BR-393/RJ;Norte;Colisão com veículos (traseira);2;;;;;;;;;;4;;;;
09/09/2018;17:19:00;43;com vítima;252,389;BR-393/RJ;Norte;Colisão lateral no sentido contrário;1;;1;;;;;;;;1;2;1;;
09/09/2018;19:28:00;51;com vítima;110,231;BR-393/RJ;Norte;Capotamento;1;;;;;;;;;;0;1;;;
10/09/2018;08:28:00;20;sem vítima;282,178;BR-393/RJ;Sul;Engavetamento;3;;;;;;;;;;4;;;;
10/09/2018;18:31:00;52;sem vítima;130,361;BR-393/RJ;Sul;Saida de Pista;;;1;;;;;;;;1;;;;
10/09/2018;19:12:00;54;com vítima;232,7;BR-393/RJ;Sul;Colisão lateral no sentido contrário;2;;;;;;;;;;1;2;1;;
11/09/2018;19:58:00;99;com vítima;286,003;BR-393/RJ;Sul;Colisão lateral no sentido contrário;1;;;1;;;;;;;0;2;;;
11/09/2018;23:57:00;111;com vítima;224,408;BR-393/RJ;Norte;Colisão lateral no sentido contrário;;;1;;;;;;;1;0;2;;;
13/09/2018;14:12:00;36;com vítima;190,342;BR-393/RJ;Norte;Colisão lateral no sentido contrário;2;;;;;;;;;;0;3;1;;
14/09/2018;07:37:00;18;com vítima;274,8;BR-393/RJ;Sul;Saídas de pista;1;;;;;;;;;;0;2;;;
14/09/2018;22:23:00;89;sem vítima;265;BR-393/RJ;Sul;Engavetamento;1;;1;;;;;;;1;7;;;;
15/09/2018;00:02:00;1;sem vítima;284,349;BR-393/RJ;Norte;Colisão com veículos (traseira);2;;;;;;;;;;2;;;;
15/09/2018;01:39:00;3;com vítima;108,232;BR-393/RJ;Norte;Colisão c/ obstáculos;;;1;;;;;;;;0;;1;;
15/09/2018;09:11:00;22;sem vítima;274;BR-393/RJ;Sul;Saídas de pista;1;;;;;;;;;;1;;;;
15/09/2018;16:11:00;50;sem vítima;168;BR-393/RJ;Sul;Saídas de pista;1;;;;;;;;;;1;;;;
15/09/2018;18:40:00;54;sem vítima;209,649;BR-393/RJ;Sul;Colisão c/ obstáculos;;;;1;;;;;;;2;;;;
16/09/2018;11:13:00;36;com vítima;190,705;BR-393/RJ;Norte;Colisão c/ obstáculos;1;;;;;;;;;;0;2;;;
16/09/2018;23:07:00;65;sem vítima;235,99;BR-393/RJ;Norte;Saídas de pista;1;;;;;;;;;;2;;;;
17/09/2018;14:05:00;38;sem vítima;263;BR-393/RJ;Sul;Saídas de pista;1;;;;;;;;;;1;;;;
18/09/2018;08:15:00;24;sem vítima;275,704;BR-393/RJ;Norte;Colisão com veículos (traseira);2;;;;;;;;;;4;;;;
18/09/2018;16:53:00;67;com vítima;275;BR-393/RJ;Norte;Queda de Moto;;;;1;;;;;;;0;1;;;
20/09/2018;23:42:00;61;com vítima;101,9;BR-393/RJ;Norte;Colisão c/ obstáculos;1;;;;;;;;;;0;;;1;
21/09/2018;06:50:00;18;com vítima;278,715;BR-393/RJ;Norte;Colisão lateral no sentido contrário;2;;;;;;;;;;0;2;;;
21/09/2018;07:19:00;21;com vítima;285,18;BR-393/RJ;Sul;Colisão com veículos (frontal);1;;;;1;;;;;;0;2;;;
21/09/2018;09:01:00;25;sem vítima;155,5;BR-393/RJ;Norte;Colisão com veículos (traseira);;;2;;;;;;;;2;;;;
21/09/2018;14:40:00;38;sem vítima;159;BR-393/RJ;Norte;Colisão lateral no mesmo sentido;1;;2;;;;;;;;3;;;;
21/09/2018;18:39:00;54;com vítima;125,858;BR-393/RJ;Sul;Colisão com veículos (traseira);;;1;;1;;;;;;3;1;;;
22/09/2018;16:31:00;42;sem vítima;254;BR-393/RJ;Sul;Colisão lateral no mesmo sentido;1;;1;;;;;;;;3;;;;
22/09/2018;21:51:00;56;com vítima;282,9;BR-393/RJ;Sul;Atropelamento de pedestre;;1;1;;;;;;;;1;;;1;
23/09/2018;09:40:00;30;sem vítima;167,729;BR-393/RJ;Norte;Engavetamento;2;;1;;;;;;;;5;;;;
23/09/2018;10:08:00;33;sem vítima;127,931;BR-393/RJ;Sul;Colisão c/ obstáculos;1;;;;;;;;;;1;;;;
24/09/2018;00:22:00;2;sem vítima;278,891;BR-393/RJ;Sul;Colisão com veículos (traseira);2;;;;;;;;;;4;;;;
24/09/2018;08:07:00;29;com vítima;286,001;BR-393/RJ;Norte;Colisão lateral no mesmo sentido;1;;1;;;;;;;;1;1;;;
26/09/2018;07:37:00;20;sem vítima;177,794;BR-393/RJ;Norte;Colisão com veículos (traseira);1;;1;;;;;;;;2;;;;
26/09/2018;12:22:00;47;sem vítima;265,125;BR-393/RJ;Norte;Acidentes de outra natureza;;;;1;;;;;;;1;;;;
26/09/2018;19:21:00;79;com vítima;179,3;BR-393/RJ;Sul;Colisão com veículos (traseira);;;1;1;;;;;;;1;;1;;
26/09/2018;21:53:00;94;com vítima;134,96;BR-393/RJ;Norte;Colisão com veículos (frontal);1;;;;1;;;;;;1;15;;;1
27/09/2018;06:00:00;18;com vítima;256,831;BR-393/RJ;Sul;Objeto lançado contra veículo;2;;;;;;;;;;4;1;;;
27/09/2018;08:32:00;25;com vítima;189,488;BR-393/RJ;Norte;Saídas de pista;1;;;;;;;;;;0;1;;;
27/09/2018;10:04:00;30;sem vítima;286;BR-393/RJ;Norte;Colisão lateral no sentido contrário;2;;;;;;;;;;2;;;;
27/09/2018;20:21:00;73;com vítima;235,2;BR-393/RJ;Sul;Colisão lateral no sentido contrário;2;;;;;;;;;;0;2;;;
27/09/2018;21:47:00;75;sem vítima;284,616;BR-393/RJ;Sul;Engavetamento;3;;;;;;;;;;7;;;;
28/09/2018;07:38:00;9;com vítima;110;BR-393/RJ;Norte;Colisão com veículos (traseira);1;;;1;;;;;;;1;;1;;
28/09/2018;09:47:00;15;com vítima;282;BR-393/RJ;Norte;Colisão lateral no sentido contrário;1;;;1;;;;;;;1;;1;;
28/09/2018;17:56:00;38;sem vítima;139,5;BR-393/RJ;Sul;Saídas de pista;1;;;;;;;;;;2;;;;
28/09/2018;18:40:00;44;sem vítima;254,465;BR-393/RJ;Sul;Colisão lateral no sentido contrário;1;;1;;;;;;;;2;;;;
28/09/2018;19:02:00;47;com vítima;133;BR-393/RJ;Sul;Colisão lateral no sentido contrário;1;;1;;;;;;;;1;1;;;
29/09/2018;03:43:00;11;sem vítima;103,4;BR-393/RJ;Norte;Capotamento;1;;;;;;;;;;1;;;;
29/09/2018;07:27:00;14;com vítima;281,33;BR-393/RJ;Norte;Colisão c/ obstáculos;1;;;;;;;;;;0;1;;;
30/09/2018;01:01:00;1;sem vítima;186,903;BR-393/RJ;Sul;Colisão c/ obstáculos;1;;;;;;;;;;3;;;;
01/10/2018;06:23:00;18;com vítima;284,456;BR-393/RJ;Sul;Engavetamento;3;;;;;;;;;;4;1;;;
01/10/2018;22:08:00;68;sem vítima;125;BR-393/RJ;Norte;Colisão com veículos (traseira);1;;1;;;;;;;;2;;;;
02/10/2018;03:54:00;2;sem vítima;249,025;BR-393/RJ;Sul;Colisão c/ obstáculos;;;1;;;;;;;;1;;;;
02/10/2018;10:58:00;25;sem vítima;106,962;BR-393/RJ;Norte;Colisão com veículos (traseira);;;2;;;;;;;;2;;;;
02/10/2018;17:52:00;50;com vítima;103;BR-393/RJ;Norte;Colisão lateral no sentido contrário;;;1;1;;;;;;;1;1;1;;
03/10/2018;12:26:00;38;sem vítima;285,455;BR-393/RJ;Norte;Colisão lateral no sentido contrário;2;;;;;;;;;;2;;;;
03/10/2018;15:22:00;43;sem vítima;178,226;BR-393/RJ;Sul;Colisão com veículos (traseira);1;;1;;;;;;;;3;;;;
03/10/2018;17:56:00;48;sem vítima;281,162;BR-393/RJ;Sul;Colisão lateral no mesmo sentido;1;;;;;;;;;1;8;;;;
04/10/2018;12:21:00;41;sem vítima;285,2;BR-393/RJ;Norte;Engavetamento;3;;;;;;;;;;5;;;;
04/10/2018;19:17:00;70;com vítima;142,8;BR-393/RJ;Norte;Colisão lateral no sentido contrário;1;;1;;;;;;;;1;2;;;
05/10/2018;13:37:00;48;com vítima;175,53;BR-393/RJ;Norte;Colisão lateral no mesmo sentido;1;;1;;;;;;;;0;2;;;
05/10/2018;15:54:00;54;com vítima;274,2;BR-393/RJ;Norte;Tombamento;;;1;;;;;;;;0;2;;;
05/10/2018;22:46:00;67;sem vítima;285,494;BR-393/RJ;Norte;Colisão lateral no mesmo sentido;1;;;1;;;;;;;3;;;;
06/10/2018;06:34:00;15;sem vítima;275,4;BR-393/RJ;Sul;Colisão lateral no sentido contrário;;;2;;;;;;;;2;;;;
06/10/2018;15:42:00;42;com vítima;217,606;BR-393/RJ;Norte;Colisão lateral no sentido contrário;3;;;;;;;;;;2;1;;;
07/10/2018;05:43:00;13;sem vítima;283,638;BR-393/RJ;Norte;Colisão c/ obstáculos;1;;;;;;;;;;1;;;;
07/10/2018;06:03:00;14;com vítima;246,923;BR-393/RJ;Norte;Colisão c/ obstáculos;1;;;;;;;;;;0;;1;;
07/10/2018;18:10:00;45;com vítima;238,587;BR-393/RJ;Norte;Colisão lateral no sentido contrário;1;;1;;;;;;;;0;3;;;
08/10/2018;09:28:00;25;sem vítima;283,112;BR-393/RJ;Norte;Colisão lateral no sentido contrário;1;;1;;;;;;;;2;;;;
10/10/2018;23:25:00;68;sem vítima;280,077;BR-393/RJ;Norte;Colisão com veículos (traseira);1;;1;;;;;;;;2;;;;
11/10/2018;16:23:00;41;com vítima;258;BR-393/RJ;Norte;Colisão lateral no sentido contrário;1;;;;;;;;;1;6;1;;;
11/10/2018;18:49:00;47;com vítima;236,567;BR-393/RJ;Norte;Engavetamento;2;;;1;;;;;;;2;1;;;
12/10/2018;07:00:00;16;com vítima;114,37;BR-393/RJ;Norte;Colisão c/ obstáculos;1;;;;;;;;;;0;1;;;
12/10/2018;12:11:00;25;com vítima;232,081;BR-393/RJ;Norte;Colisão lateral no sentido contrário;2;;;;;;;;;;5;2;;;
12/10/2018;20:09:00;47;com vítima;199,849;BR-393/RJ;Sul;Capotamento;1;;;;;;;;;;0;1;;;
12/10/2018;21:07:00;49;com vítima;114,369;BR-393/RJ;Norte;Tombamento;;;1;;;;;;;;0;1;;;