data;horario;n_da_ocorrencia;tipo_de_ocorrencia;km;trecho;sentido;tipo_de_acidente;automovel;bicicleta;caminhao;moto;onibus;outros;tracao_animal;transporte_de_cargas_especiais;trator_maquinas;utilitarios;ilesos;levemente_feridos;moderadamente_feridos;gravemente_feridos;mortos
12/10/2018;22:51:00;53;com vítima;242,518;BR-393/RJ;Sul;Saida de Pista;1;;;;;;;;;;1;1;;;
13/10/2018;00:47:00;2;sem vítima;233,173;BR-393/RJ;Sul;Acidentes de outra natureza;;;;1;;;;;;;1;;;;
13/10/2018;18:13:00;41;com vítima;281,429;BR-393/RJ;Sul;Atropelamento de pedestre;1;;;;;;;;;;1;;1;;
14/10/2018;05:16:00;16;sem vítima;262,919;BR-393/RJ;Sul;Capotamento;1;;;;;;;;;;1;;;;
14/10/2018;11:59:00;32;com vítima;286,001;BR-393/RJ;Norte;Atropelamento de pedestre;1;;;;;;;;;;0;1;;1;
17/10/2018;10:43:00;37;com vítima;227,896;BR-393/RJ;Norte;Colisão lateral no mesmo sentido;1;;;1;;;;;;;1;1;;;
18/10/2018;10:33:00;30;sem vítima;265;BR-393/RJ;Norte;Colisão c/ obstáculos;;;1;;;;;;;;1;;;;
19/10/2018;05:02:00;15;com vítima;269,394;BR-393/RJ;Sul;Capotamento;1;;;;;;;;;;0;1;;;
19/10/2018;12:00:00;38;sem vítima;132;BR-393/RJ;Sul;Colisão lateral no mesmo sentido;1;;1;;;;;;;;4;;;;
19/10/2018;16:35:00;49;com vítima;132,394;BR-393/RJ;Sul;Colisão com veículos (frontal);1;;;1;;;;;;;1;;;1;
19/10/2018;19:00:00;53;com vítima;282,614;BR-393/RJ;Sul;Colisão com veículos (traseira);1;;;1;;;;;;;0;2;;;
20/10/2018;13:43:00;32;sem vítima;271,953;BR-393/RJ;Sul;Colisão c/ obstáculos;1;;1;;;;;;;;7;;;;
20/10/2018;18:42:00;44;com vítima;256,87;BR-393/RJ;Norte;Colisão lateral no sentido contrário;1;;;1;;;;;;;1;;1;;
20/10/2018;20:15:00;48;com vítima;283,048;BR-393/RJ;Sul;Colisão lateral no sentido contrário;2;;;;;;;;;;0;2;1;;
21/10/2018;03:22:00;6;com vítima;281,936;BR-393/RJ;Sul;Acidentes de outra natureza;;;;1;;;;;;;0;1;;;
21/10/2018;13:23:00;44;com vítima;155,528;BR-393/RJ;Norte;Tombamento;;;1;;;;;;;;0;1;;;
22/10/2018;01:02:00;12;com vítima;0,6;Alça Sul;Norte;Colisão com veículos (frontal);2;;;;;;;;;;0;;;1;1
23/10/2018;12:26:00;40;com vítima;167;BR-393/RJ;Norte;Colisão com veículos (traseira);1;;1;;;;;;;;2;1;;;
24/10/2018;02:06:00;10;com vítima;207,093;BR-393/RJ;Sul;Saida de Pista;;;1;;;;;;;;0;2;;;
24/10/2018;02:17:00;11;com vítima;111,19;BR-393/RJ;Sul;Colisão c/ obstáculos;1;;;;;;;;;;0;1;;;
24/10/2018;04:51:00;16;sem vítima;168;BR-393/RJ;Sul;Colisão c/ obstáculos;1;;;;;;;;;;2;;;;
24/10/2018;12:19:00;43;com vítima;274,098;BR-393/RJ;Sul;Tombamento;;;1;;;;;;;;0;;2;;
24/10/2018;15:13:00;49;com vítima;107,091;BR-393/RJ;Sul;Colisão lateral no mesmo sentido;1;;;1;;;;;;;1;1;;;
24/10/2018;15:33:00;50;sem vítima;238,6;BR-393/RJ;Sul;Saida de Pista;1;;;;;;;;;;4;;;;
24/10/2018;19:49:00;71;sem vítima;286;BR-393/RJ;Norte;Colisão com veículos (traseira);2;;;;;;;;;;2;;;;
25/10/2018;08:05:00;21;com vítima;181,61;BR-393/RJ;Norte;Engavetamento;1;;2;;;;;;;;0;3;;;
25/10/2018;08:53:00;23;com vítima;110,2;BR-393/RJ;Sul;Saida de Pista;;;1;;;;;;;;0;1;;;
25/10/2018;10:33:00;25;sem vítima;251,662;BR-393/RJ;Norte;Colisão c/ obstáculos;1;;;;;;;;;;2;;;;
25/10/2018;11:59:00;29;com vítima;262,992;BR-393/RJ;Norte;Colisão lateral no mesmo sentido;1;;1;;;;;;;;1;;;2;
25/10/2018;14:00:00;35;sem vítima;265,072;BR-393/RJ;Sul;Colisão com veículos (traseira);1;;1;;;;;;;;2;;;;
25/10/2018;15:25:00;37;com vítima;153,639;BR-393/RJ;Norte;Capotamento;;;1;;;;;;;;0;2;;;
25/10/2018;19:25:00;49;com vítima;256,136;BR-393/RJ;Norte;Colisão com veículos (frontal);2;;;;;;;;;;2;1;;1;
25/10/2018;21:33:00;54;com vítima;252,384;BR-393/RJ;Sul;Colisão lateral no sentido contrário;1;;1;;;;;;;;1;1;;;
26/10/2018;02:45:00;3;sem vítima;238,95;BR-393/RJ;Sul;Colisão c/ obstáculos;1;;;;;;;;;;1;;;;
26/10/2018;03:13:00;6;sem vítima;191,613;BR-393/RJ;Norte;Saida de Pista;;;1;;;;;;;;1;;;;
26/10/2018;16:09:00;41;com vítima;168;BR-393/RJ;Sul;Atropelamento de pedestre;1;1;;;;;;;;;1;1;;;
26/10/2018;19:12:00;49;com vítima;218,353;BR-393/RJ;Norte;Colisão lateral no sentido contrário;1;;;1;;;;;;;1;;2;;
27/10/2018;00:12:00;1;sem vítima;274,715;BR-393/RJ;Sul;Saida de Pista;1;;;;;;;;;;1;;;;
27/10/2018;11:01:00;32;sem vítima;286;BR-393/RJ;Norte;Colisão com veículos (traseira);1;;;1;;;;;;;2;;;;
27/10/2018;18:43:00;46;sem vítima;285;BR-393/RJ;Norte;Colisão lateral no mesmo sentido;1;;;1;;;;;;;2;;;;
28/10/2018;00:28:00;1;com vítima;1,594;Alça Sul;Sul;Capotamento;1;;;;;;;;;;3;2;;;
28/10/2018;16:39:00;43;sem vítima;190,2;BR-393/RJ;Norte;Capotamento;1;;;;;;;;;;2;;;;
29/10/2018;06:54:00;18;sem vítima;204,538;BR-393/RJ;Norte;Tombamento;;;1;;;;;;;;1;;;;
29/10/2018;10:17:00;25;sem vítima;182,43;BR-393/RJ;Sul;Colisão c/ obstáculos;;;1;;;;;;;;1;;;;
30/10/2018;11:48:00;34;com vítima;155;BR-393/RJ;Norte;Colisão lateral no sentido contrário;2;;1;;;;;;;;2;1;1;;
31/10/2018;11:21:00;29;com vítima;232,7;BR-393/RJ;Sul;Colisão lateral no sentido contrário;1;;;1;;;;;;;1;;1;;
31/10/2018;16:58:00;42;com vítima;134,17;BR-393/RJ;Norte;Colisão lateral no mesmo sentido;2;;;;;;;;;;1;2;1;;
01/11/2018;16:42:00;50;sem vítima;121;BR-393/RJ;Norte;Saídas de pista;1;;;;;;;;;;3;;;;
02/11/2018;10:02:00;37;sem vítima;204,8;BR-393/RJ;Sul;Colisão com veículos (traseira);1;;;1;;;;;;;2;;;;
02/11/2018;16:52:00;58;sem vítima;143;BR-393/RJ;Norte;Colisão com veículos (traseira);2;;;;;;;;;;7;;;;
03/11/2018;00:11:00;1;com vítima;251,47;BR-393/RJ;Norte;Colisão lateral no sentido contrário;2;;;;;;;;;;0;2;;1;
03/11/2018;00:54:00;3;sem vítima;284,4;BR-393/RJ;Norte;Colisão com veículos (frontal);2;;;;;;;;;;3;;;;
03/11/2018;09:05:00;30;com vítima;280;BR-393/RJ;Norte;Colisão com veículos (traseira);;;;2;;;;;;;2;1;;;
03/11/2018;10:47:00;33;com vítima;272;BR-393/RJ;Sul;Acidentes de outra natureza;;;;1;;;;;;;1;1;;;
03/11/2018;18:50:00;57;sem vítima;235,45;BR-393/RJ;Norte;Colisão com veículos (traseira);2;;;;;;;;;;4;;;;
03/11/2018;20:02:00;60;com vítima;280,5;BR-393/RJ;Sul;Saídas de pista;1;;;;;;;;;;0;1;;;
04/11/2018;02:06:00;1;sem vítima;241,307;BR-393/RJ;Norte;Saídas de pista;1;;;;;;;;;;1;;;;
04/11/2018;05:28:00;13;com vítima;178,723;BR-393/RJ;Sul;Acidentes de outra natureza;;;;1;;;;;;;0;2;;;
04/11/2018;11:53:00;29;sem vítima;195;BR-393/RJ;Norte;Colisão com veículos (traseira);2;;;;;;;;;;7;;;;
04/11/2018;16:29:00;46;com vítima;131,442;BR-393/RJ;Sul;Tombamento;;;1;;;;;;;;0;1;;;
04/11/2018;20:26:00;54;sem vítima;277;BR-393/RJ;Sul;Colisão lateral no sentido contrário;2;;;;;;;;;;4;;;;
05/11/2018;14:37:00;37;com vítima;213;BR-393/RJ;Sul;Colisão lateral no sentido contrário;1;;1;;;;;;;;1;2;;;
06/11/2018;18:31:00;59;com vítima;282,592;BR-393/RJ;Norte;Colisão com veículos (frontal);1;;1;;;;;;;;2;2;;;
07/11/2018;01:35:00;6;com vítima;174,735;BR-393/RJ;Norte;Colisão c/ obstáculos;;;;1;;;;;;;0;2;;;
07/11/2018;08:22:00;25;sem vítima;182;BR-393/RJ;Norte;Colisão lateral no mesmo sentido;1;;1;;;;;;;;2;;;;
07/11/2018;16:35:00;57;sem vítima;172,277;BR-393/RJ;Norte;Saídas de pista;1;;;;;;;;;;1;;;;
08/11/2018;08:40:00;18;sem vítima;130;BR-393/RJ;Norte;Colisão c/ obstáculos;1;;;;;;;;;;1;;;;
08/11/2018;09:54:00;21;sem vítima;285;BR-393/RJ;Sul;Colisão com veículos (traseira);2;;;;;;;;;;2;;;;
08/11/2018;11:00:00;28;sem vítima;106;BR-393/RJ;Sul;Colisão lateral no sentido contrário;2;;;;;;;;;;2;;;;
08/11/2018;17:52:00;48;com vítima;266,656;BR-393/RJ;Norte;Colisão lateral no sentido contrário;2;;;;;;;;;;0;1;;2;
10/11/2018;16:27:00;60;com vítima;280,135;BR-393/RJ;Norte;Colisão com veículos (traseira);2;;;;;;;;;;1;1;;;
10/11/2018;16:32:00;62;sem vítima;145,09;BR-393/RJ;Sul;Colisão c/ obstáculos;1;;;;;;;;;;2;;;;
10/11/2018;17:46:00;67;com vítima;169,466;BR-393/RJ;Norte;Colisão c/ obstáculos;1;;;;;;;;;;0;;;1;
11/11/2018;22:33:00;50;com vítima;285,425;BR-393/RJ;Sul;Capotamento;1;;;;;;;;;;0;1;;;
12/11/2018;08:02:00;18;sem vítima;284;BR-393/RJ;Sul;Colisão com veículos (traseira);2;;;;;;;;;;2;;;;
12/11/2018;12:26:00;32;com vítima;139,74;BR-393/RJ;Sul;Tombamento;;;1;;;;;;;;0;1;;;
12/11/2018;14:37:00;38;com vítima;193,2;BR-393/RJ;Sul;Colisão com veículos (traseira);1;;;1;;;;;;;1;1;;;
13/11/2018;09:15:00;19;com vítima;267,6;BR-393/RJ;Sul;Acidentes de outra natureza;;;;1;;;;;;;0;1;;;
13/11/2018;19:02:00;65;sem vítima;281,733;BR-393/RJ;Norte;Colisão com veículos (traseira);1;;;1;;;;;;;2;;;;
14/11/2018;07:04:00;24;com vítima;255,747;BR-393/RJ;Sul;Colisão lateral no sentido contrário;1;;;;;;;;;1;0;15;;2;
14/11/2018;18:05:00;68;com vítima;284,935;BR-393/RJ;Norte;Colisão com veículos (traseira);2;;;;;;;;;;0;6;;;
14/11/2018;22:07:00;85;sem vítima;285,401;BR-393/RJ;Norte;Colisão lateral no sentido contrário;2;;;;;;;;;;2;;;;
14/11/2018;22:59:00;90;sem vítima;178,3;BR-393/RJ;Norte;Colisão com veículos (traseira);;;2;;;;;;;;2;;;;
15/11/2018;09:28:00;26;sem vítima;281,445;BR-393/RJ;Norte;Colisão lateral no sentido contrário;1;;1;;;;;;;;2;;;;
15/11/2018;10:15:00;29;com vítima;224,37;BR-393/RJ;Norte;Colisão com veículos (traseira);2;;;;;;;;;;5;2;;;
15/11/2018;14:44:00;38;com vítima;258,155;BR-393/RJ;Norte;Saídas de pista;1;;;;;;;;;;0;2;;;
17/11/2018;18:34:00;62;sem vítima;248,871;BR-393/RJ;Sul;Colisão c/ obstáculos;1;;;;;;;;;;1;;;;
18/11/2018;06:40:00;15;com vítima;218,519;BR-393/RJ;Sul;Colisão c/ obstáculos;1;;;;;;;;;;0;1;;;
18/11/2018;14:45:00;53;com vítima;277,52;BR-393/RJ;Sul;Atropelamento de pedestre;1;1;;;;;;;;;1;;;;1
18/11/2018;20:02:00;75;com vítima;216,889;BR-393/RJ;Norte;Capotamento;1;;;;;;;;;;4;1;;;
19/11/2018;00:03:00;1;com vítima;252,595;BR-393/RJ;Sul;Colisão lateral no sentido contrário;1;;1;;;;;;;;0;2;;;
19/11/2018;14:48:00;43;com vítima;133,9;BR-393/RJ;Sul;Engavetamento;1;;2;;;;;;;;3;1;;;
19/11/2018;16:57:00;48;com vítima;213,939;BR-393/RJ;Sul;Colisão lateral no sentido contrário;1;;;;1;;;;;;1;1;;;
19/11/2018;22:59:00;59;sem vítima;285,206;BR-393/RJ;Norte;Colisão c/ obstáculos;1;;;;;;;;;;2;;;;
20/11/2018;02:09:00;13;sem vítima;242,554;BR-393/RJ;Norte;Capotamento;1;;;;;;;;;;1;;;;
21/11/2018;09:08:00;28;sem vítima;124,879;BR-393/RJ;Sul;Saídas de pista;1;;;;;;;;;;2;;;;
21/11/2018;10:57:00;37;com vítima;205,175;BR-393/RJ;Sul;Colisão lateral no mesmo sentido;1;;;1;;;;;;;1;1;;;
21/11/2018;15:55:00;56;com vítima;176,288;BR-393/RJ;Norte;Colisão lateral no sentido contrário;2;;;;;;;;;;1;;1;;
22/11/2018;06:50:00;14;com vítima;164,9;BR-393/RJ;Norte;Tombamento;;;1;;;;;;;;0;1;;;
24/11/2018;13:45:00;44;sem vítima;263;BR-393/RJ;Norte;Colisão lateral no sentido contrário;2;;;;;;;;;;6;;;;
24/11/2018;22:48:00;61;com vítima;236,739;BR-393/RJ;Norte;Colisão lateral no sentido contrário;1;;;1;;;;;;;3;;1;;
25/11/2018;00:56:00;3;sem vítima;274,791;BR-393/RJ;Norte;Colisão lateral no mesmo sentido;1;;1;;;;;;;;2;;;;
25/11/2018;10:51:00;33;com vítima;241;BR-393/RJ;Sul;Acidentes de outra natureza;;1;;;;;;;;;0;1;;;
25/11/2018;20:11:00;66;sem vítima;184,985;BR-393/RJ;Norte;Saídas de pista;;;1;;;;;;;;1;;;;
26/11/2018;08:32:00;21;com vítima;239,286;BR-393/RJ;Sul;Saídas de pista;1;;;;;;;;;;1;;1;;
26/11/2018;08:49:00;22;com vítima;226,851;BR-393/RJ;Sul;Capotamento;;;2;;;;;;;;1;2;;;
26/11/2018;12:24:00;38;com vítima;226,9;BR-393/RJ;Norte;Colisão com veículos (traseira);2;;;;;;;;;;2;2;;;
27/11/2018;09:09:00;25;sem vítima;105,868;BR-393/RJ;Sul;Colisão com veículos (traseira);2;;;;;;;;;;2;;;;
27/11/2018;12:02:00;46;sem vítima;281,411;BR-393/RJ;Norte;Colisão com veículos (traseira);2;;;;;;;;;;2;;;;
27/11/2018;13:10:00;49;com vítima;285,484;BR-393/RJ;Norte;Colisão com veículos (traseira);1;;1;;;;;;;;1;1;;;
27/11/2018;16:23:00;62;com vítima;182;BR-393/RJ;Norte;Colisão com veículos (frontal);1;;;1;;;;;;;1;1;;;
28/11/2018;07:21:00;20;com vítima;279,734;BR-393/RJ;Sul;Colisão lateral no sentido contrário;2;;;;;;;;;;1;1;;;
28/11/2018;16:18:00;49;com vítima;238,863;BR-393/RJ;Norte;Colisão lateral no sentido contrário;1;;1;;;;;;;;0;5;;;
30/11/2018;08:04:00;36;sem vítima;196,464;BR-393/RJ;Norte;Colisão c/ obstáculos;1;;;;;;;;;;2;;;;
30/11/2018;08:18:00;38;com vítima;232,011;BR-393/RJ;Sul;Colisão lateral no sentido contrário;2;;;;;;;;;;0;2;;;
30/11/2018;16:02:00;70;sem vítima;281,9;BR-393/RJ;Sul;Engavetamento;3;;1;;;;;;;;6;;;;
30/11/2018;19:06:00;87;sem vítima;282,6;BR-393/RJ;Norte;Engavetamento;3;;;;;;;;;;3;;;;
01/12/2018;02:11:00;5;sem vítima;123,2;BR-393/RJ;Sul;Colisão c/ obstáculos;;;1;;;;;;;;1;;;;
01/12/2018;19:27:00;59;sem vítima;241,279;BR-393/RJ;Sul;Colisão lateral no sentido contrário;1;;1;;;;;;;;3;;;;
02/12/2018;01:06:00;11;sem vítima;254,578;BR-393/RJ;Sul;Colisão c/ obstáculos;1;;;;;;;;;;1;;;;
02/12/2018;02:08:00;14;sem vítima;255,68;BR-393/RJ;Norte;Saídas de pista;1;;;;;;;;;;1;;;;
02/12/2018;19:33:00;48;sem vítima;161,254;BR-393/RJ;Norte;Colisão c/ obstáculos;1;;;;;;;;;;1;;;;
03/12/2018;09:23:00;24;sem vítima;278,986;BR-393/RJ;Sul;Colisão c/ obstáculos;;1;;;1;;;;;;2;;;;
04/12/2018;22:04:00;83;com vítima;0,7;Alça Sul;Norte;Atropelamento de pedestre;;;;1;;;;;;;0;2;;;
05/12/2018;00:48:00;6;com vítima;241,325;BR-393/RJ;Norte;Colisão c/ obstáculos;;;2;;;;;;;;0;2;;1;
05/12/2018;06:45:00;21;com vítima;248,166;BR-393/RJ;Sul;Colisão com veículos (frontal);1;;;1;;;;;;;1;;2;;
05/12/2018;10:57:00;37;sem vítima;146,653;BR-393/RJ;Sul;Tombamento;;;1;;;;;;;;1;;;;
05/12/2018;16:38:00;54;sem vítima;125;BR-393/RJ;Norte;Colisão com veículos (traseira);1;;1;;;;;;;;4;;;;
05/12/2018;19:08:00;60;com vítima;151,805;BR-393/RJ;Sul;Acidentes de outra natureza;;;;1;;;;;;;0;1;;;
05/12/2018;20:16:00;64;sem vítima;151,812;BR-393/RJ;Sul;Colisão c/ obstáculos;1;;;;;;;;;;1;;;;
05/12/2018;20:37:00;66;sem vítima;246,915;BR-393/RJ;Norte;Colisão com veículos (traseira);2;;;;;;;;;;2;;;;
07/12/2018;07:25:00;22;com vítima;263,866;BR-393/RJ;Sul;Colisão com veículos (frontal);1;;1;;;;;;;;0;1;;;3
07/12/2018;18:00:00;62;sem vítima;238,1;BR-393/RJ;Norte;Colisão Lateral Mesmo Sentido;1;;1;;;;;;;;2;;;;
07/12/2018;22:36:00;75;com vítima;220,373;BR-393/RJ;Sul;Atropelamento de pedestre;1;;;;;;;;;;1;;1;;
08/12/2018;05:33:00;22;sem vítima;167,887;BR-393/RJ;Sul;Colisão Transversal;1;;;;1;;;;;;3;;;;
08/12/2018;11:40:00;32;sem vítima;284,521;BR-393/RJ;Norte;Colisão com veículos (traseira);2;;;;;;;;;;3;;;;
08/12/2018;13:28:00;39;com vítima;183,3;BR-393/RJ;Sul;Colisão Transversal;2;;;;;;;;;;0;4;;;
08/12/2018;22:44:00;69;com vítima;242,921;BR-393/RJ;Norte;Colisão com veículos (traseira);1;;;1;;;;;;;0;2;;;
08/12/2018;23:08:00;72;com vítima;143,3;BR-393/RJ;Sul;Colisão c/ obstáculos;1;;;;;;;;;;0;2;;;
09/12/2018;01:49:00;4;com vítima;157,98;BR-393/RJ;Sul;Colisão com veículos (frontal);;;1;1;;;;;;;0;2;;1;
09/12/2018;10:21:00;16;sem vítima;279,05;BR-393/RJ;Sul;Colisão Transversal;1;;;1;;;;;;;2;;;;
09/12/2018;21:11:00;50;sem vítima;113,711;BR-393/RJ;Norte;Atropelamento de Animal;1;;;;;;;;;;4;;;;
10/12/2018;05:15:00;14;sem vítima;175,615;BR-393/RJ;Sul;Engavetamento;3;;;;;;;;;;9;;;;
10/12/2018;16:32:00;49;sem vítima;278,618;BR-393/RJ;Sul;Capotamento;1;;;;;;;;;;1;;;;
11/12/2018;09:04:00;22;com vítima;179,39;BR-393/RJ;Norte;Colisão lateral no sentido contrário;2;;;;;;;;;;0;2;;;
11/12/2018;19:58:00;78;com vítima;255,758;BR-393/RJ;Norte;Atropelamento de pedestre;;;;1;;;;;;;0;2;1;;
11/12/2018;22:37:00;84;sem vítima;253,6;BR-393/RJ;Norte;Colisão c/ obstáculos;;;1;;;;;;;;1;;;;
12/12/2018;08:31:00;27;sem vítima;281,858;BR-393/RJ;Norte;Colisão c/ obstáculos;;;1;;;;;;;;1;;;;
12/12/2018;11:15:00;35;com vítima;178,532;BR-393/RJ;Norte;Acidentes de outra natureza;;;;1;;;;;;;0;1;;;
12/12/2018;11:51:00;38;com vítima;235,194;BR-393/RJ;Norte;Colisão Transversal;1;;;1;;;;;;;2;2;;;
13/12/2018;06:32:00;23;sem vítima;125;BR-393/RJ;Sul;Colisão com veículos (traseira);;;2;;;;;;;;2;;;;
15/12/2018;21:10:00;93;com vítima;201,317;BR-393/RJ;Sul;Colisão c/ obstáculos;1;;1;;1;;;;;;2;3;;;
16/12/2018;03:40:00;14;sem vítima;167,342;BR-393/RJ;Sul;Colisão Lateral Mesmo Sentido;2;;;;;;;;;;4;;;;
16/12/2018;15:50:00;59;sem vítima;142,4;BR-393/RJ;Sul;Colisão com veículos (traseira);1;;1;;;;;;;;5;;;;
16/12/2018;22:46:00;103;com vítima;226,564;BR-393/RJ;Sul;Colisão Transversal;1;;;;;;;;;1;0;;2;;
17/12/2018;09:55:00;32;sem vítima;280,205;BR-393/RJ;Norte;Colisão Lateral Mesmo Sentido;1;;;1;;;;;;;2;;;;
17/12/2018;11:45:00;38;sem vítima;262,233;BR-393/RJ;Norte;Saídas de pista;1;;;;;;;;;;1;;;;
17/12/2018;14:44:00;44;com vítima;284,116;BR-393/RJ;Norte;Colisão Lateral Mesmo Sentido;1;;;1;;;;;;;3;1;;;
17/12/2018;17:52:00;57;sem vítima;269;BR-393/RJ;Norte;Colisão c/ obstáculos;2;;;;;;;;;;4;;;;
18/12/2018;14:10:00;42;sem vítima;119,165;BR-393/RJ;Norte;Saídas de pista;1;;;;;;;;;;3;;;;
18/12/2018;22:51:00;83;com vítima;184,321;BR-393/RJ;Sul;Atropelamento de pedestre;;1;;1;;;;;;;0;;2;;
19/12/2018;14:52:00;55;com vítima;234,979;BR-393/RJ;Norte;Tombamento;;;1;;;;;;;;0;1;;;
19/12/2018;15:21:00;57;com vítima;236,5;BR-393/RJ;Norte;Acidentes de outra natureza;;;;1;;;;;;;0;1;;;
19/12/2018;17:12:00;63;com vítima;238;BR-393/RJ;Norte;Acidentes de outra natureza;;;;1;;;;;;;0;1;;;
20/12/2018;10:44:00;28;sem vítima;135,589;BR-393/RJ;Norte;Colisão com veículos (traseira);2;;;;;;;;;;2;;;;
20/12/2018;23:51:00;90;sem vítima;284,4;BR-393/RJ;Norte;Engavetamento;3;;;;;;;;;;7;;;;
21/12/2018;05:57:00;13;sem vítima;279,581;BR-393/RJ;Norte;Colisão lateral no sentido contrário;1;;;1;;;;;;;2;;;;
21/12/2018;08:22:00;27;sem vítima;285,106;BR-393/RJ;Norte;Colisão com veículos (traseira);2;;;;;;;;;;2;;;;
21/12/2018;12:26:00;52;com vítima;277,84;BR-393/RJ;Sul;Colisão lateral no mesmo sentido;1;;;1;;;;;;;1;1;;;
21/12/2018;14:49:00;70;sem vítima;275,2;BR-393/RJ;Norte;Colisão com veículos (traseira);2;;;;;;;;;;2;;;;
22/12/2018;08:18:00;25;sem vítima;102,1;BR-393/RJ;Sul;Colisão com veículos (traseira);1;;;;;;;;;1;2;;;;
22/12/2018;08:48:00;29;com vítima;103,1;BR-393/RJ;Sul;Colisão Transversal;2;;;;;;;;;;1;1;;;
22/12/2018;09:04:00;31;sem vítima;280,182;BR-393/RJ;Sul;Colisão com veículos (traseira);2;;;;;;;;;;2;;;;
22/12/2018;18:42:00;72;com vítima;157,083;BR-393/RJ;Sul;Acidentes de outra natureza;;1;;;;;;;;;0;1;;;
23/12/2018;06:54:00;22;com vítima;232,142;BR-393/RJ;Norte;Saídas de pista;1;;;;;;;;;;4;1;;;
23/12/2018;19:31:00;67;sem vítima;147,65;BR-393/RJ;Sul;Saídas de pista;1;;;;;;;;;;2;;;;
24/12/2018;05:17:00;15;com vítima;284,277;BR-393/RJ;Sul;Acidentes de outra natureza;;;;1;;;;;;;0;1;;;
24/12/2018;07:37:00;16;com vítima;139,519;BR-393/RJ;Norte;Colisão c/ obstáculos;;;1;;;;;;;;0;1;;;
24/12/2018;11:14:00;27;com vítima;284,365;BR-393/RJ;Sul;Engavetamento;1;;1;;;;;;;1;2;1;;;
25/12/2018;11:02:00;26;sem vítima;226,597;BR-393/RJ;Sul;Saídas de pista;1;;;;;;;;;;3;;;;
25/12/2018;11:54:00;30;sem vítima;141,483;BR-393/RJ;Norte;Colisão com veículos (traseira);2;;;;;;;;;;3;;;;
25/12/2018;22:40:00;55;com vítima;164,791;BR-393/RJ;Norte;Tombamento;;;1;;;;;;;;0;;1;;
26/12/2018;05:23:00;7;com vítima;169,528;BR-393/RJ;Sul;Acidentes de outra natureza;;;;1;;;;;;;0;1;;;
26/12/2018;10:54:00;32;sem vítima;256,8;BR-393/RJ;Sul;Saídas de pista;1;;;;;;;;;;3;;;;
26/12/2018;11:12:00;35;com vítima;138,199;BR-393/RJ;Norte;Capotamento;1;;;;;;;;;;1;1;;;
26/12/2018;16:33:00;60;com vítima;168,847;BR-393/RJ;Norte;Colisão com veículos (traseira);2;;;;;;;;;;0;2;;;
26/12/2018;16:35:00;61;com vítima;258,312;BR-393/RJ;Sul;Colisão Lateral Mesmo Sentido;2;;;;;;;;;;2;2;;;
26/12/2018;17:41:00;64;com vítima;256,406;BR-393/RJ;Norte;Colisão Transversal;2;;;;;;;;;;5;2;;;
26/12/2018;18:19:00;66;com vítima;121,553;BR-393/RJ;Norte;Saídas de pista;1;;;;;;;;;;0;1;;;
27/12/2018;14:38:00;52;com vítima;213,712;BR-393/RJ;Norte;Colisão c/ obstáculos;2;;;;;;;;;;1;2;;;
28/12/2018;11:12:00;36;com vítima;188,292;BR-393/RJ;Sul;Saídas de pista;1;;;;;;;;;;0;5;;;
28/12/2018;18:12:00;62;sem vítima;284,5;BR-393/RJ;Norte;Engavetamento;3;;;;;;;;;;3;;;;
28/12/2018;19:16:00;66;com vítima;278,5;BR-393/RJ;Sul;Acidentes de outra natureza;;1;;;;;;;;;0;1;;;
28/12/2018;19:18:00;67;sem vítima;170,955;BR-393/RJ;Sul;Tombamento;;;1;;;;;;;;1;;;;
28/12/2018;23:54:00;79;com vítima;279,174;BR-393/RJ;Norte;Colisão com veículos (traseira);1;;1;;;;;;;;1;2;;;
29/12/2018;11:42:00;38;sem vítima;284,056;BR-393/RJ;Norte;Engavetamento;2;;1;;;;;;;;4;;;;
29/12/2018;11:54:00;39;com vítima;168,066;BR-393/RJ;Sul;Colisão Transversal;1;;;1;;;;;;;2;1;;;
29/12/2018;20:07:00;77;com vítima;284,118;BR-393/RJ;Sul;Colisão com veículos (frontal);1;;;1;;;;;;;1;1;;;