data;horario;n_da_ocorrencia;tipo_de_ocorrencia;km;trecho;sentido;tipo_de_acidente;automovel;bicicleta;caminhao;moto;onibus;outros;tracao_animal;transporte_de_cargas_especiais;trator_maquinas;utilitarios;ilesos;levemente_feridos;moderadamente_feridos;gravemente_feridos;mortos
05/07/2020;03:14:00;10;sem vítima;168,8;BR-393/RJ;Pista Sul;Atropelamento de animais;;;1;;;;;;;;1;;;;
05/07/2020;09:37:00;21;sem vítima;139,4;BR-393/RJ;Pista Norte;Tombamento;;;1;;;;;;;;1;;;;
05/07/2020;14:58:00;31;com vítima;187,255;BR-393/RJ;Pista Sul;Tombamento;;;1;;;;;;;;0;1;;;
06/07/2020;00:52:00;3;com vítima;251,199;BR-393/RJ;Pista Norte;Acidentes de outra natureza;;;;1;;;;;;;0;1;;;
06/07/2020;04:48:00;5;sem vítima;273,899;BR-393/RJ;Pista Norte;Colisão c/ obstáculos;1;;;;;;;;;;1;;;;
07/07/2020;16:26:00;48;sem vítima;243,049;BR-393/RJ;Pista Norte;Colisão lateral no mesmo sentido;1;;1;;;;;;;;3;;;;
08/07/2020;07:46:00;24;com vítima;285,399;BR-393/RJ;Pista Norte;Atropelamento de pedestre;1;;;;;;;;;;1;;1;;
08/07/2020;08:17:00;27;com vítima;286,2;BR-393/RJ;Pista Sul;Colisão com veículos (traseira);2;;;;;;;;;;2;1;;;
10/07/2020;23:44:00;82;sem vítima;253;BR-393/RJ;Pista Sul;Saídas de pista;;;1;;;;;;;;1;;;;
11/07/2020;23:53:00;66;com vítima;251,5;BR-393/RJ;Pista Sul;Atropelamento de pedestre;1;;;;;;;;;;1;1;;;
12/07/2020;11:46:00;22;sem vítima;245,3;BR-393/RJ;Pista Sul;Colisão com veículos (traseira);2;;;;;;;;;;4;;;;
12/07/2020;15:53:00;35;com vítima;1,6;Alça Sul;Pista Norte;Colisão c/ obstáculos;2;;;;;;;;;;0;3;;;
12/07/2020;23:00:00;54;com vítima;168,018;BR-393/RJ;Pista Norte;Acidentes de outra natureza;1;;;1;;;;;;;1;1;;;
13/07/2020;06:36:00;16;sem vítima;223,296;BR-393/RJ;Pista Sul;Acidentes de outra natureza;;;2;;;;;;;;2;;;;
13/07/2020;07:53:00;17;sem vítima;125,7;BR-393/RJ;Pista Norte;Colisão com veículos (traseira);2;;;;;;;;;;3;;;;
13/07/2020;10:26:00;22;com vítima;282,259;BR-393/RJ;Pista Sul;Acidentes de outra natureza;2;;;;;;;;;;1;1;;;
13/07/2020;22:55:00;63;sem vítima;280,888;BR-393/RJ;Pista Sul;Colisão com veículos (traseira);1;;;;;;;;;1;2;;;;
14/07/2020;02:49:00;7;sem vítima;265,399;BR-393/RJ;Pista Sul;Colisão c/ obstáculos;;;1;;;;;;;;1;;;;
14/07/2020;07:51:00;24;com vítima;105,9;BR-393/RJ;Pista Norte;Acidentes de outra natureza;1;;;1;;;;;;;1;1;;;
15/07/2020;10:07:00;25;com vítima;168,4;BR-393/RJ;Pista Sul;Atropelamento de animais;1;;;1;;;;;;;1;;1;;
15/07/2020;13:50:00;48;sem vítima;255,5;BR-393/RJ;Pista Norte;Colisão lateral no mesmo sentido;1;;1;;;;;;;;2;;;;
15/07/2020;20:12:00;64;sem vítima;256,6;BR-393/RJ;Pista Sul;Colisão c/ obstáculos;1;;;;;;;;;;1;;;;
16/07/2020;07:17:00;16;com vítima;123;BR-393/RJ;Pista Sul;Saídas de pista;1;;;;;;;;;;0;;1;;
17/07/2020;15:09:00;45;com vítima;282,15;BR-393/RJ;Pista Norte;Colisão com veículos (frontal);1;;;1;;;;;;;1;;2;;
18/07/2020;03:08:00;6;sem vítima;270,6;BR-393/RJ;Pista Sul;Saídas de pista;1;;;;;;;;;;1;;;;
18/07/2020;11:39:00;30;com vítima;137,501;BR-393/RJ;Pista Norte;Acidentes de outra natureza;;1;;;;;;;;;0;1;;;
18/07/2020;18:30:00;51;sem vítima;157,5;BR-393/RJ;Pista Sul;Acidentes de outra natureza;;;;1;;;;;;;1;;;;
19/07/2020;08:11:00;19;com vítima;103;BR-393/RJ;Pista Norte;Acidentes de outra natureza;;;;1;;;;;;;0;1;;;
19/07/2020;20:31:00;45;com vítima;133,289;BR-393/RJ;Pista Norte;Colisão com veículos (frontal);1;;;1;;;;;;;1;1;;;
20/07/2020;03:38:00;10;sem vítima;248,4;BR-393/RJ;Pista Norte;Saídas de pista;1;;;;;;;;;;1;;;;
20/07/2020;15:07:00;50;com vítima;2,299;Alça Sul;Pista Norte;Acidentes de outra natureza;;1;1;;;;;;;;0;1;;;1
22/07/2020;16:01:00;51;com vítima;169;BR-393/RJ;Pista Norte;Colisão c/ obstáculos;2;;;;;;;;;1;1;3;;;
22/07/2020;19:32:00;58;com vítima;179,1;BR-393/RJ;Pista Sul;Colisão lateral no mesmo sentido;;;;2;;;;;;;0;2;;;
23/07/2020;10:14:00;32;sem vítima;281,1;BR-393/RJ;Pista Norte;Colisão com veículos (traseira);2;;;;;;;;;;2;;;;
24/07/2020;04:35:00;14;sem vítima;284,225;BR-393/RJ;Pista Norte;Capotamento;1;;;;;;;;;;1;;;;
24/07/2020;13:45:00;33;sem vítima;241,742;BR-393/RJ;Pista Norte;Colisão com veículos (frontal);1;;1;;;;;;;;2;;;;
24/07/2020;19:44:00;57;sem vítima;110,2;BR-393/RJ;Pista Norte;Saídas de pista;1;;;;;;;;;;1;;;;
26/07/2020;05:29:00;17;sem vítima;175,5;BR-393/RJ;Pista Sul;Colisão c/ obstáculos;1;;;;;;;;;;1;;;;
26/07/2020;21:20:00;56;com vítima;222,392;BR-393/RJ;Pista Sul;Tombamento;;;2;;;;;;;;1;2;1;;
27/07/2020;00:59:00;4;com vítima;121,7;BR-393/RJ;Pista Norte;Capotamento;1;;;;;;;;;;0;2;;;
29/07/2020;07:49:00;31;com vítima;285;BR-393/RJ;Pista Sul;Acidentes de outra natureza;;1;;1;;;;;;;1;2;;;
29/07/2020;08:14:00;32;sem vítima;285,5;BR-393/RJ;Pista Norte;Engavetamento;3;;;;;;;;;;3;;;;
29/07/2020;23:46:00;71;sem vítima;274,6;BR-393/RJ;Pista Norte;Saídas de pista;1;;;;;;;;;;1;;;;
30/07/2020;17:58:00;65;com vítima;257,8;BR-393/RJ;Pista Norte;Colisão c/ obstáculos;1;;;;;;;;;;1;;2;;
31/07/2020;09:53:00;30;sem vítima;285,399;BR-393/RJ;Pista Sul;Colisão lateral no mesmo sentido;1;;1;;;;;;;;3;;;;
31/07/2020;20:45:00;59;com vítima;282;BR-393/RJ;Pista Norte;Colisão com veículos (frontal);1;;;1;;;;;;;0;;2;;
01/08/2020;15:04:00;42;Acidente com vítima;286,048;BR-393/RJ;Sul;Colisão com veículos (traseira);1;;;1;;;;;;;1;1;;;
01/08/2020;20:01:00;59;Acidente com vítima;168,4;BR-393/RJ;Sul;Atropelamento de pedestre;;1;;1;;;;;;;0;;2;;
02/08/2020;15:31:00;41;Acidente com vítima;151,9;BR-393/RJ;Sul;Tombamento;;;1;;;;;;;;0;1;;;
03/08/2020;17:26:00;59;Acidente sem vítima;165;BR-393/RJ;Sul;Acidentes de outra natureza;;;;1;;;;;;;1;;;;
03/08/2020;18:30:00;63;Acidente com vítima;285,199;BR-393/RJ;Norte;Acidentes de outra natureza;1;;;1;;;;;;;1;1;;;
03/08/2020;19:20:00;71;Acidente sem vítima;280,1;BR-393/RJ;Sul;Engavetamento;3;;;;;;;;;;5;;;;
04/08/2020;19:48:00;55;Acidente com vítima;185,25;BR-393/RJ;Norte;Acidentes de outra natureza;2;;;;;;;;;;0;1;2;;
05/08/2020;10:23:00;31;Acidente com vítima;105,9;BR-393/RJ;Norte;Colisão lateral no mesmo sentido;1;;;1;;;;;;;1;1;;;
06/08/2020;00:38:00;4;Acidente com vítima;147,148;BR-393/RJ;Sul;Tombamento;;;1;;;;;;;;0;1;;;
08/08/2020;19:01:00;47;Acidente com vítima;255,599;BR-393/RJ;Sul;Atropelamento de pedestre;1;;;;;;;;;;2;1;;;
09/08/2020;00:53:00;6;Acidente com vítima;203,244;BR-393/RJ;Sul;Acidentes de outra natureza;;;;1;;;;;;;0;;;1;
09/08/2020;01:46:00;7;Acidente sem vítima;172,065;BR-393/RJ;Norte;Colisão lateral no sentido contrário;2;;;;;;;;;;4;;;;
09/08/2020;13:01:00;36;Acidente sem vítima;285,699;BR-393/RJ;Sul;Colisão com veículos (traseira);1;;;;1;;;;;;2;;;;
10/08/2020;19:11:00;70;Acidente com vítima;239,4;BR-393/RJ;Sul;Colisão lateral no mesmo sentido;1;;1;;;;;;;;1;4;;;
10/08/2020;19:49:00;71;Acidente sem vítima;286,3;BR-393/RJ;Sul;Colisão com veículos (traseira);2;;;;;;;;;;2;;;;
12/08/2020;12:02:00;42;Acidente sem vítima;138,5;BR-393/RJ;Norte;Colisão lateral no mesmo sentido;2;;;;;;;;;;2;;;;
12/08/2020;13:09:00;46;Acidente sem vítima;265,057;BR-393/RJ;Sul;Colisão com veículos (traseira);1;;1;;;;;;;;2;;;;
12/08/2020;20:37:00;67;Acidente com vítima;280,199;BR-393/RJ;Sul;Colisão lateral no sentido contrário;1;;1;;;;;;;;1;1;;;
13/08/2020;11:34:00;39;Acidente sem vítima;285,2;BR-393/RJ;Norte;Colisão com veículos (traseira);3;;;;;;;;;;4;;;;
14/08/2020;11:22:00;36;Acidente sem vítima;274;BR-393/RJ;Norte;Colisão lateral no sentido contrário;;;2;;;;;;;;2;;;;
15/08/2020;11:52:00;37;Acidente sem vítima;269,064;BR-393/RJ;Norte;Colisão com veículos (traseira);2;;1;;;;;;;;6;;;;
16/08/2020;13:53:00;40;Acidente com vítima;257,6;BR-393/RJ;Sul;Acidentes de outra natureza;;;;1;;;;;;;0;1;;;
16/08/2020;22:22:00;49;Acidente com vítima;0,6;Alça Sul;Sul;Atropelamento de animais;1;;;;;;;;;;0;1;;;
17/08/2020;09:20:00;23;Acidente com vítima;257,699;BR-393/RJ;Norte;Tombamento;;;1;;;;;;;;0;2;;;
18/08/2020;14:50:00;42;Acidente com vítima;255,5;BR-393/RJ;Norte;Colisão c/ obstáculos;1;;;;;;;;;;0;1;;;
18/08/2020;20:55:00;59;Acidente sem vítima;239;BR-393/RJ;Sul;Colisão c/ obstáculos;1;;;;;;;;;;2;;;;
19/08/2020;08:13:00;23;Acidente com vítima;117,248;BR-393/RJ;Sul;Engavetamento;1;;2;;;;;;;;3;3;;;
19/08/2020;17:10:00;59;Acidente sem vítima;160;BR-393/RJ;Norte;Colisão com veículos (traseira);2;;1;;;;;;;;5;;;;
19/08/2020;18:47:00;64;Acidente com vítima;282,4;BR-393/RJ;Norte;Colisão com veículos (traseira);1;;;1;;;;;;;2;1;;;
20/08/2020;07:59:00;30;Acidente com vítima;263,899;BR-393/RJ;Norte;Colisão com veículos (frontal);2;;;;;;;;;;0;1;2;;
20/08/2020;23:20:00;77;Acidente sem vítima;239,3;BR-393/RJ;Norte;Colisão c/ obstáculos;1;;;;;;;;;;1;;;;
21/08/2020;00:16:00;2;Acidente sem vítima;228,8;BR-393/RJ;Norte;Saídas de pista;1;;;;;;;;;;2;;;;
21/08/2020;07:04:00;14;Acidente sem vítima;145;BR-393/RJ;Norte;Saídas de pista;1;;;;;;;;;;1;;;;
22/08/2020;02:49:00;7;Acidente com vítima;102,925;BR-393/RJ;Norte;Acidentes de outra natureza;;;;1;;;;;;;1;1;;;
22/08/2020;05:21:00;11;Acidente sem vítima;285;BR-393/RJ;Sul;Colisão c/ obstáculos;1;;;;;;;;;;1;;;;
22/08/2020;09:35:00;23;Acidente sem vítima;106;BR-393/RJ;Norte;Colisão com veículos (traseira);2;;;;;;;;;;2;;;;
22/08/2020;13:04:00;31;Acidente sem vítima;131;BR-393/RJ;Norte;Saídas de pista;;;1;;;;;;;;1;;;;
24/08/2020;20:41:00;73;Acidente com vítima;200,3;BR-393/RJ;Norte;Acidentes de outra natureza;1;;1;;;;;;;;1;;3;;
25/08/2020;17:10:00;54;Acidente sem vítima;285;BR-393/RJ;Norte;Engavetamento;4;;;;;;;;;;4;;;;
26/08/2020;09:23:00;24;Acidente com vítima;236,864;BR-393/RJ;Norte;Colisão lateral no sentido contrário;1;;2;;;;;;;;4;1;;;
26/08/2020;15:49:00;36;Acidente sem vítima;265;BR-393/RJ;Norte;Colisão com veículos (traseira);1;;1;;;;;;;;2;;;;
26/08/2020;17:21:00;42;Acidente sem vítima;281;BR-393/RJ;Norte;Saídas de pista;1;;;;;;;;;;1;;;;
26/08/2020;18:38:00;49;Acidente com vítima;266;BR-393/RJ;Norte;Acidentes de outra natureza;;;;1;;;;;;;0;1;;;
27/08/2020;07:05:00;22;Acidente sem vítima;235,684;BR-393/RJ;Sul;Colisão com veículos (traseira);1;;;;;;;;;1;2;;;;
27/08/2020;15:01:00;49;Acidente sem vítima;283,699;BR-393/RJ;Norte;Acidentes de outra natureza;2;;;;;;;;;;2;;;;
28/08/2020;07:35:00;17;Acidente com vítima;283,5;BR-393/RJ;Sul;Saídas de pista;1;;;1;;;;;;;1;1;;;
28/08/2020;23:35:00;76;Acidente sem vítima;138;BR-393/RJ;Sul;Atropelamento de animais;;;1;;;;;;;;1;;;;
29/08/2020;18:23:00;58;Acidente com vítima;259,436;BR-393/RJ;Norte;Colisão com veículos (traseira);2;;;;;;;;;;5;1;;;
29/08/2020;21:23:00;73;Acidente com vítima;236,3;BR-393/RJ;Norte;Colisão com veículos (frontal);1;;1;;;;;;;;0;1;;2;
29/08/2020;22:04:00;75;Acidente com vítima;283,6;BR-393/RJ;Sul;Colisão com veículos (frontal);1;;;1;;;;;;;1;;1;;
29/08/2020;22:53:00;79;Acidente com vítima;279,52;BR-393/RJ;Norte;Atropelamento de pedestre;1;1;;;;;;;;;1;1;;;
31/08/2020;17:08:00;48;Acidente com vítima;167,3;BR-393/RJ;Sul;Colisão com veículos (traseira);1;;;1;;;;;;;1;;1;;
01/09/2020;04:56:00;18;Acidente sem vítima;156,5;BR-393/RJ;Sul;Colisão c/ obstáculos;;;1;;;;;;;;1;;;;
01/09/2020;18:23:00;74;Acidente sem vítima;139;BR-393/RJ;Sul;Atropelamento de animais;1;;;;;;;;;;1;;;;
02/09/2020;18:55:00;66;Acidente com vítima;187,239;BR-393/RJ;Norte;Atropelamento de animais;1;;;;;;;;;;0;1;;;
03/09/2020;08:02:00;15;Acidente com vítima;123;BR-393/RJ;Sul;Saídas de pista;1;;;;;;;;;;0;1;;;
03/09/2020;13:22:00;42;Acidente sem vítima;265;BR-393/RJ;Norte;Colisão com veículos (traseira);1;;1;;;;;;;;3;;;;
03/09/2020;19:30:00;58;Acidente com vítima;252,5;BR-393/RJ;Sul;Acidentes de outra natureza;2;;;;;;;;;;2;1;;;
05/09/2020;09:41:00;25;Acidente com vítima;236,699;BR-393/RJ;Norte;Acidentes de outra natureza;2;;;;;;;;;;6;1;;;
05/09/2020;13:08:00;37;Acidente sem vítima;243,5;BR-393/RJ;Norte;Engavetamento;1;;2;;;;;;;;4;;;;
05/09/2020;18:25:00;65;Acidente com vítima;285;BR-393/RJ;Sul;Acidentes de outra natureza;2;;;;;;;;;;0;4;;;
06/09/2020;13:48:00;37;Acidente com vítima;282,899;BR-393/RJ;Sul;Colisão lateral no sentido contrário;;1;;1;;;;;;;1;;1;;
06/09/2020;15:21:00;42;Acidente com vítima;155,4;BR-393/RJ;Norte;Tombamento;;;1;;;;;;;;0;1;;;
08/09/2020;07:45:00;15;Acidente sem vítima;284,259;BR-393/RJ;Sul;Engavetamento;3;;;;;;;;;;3;;;;
08/09/2020;15:04:00;44;Acidente sem vítima;282;BR-393/RJ;Norte;Acidentes de outra natureza;2;;;;;;;;;;3;;;;
09/09/2020;13:28:00;59;Acidente com vítima;244,069;BR-393/RJ;Norte;Acidentes de outra natureza;;;;1;;;;;;;0;;1;;
09/09/2020;14:46:00;65;Acidente com vítima;177,9;BR-393/RJ;Sul;Colisão com veículos (traseira);1;;1;;;;;;;;0;2;;;
09/09/2020;21:11:00;89;Acidente com vítima;134,082;BR-393/RJ;Sul;Acidentes de outra natureza;1;;;1;;;;;;;1;1;;;
10/09/2020;18:27:00;68;Acidente sem vítima;285;BR-393/RJ;Sul;Colisão com veículos (traseira);2;;;;;;;;;;2;;;;
11/09/2020;04:42:00;13;Acidente sem vítima;178,356;BR-393/RJ;Norte;Colisão com veículos (traseira);1;;1;;;;;;;;4;;;;
11/09/2020;07:01:00;18;Acidente com vítima;168,199;BR-393/RJ;Sul;Acidentes de outra natureza;1;;;1;;;;;;;3;1;;;
11/09/2020;10:03:00;26;Acidente sem vítima;285;BR-393/RJ;Sul;Colisão com veículos (traseira);1;;;;1;;;;;;2;;;;
11/09/2020;13:06:00;34;Acidente com morte;273,8;BR-393/RJ;Norte;Colisão lateral no sentido contrário;;;3;;;;;;;;1;;;;2
11/09/2020;18:37:00;51;Acidente sem vítima;284,67;BR-393/RJ;Sul;Engavetamento;3;;;;;;;;;;3;;;;
12/09/2020;17:04:00;51;Acidente com vítima;274,6;BR-393/RJ;Sul;Acidentes de outra natureza;;;;1;;;;;;;0;1;;;
13/09/2020;17:44:00;43;Acidente com vítima;236,869;BR-393/RJ;Norte;Acidentes de outra natureza;;;;1;;;;;;;0;2;;;
14/09/2020;08:15:00;14;Acidente com vítima;280,134;BR-393/RJ;Norte;Acidentes de outra natureza;1;;;1;;;;;;;1;1;;;
14/09/2020;19:31:00;65;Acidente com vítima;179,8;BR-393/RJ;Norte;Atropelamento de animais;1;;;1;;;;;;;0;1;1;;
15/09/2020;15:20:00;43;Acidente sem vítima;279,613;BR-393/RJ;Sul;Colisão com veículos (traseira);1;;;;1;;;;;;2;;;;
16/09/2020;09:35:00;30;Acidente sem vítima;217;BR-393/RJ;Norte;Engavetamento;;;3;;;;;;;;3;;;;
17/09/2020;08:22:00;23;Acidente sem vítima;256;BR-393/RJ;Norte;Colisão lateral no mesmo sentido;1;;1;;;;;;;;3;;;;
18/09/2020;09:38:00;41;Acidente sem vítima;231,941;BR-393/RJ;Sul;Acidentes de outra natureza;2;;;;;;;;;;2;;;;
18/09/2020;11:27:00;52;Acidente com vítima;164,9;BR-393/RJ;Norte;Tombamento;;;1;;;;;;;;0;;;1;
18/09/2020;11:39:00;53;Acidente sem vítima;237,476;BR-393/RJ;Norte;Atropelamento de animais;;;1;;;;;;;;1;;;;
18/09/2020;16:34:00;68;Acidente sem vítima;277;BR-393/RJ;Norte;Colisão lateral no sentido contrário;;;1;;;;;;;;1;;;;
18/09/2020;20:28:00;83;Acidente com vítima;285;BR-393/RJ;Sul;Colisão com veículos (traseira);1;;;1;;;;;;;1;1;;;
19/09/2020;06:40:00;13;Acidente sem vítima;169,3;BR-393/RJ;Sul;Acidentes de outra natureza;;;1;;;;;;;;1;;;;
19/09/2020;09:32:00;20;Acidente com vítima;286,3;BR-393/RJ;Sul;Engavetamento;3;;;1;;;;;;;3;1;;;
19/09/2020;10:50:00;24;Acidente sem vítima;285,8;BR-393/RJ;Sul;Engavetamento;2;;;;1;;;;;;3;;;;
19/09/2020;12:30:00;30;Acidente com morte;267,589;BR-393/RJ;Norte;Colisão com veículos (frontal);;;1;1;;;;;;;1;;;;1
19/09/2020;20:52:00;62;Acidente com vítima;237,135;BR-393/RJ;Norte;Colisão com veículos (frontal);1;;;1;;;;;;;1;;;1;
20/09/2020;01:05:00;1;Acidente com morte;105,284;BR-393/RJ;Sul;Colisão com veículos (frontal);1;;;1;;;;;;;0;;1;2;1
20/09/2020;11:43:00;25;Acidente sem vítima;155,599;BR-393/RJ;Norte;Tombamento;;;1;;;;;;;;1;;;;
20/09/2020;18:02:00;34;Acidente com vítima;143,109;BR-393/RJ;Norte;Colisão com veículos (frontal);1;;;1;;;;;;;1;;;1;
20/09/2020;19:53:00;40;Acidente sem vítima;284,1;BR-393/RJ;Sul;Colisão com veículos (traseira);2;;;;;;;;;;2;;;;
20/09/2020;20:24:00;41;Acidente sem vítima;146,5;BR-393/RJ;Sul;Colisão c/ obstáculos;;;1;;;;;;;;1;;;;
21/09/2020;00:49:00;8;Acidente com vítima;226;BR-393/RJ;Norte;Colisão com veículos (traseira);1;;;;1;;;;;;3;2;;;
21/09/2020;08:54:00;21;Acidente sem vítima;258,5;BR-393/RJ;Sul;Acidentes de outra natureza;1;;;;;;;;;1;2;;;;
21/09/2020;13:48:00;48;Acidente com vítima;124,599;BR-393/RJ;Sul;Tombamento;;;1;;;;;;;;0;1;;;
21/09/2020;19:46:00;64;Acidente sem vítima;114,299;BR-393/RJ;Norte;Colisão lateral no sentido contrário;;;2;;;;;;;;2;;;;
21/09/2020;22:12:00;67;Acidente sem vítima;147,146;BR-393/RJ;Sul;Saídas de pista;;;1;;;;;;;;2;;;;
22/09/2020;01:50:00;4;Acidente com vítima;153,5;BR-393/RJ;Norte;Saídas de pista;;;1;;;;;;;;0;1;;;
23/09/2020;06:59:00;14;Acidente com vítima;202,299;BR-393/RJ;Sul;Acidentes de outra natureza;1;;;1;;;;;;;1;1;;;
23/09/2020;14:41:00;39;Acidente com vítima;102,5;BR-393/RJ;Norte;Acidentes de outra natureza;2;;;;;;;;;;3;1;;;
24/09/2020;02:30:00;4;Acidente com morte;178,9;BR-393/RJ;Sul;Colisão lateral no sentido contrário;1;;1;;;;;;;;1;;;;1
25/09/2020;20:31:00;67;Acidente com vítima;215,699;BR-393/RJ;Sul;Colisão com veículos (traseira);1;;1;;;;;;;;1;1;;;
26/09/2020;00:45:00;5;Acidente com vítima;285,699;BR-393/RJ;Norte;Acidentes de outra natureza;3;;;;;;;;;;3;4;;;
26/09/2020;10:08:00;25;Acidente sem vítima;280,048;BR-393/RJ;Norte;Engavetamento;3;;;;;;;;;;3;;;;
26/09/2020;23:35:00;59;Acidente com vítima;280,092;BR-393/RJ;Sul;Colisão com veículos (traseira);2;;;;;;;;;;3;1;;;
27/09/2020;17:23:00;50;Acidente sem vítima;136,599;BR-393/RJ;Norte;Colisão lateral no sentido contrário;2;;;;;;;;;;3;;;;
29/09/2020;09:56:00;30;Acidente com vítima;228,659;BR-393/RJ;Norte;Saídas de pista;;;2;;;;;;;;1;1;;;
30/09/2020;20:25:00;85;Acidente com vítima;281;BR-393/RJ;Norte;Engavetamento;3;;;;;;;;;;2;;2;;
01/10/2020;10:00:00;33;Acidente sem vítima;241;BR-393/RJ;Norte;Colisão com veículos (traseira);1;;1;;;;;;;;4;;;;
01/10/2020;17:27:00;57;Acidente sem vítima;157,33;BR-393/RJ;Sul;Colisão lateral no mesmo sentido;1;;1;;;;;;;;2;;;;
02/10/2020;10:17:00;37;Acidente sem vítima;280;BR-393/RJ;Sul;Engavetamento;2;;1;;;;;;;;3;;;;
02/10/2020;23:16:00;81;Acidente com vítima;285;BR-393/RJ;Norte;Atropelamento de pedestre;1;;;;;;;;;;1;1;;;
03/10/2020;06:35:00;14;Acidente sem vítima;177,8;BR-393/RJ;Sul;Colisão com veículos (traseira);;;2;;;;;;;;3;;;;
04/10/2020;18:08:00;42;Acidente com vítima;281;BR-393/RJ;Sul;Acidentes de outra natureza;1;;;1;;;;;;;2;1;;;
04/10/2020;19:47:00;50;Acidente com vítima;285,3;BR-393/RJ;Norte;Colisão c/ obstáculos;1;;;;;;;;;;1;1;;;
04/10/2020;22:13:00;54;Acidente com vítima;249;BR-393/RJ;Norte;Acidentes de outra natureza;;1;;;;;;;;;0;1;;;
05/10/2020;03:49:00;15;Acidente sem vítima;155,707;BR-393/RJ;Norte;Colisão c/ obstáculos;1;;;;;;;;;;1;;;;
05/10/2020;17:22:00;58;Acidente com vítima;117;BR-393/RJ;Sul;Acidentes de outra natureza;;;;1;;;;;;;1;1;;;
05/10/2020;18:09:00;66;Acidente com vítima;235,25;BR-393/RJ;Norte;Colisão lateral no mesmo sentido;1;;;1;;;;;;;1;;1;;
06/10/2020;05:00:00;20;Acidente sem vítima;217,7;BR-393/RJ;Sul;Acidentes de outra natureza;;;1;;;;;;;;1;;;;
06/10/2020;06:21:00;23;Acidente sem vítima;258,5;BR-393/RJ;Norte;Acidentes de outra natureza;2;;;;;;;;;;3;;;;
06/10/2020;19:02:00;56;Acidente sem vítima;168,1;BR-393/RJ;Sul;Acidentes de outra natureza;1;;;1;;;;;;;2;;;;
07/10/2020;17:01:00;63;Acidente sem vítima;125;BR-393/RJ;Norte;Colisão com veículos (traseira);1;;1;;;;;;;;2;;;;
07/10/2020;19:00:00;76;Acidente sem vítima;281;BR-393/RJ;Sul;Engavetamento;2;;1;;;;;;;;3;;;;
08/10/2020;08:04:00;21;Acidente com vítima;252,516;BR-393/RJ;Norte;Colisão com veículos (traseira);1;;1;;;;;;;;3;1;;;
08/10/2020;22:19:00;75;Acidente sem vítima;195;BR-393/RJ;Norte;Colisão com veículos (traseira);;;2;;;;;;;;2;;;;
09/10/2020;09:45:00;30;Acidente sem vítima;178,385;BR-393/RJ;Norte;Colisão com veículos (traseira);2;;;;;;;;;;4;;;;
09/10/2020;16:05:00;50;Acidente com vítima;182;BR-393/RJ;Norte;Acidentes de outra natureza;1;;;1;;;;;;;0;2;1;;
09/10/2020;22:50:00;63;Acidente com vítima;223,253;BR-393/RJ;Norte;Saídas de pista;;;1;;;;;;;;0;1;;;
09/10/2020;23:17:00;64;Acidente sem vítima;139,599;BR-393/RJ;Norte;Saídas de pista;1;;;;;;;;;;1;;;;
11/10/2020;01:14:00;2;Acidente sem vítima;104,049;BR-393/RJ;Sul;Colisão c/ obstáculos;1;;;;;;;;;;1;;;;
12/10/2020;21:08:00;49;Acidente sem vítima;178,382;BR-393/RJ;Sul;Engavetamento;3;;;;;;;;;;7;;;;
13/10/2020;18:22:00;56;Acidente sem vítima;285;BR-393/RJ;Norte;Colisão com veículos (traseira);1;;;;;;;;;;1;;;;
14/10/2020;07:37:00;24;Acidente sem vítima;2;Alça Sul;Sul;Colisão lateral no mesmo sentido;2;;;;;;;;;;2;;;;