data;horario;n_da_ocorrencia;tipo_de_ocorrencia;km;trecho;sentido;tipo_de_acidente;automovel;bicicleta;caminhao;moto;onibus;outros;tracao_animal;transporte_de_cargas_especiais;trator_maquinas;utilitarios;ilesos;levemente_feridos;moderadamente_feridos;gravemente_feridos;mortos
15/10/2020;23:46:00;60;Acidente sem vítima;279;BR-393/RJ;Norte;Colisão com veículos (traseira);1;;1;;;;;;;;2;;;;
16/10/2020;04:26:00;14;Acidente sem vítima;148;BR-393/RJ;Sul;Capotamento;1;;;;;;;;;;1;;;;
16/10/2020;06:38:00;19;Acidente com vítima;167;BR-393/RJ;Sul;Colisão lateral no mesmo sentido;1;;;1;;;;;;;2;1;;;
16/10/2020;11:41:00;35;Acidente com vítima;236;BR-393/RJ;Norte;Acidentes de outra natureza;;;;2;;;;;;;1;1;;;
16/10/2020;15:06:00;47;Acidente com vítima;105,9;BR-393/RJ;Norte;Acidentes de outra natureza;1;;;1;;;;;;;1;1;;;
16/10/2020;19:42:00;60;Acidente sem vítima;282,5;BR-393/RJ;Norte;Colisão com veículos (traseira);2;;;;;;;;;;2;;;;
17/10/2020;09:46:00;33;Acidente com vítima;151,784;BR-393/RJ;Sul;Capotamento;;;1;;;;;;;;0;;1;;
17/10/2020;14:19:00;39;Acidente sem vítima;282;BR-393/RJ;Norte;Engavetamento;1;;2;;;;;;;;3;;;;
18/10/2020;12:16:00;35;Acidente sem vítima;280;BR-393/RJ;Sul;Engavetamento;2;;1;;;;;;;;4;;;;
20/10/2020;08:51:00;26;Acidente com vítima;277,399;BR-393/RJ;Norte;Colisão lateral no mesmo sentido;1;;;1;;;;;;;0;1;1;;
20/10/2020;11:14:00;34;Acidente com vítima;177,3;BR-393/RJ;Sul;Colisão com veículos (frontal);2;;1;;;;;;;;1;3;1;;
21/10/2020;03:40:00;12;Acidente sem vítima;178;BR-393/RJ;Sul;Colisão com veículos (traseira);;;1;;;;;;;1;3;;;;
21/10/2020;13:34:00;40;Acidente sem vítima;200;BR-393/RJ;Sul;Colisão lateral no mesmo sentido;2;;;;;;;;;;4;;;;
21/10/2020;17:40:00;48;Acidente com vítima;277,67;BR-393/RJ;Sul;Colisão com veículos (traseira);2;;;;;;;;;;3;1;;;
22/10/2020;10:27:00;37;Acidente com vítima;131,4;BR-393/RJ;Sul;Tombamento;1;;2;;;;;;;;3;1;1;;
22/10/2020;20:16:00;63;Acidente sem vítima;185;BR-393/RJ;Norte;Acidentes de outra natureza;;1;;;;;;;;;1;;;;
23/10/2020;21:23:00;63;Acidente com vítima;168;BR-393/RJ;Sul;Atropelamento de pedestre;1;;;;;;;;;;1;1;;;
24/10/2020;04:45:00;14;Acidente com vítima;284,181;BR-393/RJ;Sul;Capotamento;1;;;;;;;;;;0;1;;;
24/10/2020;08:16:00;20;Acidente sem vítima;114,3;BR-393/RJ;Norte;Acidentes de outra natureza;2;;;;;;;;;;6;;;;
24/10/2020;14:47:00;37;Acidente sem vítima;103,2;BR-393/RJ;Norte;Acidentes de outra natureza;2;;;;;;;;;;2;;;;
24/10/2020;17:19:00;41;Acidente com vítima;145,5;BR-393/RJ;Sul;Colisão lateral no sentido contrário;1;;1;;;;;;;;1;1;;;
24/10/2020;21:00:00;46;Acidente sem vítima;272;BR-393/RJ;Norte;Saídas de pista;1;;;;;;;;;;1;;;;
25/10/2020;03:54:00;12;Acidente sem vítima;195;BR-393/RJ;Sul;Colisão com veículos (traseira);;;2;;;;;;;;2;;;;
25/10/2020;04:22:00;13;Acidente com vítima;151,06;BR-393/RJ;Sul;Capotamento;1;;;;;;;;;;0;3;1;;
25/10/2020;09:55:00;23;Acidente com vítima;269;BR-393/RJ;Sul;Acidentes de outra natureza;;;;1;;;;;;;0;1;;;
25/10/2020;16:44:00;36;Acidente com vítima;143;BR-393/RJ;Norte;Colisão c/ obstáculos;1;;1;;;;;;;;3;1;;;
25/10/2020;22:49:00;48;Acidente sem vítima;145,9;BR-393/RJ;Norte;Saídas de pista;1;;;;;;;;;;1;;;;
26/10/2020;00:36:00;1;Acidente com morte;285,8;BR-393/RJ;Norte;Acidentes de outra natureza;1;;;;1;;;;;;3;2;2;1;1
27/10/2020;14:08:00;52;Acidente sem vítima;274,1;BR-393/RJ;Sul;Colisão com veículos (traseira);2;;;;;;;;;;2;;;;
28/10/2020;11:29:00;38;Acidente sem vítima;182,4;BR-393/RJ;Sul;Colisão lateral no mesmo sentido;1;;;;1;;;;;;5;;;;
29/10/2020;07:56:00;22;Acidente com vítima;224;BR-393/RJ;Sul;Acidentes de outra natureza;;;;1;;;;;;;0;1;;;
30/10/2020;12:42:00;43;Acidente sem vítima;140;BR-393/RJ;Norte;Colisão com veículos (traseira);2;;;;;;;;;;2;;;;
31/10/2020;00:26:00;1;Acidente com vítima;169,4;BR-393/RJ;Norte;Capotamento;1;;;;;;;;;;0;;1;;
31/10/2020;06:12:00;15;Acidente com vítima;201,199;BR-393/RJ;Norte;Saídas de pista;;;1;;;;;;;;0;1;;;
31/10/2020;11:07:00;30;Acidente com vítima;138,929;BR-393/RJ;Sul;Saídas de pista;1;;;;;;;;;;2;;2;;
01/11/2020;15:08:00;28;Acidente sem vítima;252,047;BR-393/RJ;Norte;Colisão c/ obstáculos;1;;;;;;;;;;2;;;;
02/11/2020;05:30:00;12;Acidente com vítima;257,8;BR-393/RJ;Norte;Colisão c/ obstáculos;1;;;;;;;;;;0;1;;;
03/11/2020;17:19:00;47;Acidente com vítima;253,9;BR-393/RJ;Norte;Acidentes de outra natureza;;;;1;;;;;;;0;1;;;
03/11/2020;21:29:00;56;Acidente sem vítima;282;BR-393/RJ;Norte;Colisão com veículos (traseira);2;;;;;;;;;;2;;;;
05/11/2020;13:13:00;47;Acidente com vítima;125,599;BR-393/RJ;Norte;Colisão lateral no mesmo sentido;1;;1;;;;;;;;1;2;;;
05/11/2020;16:05:00;62;Acidente sem vítima;229,192;BR-393/RJ;Norte;Saídas de pista;1;;;;;;;;;;3;;;;
05/11/2020;20:15:00;72;Acidente com vítima;146,199;BR-393/RJ;Norte;Colisão c/ obstáculos;1;;;;;;;;;;0;1;;;
06/11/2020;14:47:00;42;Acidente sem vítima;279;BR-393/RJ;Sul;Engavetamento;2;;1;;;;;;;;3;;;;
07/11/2020;08:23:00;16;Acidente com vítima;278;BR-393/RJ;Sul;Colisão com veículos (frontal);1;;;1;;;;;;;1;2;;;
07/11/2020;17:20:00;46;Acidente sem vítima;251;BR-393/RJ;Norte;Capotamento;1;;;;;;;;;;1;;;;
07/11/2020;18:12:00;49;Acidente com vítima;286;BR-393/RJ;Sul;Colisão lateral no mesmo sentido;1;;;1;;;;;;;1;2;;;
07/11/2020;18:30:00;50;Acidente sem vítima;283;BR-393/RJ;Sul;Acidentes de outra natureza;;;;1;;;;;;;1;;;;
07/11/2020;20:09:00;54;Acidente com vítima;104;BR-393/RJ;Norte;Acidentes de outra natureza;;;;1;;;;;;;0;;1;;
08/11/2020;00:04:00;1;Acidente sem vítima;195;BR-393/RJ;Norte;Colisão c/ obstáculos;;;1;;;;;;;;1;;;;
08/11/2020;19:18:00;46;Acidente sem vítima;282;BR-393/RJ;Sul;Colisão com veículos (traseira);2;;;;;;;;;;2;;;;
09/11/2020;00:14:00;1;Acidente sem vítima;156;BR-393/RJ;Norte;Saídas de pista;1;;;;;;;;;;5;;;;
09/11/2020;04:22:00;7;Acidente com vítima;233,95;BR-393/RJ;Norte;Colisão lateral no mesmo sentido;1;;1;;;;;;;;2;1;;;
09/11/2020;18:58:00;57;Acidente sem vítima;285,6;BR-393/RJ;Norte;Engavetamento;4;;;;;;;;;;6;;;;
10/11/2020;09:07:00;27;Acidente com vítima;285;BR-393/RJ;Sul;Engavetamento;3;;;;;;;;;;2;;2;;
10/11/2020;09:20:00;29;Acidente sem vítima;280;BR-393/RJ;Sul;Colisão com veículos (traseira);2;;;;;;;;;;2;;;;
11/11/2020;07:30:00;19;Acidente com vítima;177,513;BR-393/RJ;Norte;Colisão com veículos (frontal);3;;;;;;;;;;1;6;;1;
11/11/2020;19:26:00;51;Acidente sem vítima;236;BR-393/RJ;Norte;Acidentes de outra natureza;;;;1;;;;;;;1;;;;
12/11/2020;04:57:00;15;Acidente com vítima;284,113;BR-393/RJ;Norte;Acidentes de outra natureza;2;;;;;;;;;;1;1;;;
12/11/2020;19:19:00;71;Atropelamento sem morte;281;BR-393/RJ;Norte;Atropelamento de pedestre;1;;;;;;;;;;2;;;;
12/11/2020;20:36:00;77;Acidente sem vítima;208;BR-393/RJ;Norte;Saídas de pista;1;;;;;;;;;;1;;;;
12/11/2020;22:29:00;82;Acidente com vítima;169,5;BR-393/RJ;Norte;Colisão c/ obstáculos;2;;;;;;;;;;3;1;;;
13/11/2020;16:08:00;61;Acidente sem vítima;110,2;BR-393/RJ;Sul;Capotamento;1;;;;;;;;;;1;;;;
13/11/2020;16:23:00;63;Acidente com vítima;104,161;BR-393/RJ;Sul;Colisão c/ obstáculos;1;;;;;;;;;;0;;1;;
13/11/2020;20:16:00;79;Acidente sem vítima;175,699;BR-393/RJ;Norte;Saídas de pista;1;;;;;;;;;;1;;;;
13/11/2020;20:20:00;80;Acidente com vítima;130,199;BR-393/RJ;Norte;Tombamento;;;1;;;;;;;;0;1;;;
14/11/2020;04:32:00;14;Acidente sem vítima;177;BR-393/RJ;Norte;Colisão com veículos (traseira);;;2;;;;;;;;2;;;;
14/11/2020;12:44:00;32;Acidente com vítima;105;BR-393/RJ;Norte;Acidentes de outra natureza;1;;;1;;;;;;;1;1;;;
15/11/2020;10:48:00;29;Acidente com vítima;246;BR-393/RJ;Norte;Acidentes de outra natureza;;;;1;;;;;;;0;1;1;;
15/11/2020;11:54:00;31;Atropelamento sem morte;1,6;Alça Sul;Norte;Atropelamento de pedestre;;1;;;;;;;;1;1;1;;;
17/11/2020;03:55:00;12;Acidente com vítima;280,899;BR-393/RJ;Norte;Colisão c/ obstáculos;1;;;;;;;;;;0;3;;;
17/11/2020;08:37:00;26;Acidente sem vítima;280;BR-393/RJ;Sul;Engavetamento;5;;;;;;;;;;5;;;;
17/11/2020;14:01:00;46;Acidente sem vítima;3;Alça Sul;Sul;Tombamento;;;;;;;;;;;0;;;;
17/11/2020;23:24:00;67;Acidente com vítima;251,7;BR-393/RJ;Norte;Colisão com veículos (traseira);2;;;;;;;;;;1;1;;;
18/11/2020;12:24:00;37;Acidente com vítima;112;BR-393/RJ;Norte;Capotamento;1;;;;;;;;;;0;1;;;
19/11/2020;13:25:00;48;Acidente com vítima;106,099;BR-393/RJ;Norte;Colisão com veículos (traseira);1;;;1;;;;;;;1;1;;;
19/11/2020;13:44:00;50;Acidente sem vítima;265;BR-393/RJ;Norte;Colisão com veículos (traseira);2;;;;;;;;;;2;;;;
19/11/2020;22:02:00;70;Acidente sem vítima;218,199;BR-393/RJ;Norte;Acidentes de outra natureza;2;;;;;;;;;;4;;;;
20/11/2020;07:00:00;12;Acidente com vítima;161,9;BR-393/RJ;Norte;Capotamento;;;1;;;;;;;;0;;1;;
20/11/2020;18:34:00;53;Acidente com vítima;227;BR-393/RJ;Norte;Colisão com veículos (traseira);1;;1;;;;;;;1;3;1;;;
20/11/2020;21:10:00;58;Acidente com vítima;285,9;BR-393/RJ;Norte;Acidentes de outra natureza;1;;;1;;;;;;;1;1;;;
21/11/2020;22:44:00;66;Atropelamento sem morte;251;BR-393/RJ;Norte;Atropelamento de pedestre;1;;;;;;;;;;0;2;;;
22/11/2020;19:23:00;45;Acidente sem vítima;155;BR-393/RJ;Sul;Acidentes de outra natureza;1;;;1;;;;;;;2;;;;
22/11/2020;19:35:00;46;Acidente com vítima;182,4;BR-393/RJ;Sul;Colisão com veículos (traseira);;;;1;;;;;;1;1;;1;;
23/11/2020;06:31:00;15;Acidente com vítima;283;BR-393/RJ;Sul;Colisão lateral no sentido contrário;1;;2;;;;;;;;3;1;;;
24/11/2020;11:17:00;27;Atropelamento sem morte;231,9;BR-393/RJ;Sul;Atropelamento de animais;;;1;;;;;;;;1;;;;
24/11/2020;21:14:00;46;Acidente sem vítima;229,9;BR-393/RJ;Norte;Saídas de pista;1;;;;;;;;;;2;;;;
26/11/2020;20:36:00;58;Atropelamento sem morte;277,5;BR-393/RJ;Sul;Atropelamento de pedestre;1;1;;;;;;;;;1;;1;1;
27/11/2020;09:11:00;26;Acidente com vítima;281,3;BR-393/RJ;Norte;Acidentes de outra natureza;;;;1;;;;;;;0;1;;;
27/11/2020;14:36:00;41;Acidente sem vítima;230,8;BR-393/RJ;Norte;Colisão lateral no mesmo sentido;1;;1;;;;;;;;2;;;;
28/11/2020;10:02:00;33;Acidente sem vítima;285;BR-393/RJ;Sul;Colisão com veículos (traseira);1;;;;;;;;;;1;;;;
28/11/2020;17:10:00;57;Acidente sem vítima;286;BR-393/RJ;Sul;Colisão lateral no mesmo sentido;1;;;;1;;;;;;2;;;;
29/11/2020;04:57:00;12;Acidente sem vítima;266;BR-393/RJ;Norte;Colisão c/ obstáculos;1;;;;;;;;;;2;;;;
29/11/2020;12:35:00;26;Acidente com vítima;236,5;BR-393/RJ;Norte;Colisão lateral no mesmo sentido;1;1;;1;;;;;;;1;;1;1;
29/11/2020;16:19:00;34;Acidente sem vítima;265;BR-393/RJ;Sul;Colisão com veículos (traseira);1;;1;;;;;;;;2;;;;
01/12/2020;17:41:00;52;Acidente com vítima;124,8;BR-393/RJ;Norte;Acidentes de outra natureza;;;2;;;;;;;;2;;1;;
02/12/2020;19:47:00;68;Acidente sem vítima;174;BR-393/RJ;Sul;Saídas de pista;1;;;;;;;;;;3;;;;
03/12/2020;08:42:00;19;Acidente sem vítima;281;BR-393/RJ;Norte;Engavetamento;4;;;;;;;;;;4;;;;
04/12/2020;17:39:00;47;Acidente com vítima;155;BR-393/RJ;Norte;Acidentes de outra natureza;;;;1;;;;;;;1;;;;
04/12/2020;18:41:00;49;Acidente com vítima;273;BR-393/RJ;Norte;Colisão com veículos (frontal);1;;;;;;;;;1;2;;;1;
05/12/2020;10:38:00;39;Acidente sem vítima;232,699;BR-393/RJ;Sul;Engavetamento;1;;2;;;;;;;;4;;;;
05/12/2020;10:42:00;40;Acidente com vítima;255,599;BR-393/RJ;Norte;Acidentes de outra natureza;1;;;1;;;;;;;1;1;;;
05/12/2020;17:29:00;50;Atropelamento sem morte;106;BR-393/RJ;Sul;Atropelamento de pedestre;;;;1;;;;;;;1;1;1;;
05/12/2020;23:00:00;62;Acidente sem vítima;262,2;BR-393/RJ;Sul;Colisão lateral no mesmo sentido;1;;1;;;;;;;;2;;;;
06/12/2020;05:34:00;20;Acidente sem vítima;255,7;BR-393/RJ;Sul;Colisão com veículos (traseira);;;2;;;;;;;;2;;;;
06/12/2020;19:12:00;48;Acidente sem vítima;240;BR-393/RJ;Sul;Saídas de pista;1;;;;;;;;;;2;;;;
06/12/2020;21:24:00;54;Acidente sem vítima;253;BR-393/RJ;Sul;Tombamento;;;1;;;;;;;;1;;;;
07/12/2020;07:43:00;24;Acidente sem vítima;254;BR-393/RJ;Norte;Colisão lateral no mesmo sentido;2;;;;;;;;;;2;;;;
07/12/2020;10:53:00;33;Acidente sem vítima;255,5;BR-393/RJ;Norte;Acidentes de outra natureza;2;;;;;;;;;;4;;;;
07/12/2020;11:08:00;36;Acidente sem vítima;255,5;BR-393/RJ;Norte;Acidentes de outra natureza;2;;;;;;;;;;3;;;;
07/12/2020;19:18:00;55;Acidente sem vítima;118,9;BR-393/RJ;Norte;Saídas de pista;;;1;;;;;;;;1;;;;
07/12/2020;22:28:00;64;Acidente com vítima;172,4;BR-393/RJ;Sul;Colisão com veículos (frontal);1;;1;;;;;;;;1;;;1;
08/12/2020;08:56:00;28;Acidente sem vítima;182;BR-393/RJ;Norte;Colisão com veículos (traseira);2;;;;;;;;;;2;;;;
08/12/2020;18:37:00;61;Acidente sem vítima;123,2;BR-393/RJ;Sul;Colisão c/ obstáculos;;;1;;;;;;;;1;;;;
09/12/2020;11:42:00;42;Acidente sem vítima;145;BR-393/RJ;Norte;Saídas de pista;1;;;;;;;;;;2;;;;
10/12/2020;07:00:00;14;Acidente sem vítima;282,199;BR-393/RJ;Norte;Acidentes de outra natureza;2;;;;;;;;;;2;;;;
10/12/2020;07:02:00;15;Acidente com vítima;257,8;BR-393/RJ;Norte;Acidentes de outra natureza;1;;1;;;;;;;;2;;2;1;
10/12/2020;16:21:00;49;Acidente sem vítima;258,6;BR-393/RJ;Norte;Acidentes de outra natureza;1;;1;;;;;;;;2;;;;
10/12/2020;18:45:00;60;Acidente sem vítima;243;BR-393/RJ;Sul;Saídas de pista;;;1;;;;;;;;1;;;;
11/12/2020;18:41:00;71;Acidente com vítima;243,3;BR-393/RJ;Norte;Colisão lateral no sentido contrário;;;3;;;;;;;;2;1;;;
12/12/2020;04:18:00;5;Acidente sem vítima;2;Alça Sul;Norte;Capotamento;1;;;;;;;;;;1;;;;
12/12/2020;09:21:00;20;Acidente sem vítima;285;BR-393/RJ;Sul;Colisão com veículos (traseira);2;;;;;;;;;;2;;;;
12/12/2020;11:34:00;26;Acidente sem vítima;258;BR-393/RJ;Norte;Acidentes de outra natureza;1;;;1;;;;;;;1;;1;;
12/12/2020;21:06:00;44;Acidente sem vítima;284,4;BR-393/RJ;Sul;Engavetamento;3;;;;;;;;;;4;;;;
13/12/2020;12:39:00;36;Acidente com vítima;252,199;BR-393/RJ;Norte;Colisão c/ obstáculos;1;;1;;;;;;;;1;;;1;
13/12/2020;22:20:00;57;Acidente sem vítima;284;BR-393/RJ;Sul;Colisão c/ obstáculos;1;;;;;;;;;;2;;;;
15/12/2020;09:02:00;25;Acidente sem vítima;280,3;BR-393/RJ;Norte;Acidentes de outra natureza;;;;1;;;;;;;2;;;;
15/12/2020;10:39:00;33;Acidente sem vítima;131,9;BR-393/RJ;Norte;Colisão com veículos (traseira);1;;1;;;;;;;;3;;;;
15/12/2020;23:34:00;72;Acidente sem vítima;173,8;BR-393/RJ;Norte;Saídas de pista;1;;;;;;;;;;2;;;;
16/12/2020;10:05:00;33;Acidente sem vítima;279,6;BR-393/RJ;Sul;Acidentes de outra natureza;2;;;;;;;;;;2;;;;
17/12/2020;12:52:00;45;Acidente com vítima;218;BR-393/RJ;Norte;Acidentes de outra natureza;;;;1;;;;;;;0;1;;;
18/12/2020;08:20:00;27;Acidente com vítima;274;BR-393/RJ;Norte;Tombamento;;;1;;;;;;;;0;;1;;
18/12/2020;21:10:00;68;Acidente sem vítima;274;BR-393/RJ;Norte;Colisão com veículos (traseira);2;;;;;;;;;;2;;;;
19/12/2020;07:39:00;22;Acidente com vítima;232,099;BR-393/RJ;Sul;Colisão c/ obstáculos;;;1;;;;;;;;0;;1;;
19/12/2020;10:31:00;34;Acidente sem vítima;177,4;BR-393/RJ;Norte;Engavetamento;3;;;;;;;;;;4;;;;
19/12/2020;13:09:00;45;Acidente com vítima;285;BR-393/RJ;Sul;Colisão c/ obstáculos;1;;;;;;;;;;0;1;;;
19/12/2020;17:15:00;69;Acidente sem vítima;121,5;BR-393/RJ;Norte;Saídas de pista;1;;;;;;;;;;2;;;;
20/12/2020;04:22:00;11;Acidente com morte;177,599;BR-393/RJ;Norte;Colisão c/ obstáculos;;;;1;;;;;;;0;;;;1
20/12/2020;11:13:00;35;Acidente sem vítima;142;BR-393/RJ;Norte;Colisão com veículos (traseira);1;;1;;;;;;;;2;;;;
20/12/2020;13:14:00;42;Acidente sem vítima;182;BR-393/RJ;Norte;Colisão lateral no mesmo sentido;1;;1;;;;;;;;5;;;;
20/12/2020;18:06:00;62;Acidente com morte;219,8;BR-393/RJ;Norte;Colisão com veículos (frontal);1;;1;;;;;;;;2;;;;1
20/12/2020;21:13:00;72;Acidente sem vítima;225;BR-393/RJ;Sul;Colisão com veículos (traseira);;;;;;;;;;;0;;;;
20/12/2020;21:17:00;73;Acidente sem vítima;258,5;BR-393/RJ;Sul;Acidentes de outra natureza;1;;;;1;;;;;;2;;;;
21/12/2020;18:46:00;60;Acidente sem vítima;165;BR-393/RJ;Sul;Acidentes de outra natureza;2;;;;;;;;;;2;;;;
21/12/2020;23:14:00;72;Acidente sem vítima;192,4;BR-393/RJ;Sul;Colisão lateral no sentido contrário;1;;;;1;;;;;;6;;;;
22/12/2020;00:49:00;4;Acidente com vítima;246;BR-393/RJ;Sul;Tombamento;;;1;;;;;;;;0;;;1;
22/12/2020;06:16:00;20;Acidente com vítima;114;BR-393/RJ;Norte;Tombamento;;;1;;;;;;;;0;1;;;
22/12/2020;16:51:00;55;Acidente com vítima;281;BR-393/RJ;Sul;Colisão com veículos (traseira);;;1;;;;;;;1;1;1;;;
22/12/2020;20:57:00;63;Acidente com vítima;285,699;BR-393/RJ;Norte;Acidentes de outra natureza;1;;;1;;;;;;;1;1;;1;
23/12/2020;02:14:00;1;Acidente com vítima;162,099;BR-393/RJ;Norte;Tombamento;;;1;;;;;;;;0;1;;;
24/12/2020;07:05:00;18;Acidente sem vítima;146;BR-393/RJ;Sul;Colisão lateral no mesmo sentido;;;2;;;;;;;;2;;;;
24/12/2020;09:40:00;29;Acidente sem vítima;253,8;BR-393/RJ;Sul;Colisão lateral no mesmo sentido;1;;1;;;;;;;;2;;;;
24/12/2020;13:08:00;39;Acidente sem vítima;259;BR-393/RJ;Sul;Saídas de pista;1;;;;;;;;;;1;;;;
24/12/2020;15:50:00;45;Acidente com vítima;262,9;BR-393/RJ;Sul;Capotamento;1;;;;;;;;;;0;1;;;
25/12/2020;17:54:00;47;Acidente sem vítima;169,9;BR-393/RJ;Sul;Saídas de pista;;;;;;;;;;1;2;;;;
26/12/2020;00:00:00;1;Acidente com vítima;235;BR-393/RJ;Norte;Saídas de pista;1;;;;;;;;;;0;1;;;
27/12/2020;08:21:00;22;Acidente com vítima;188;BR-393/RJ;Sul;Capotamento;1;;;;;;;;;;0;1;1;;
27/12/2020;19:08:00;52;Acidente sem vítima;258,5;BR-393/RJ;Sul;Colisão c/ obstáculos;;;1;;;;;;;;1;;;;
28/12/2020;03:44:00;10;Acidente com morte;157;BR-393/RJ;Sul;Colisão com veículos (frontal);1;;1;;;;;;;;1;;;;1
29/12/2020;08:13:00;18;Acidente sem vítima;169,002;BR-393/RJ;Sul;Saídas de pista;1;;;;;;;;;;1;;;;
30/12/2020;17:30:00;66;Acidente sem vítima;281,1;BR-393/RJ;Sul;Acidentes de outra natureza;1;;;1;;;;;;;2;;;;
30/12/2020;21:44:00;80;Acidente com vítima;281;BR-393/RJ;Norte;Acidentes de outra natureza;1;;;1;;;;;;;1;1;;;
31/12/2020;15:16:00;40;Acidente com vítima;184,699;BR-393/RJ;Sul;Colisão c/ obstáculos;1;;;;;;;;;;0;1;;;
01/01/2021;00:44:00;7;Acidente sem vítima;282,8;BR-393/RJ;Norte;Saídas de pista;1;;;;;;;;;;1;;;;
01/01/2021;14:54:00;36;Acidente com vítima;252;BR-393/RJ;Sul;Colisão lateral no sentido contrário;1;;1;;;;;;;;1;1;;1;
02/01/2021;18:51:00;43;Acidente sem vítima;139;BR-393/RJ;Norte;Saídas de pista;1;;;;;;;;;;1;;;;
02/01/2021;19:43:00;47;Acidente sem vítima;246;BR-393/RJ;Sul;Saídas de pista;;;1;;;;;;;;1;;;;
03/01/2021;02:08:00;4;Acidente com vítima;172,3;BR-393/RJ;Sul;Capotamento;1;;;;;;;;;;0;1;;;
04/01/2021;17:16:00;73;Acidente sem vítima;280,8;BR-393/RJ;Sul;Engavetamento;4;;;;;;;;;;5;;;;
05/01/2021;09:21:00;33;Acidente sem vítima;282;BR-393/RJ;Sul;Colisão com veículos (traseira);2;;;;;;;;;;2;;;;
05/01/2021;09:21:00;34;Acidente sem vítima;145;BR-393/RJ;Sul;Engavetamento;3;;;;;;;;;;7;;;;
05/01/2021;10:16:00;40;Acidente sem vítima;258;BR-393/RJ;Sul;Colisão lateral no mesmo sentido;1;;;;1;;;;;;2;;;;
05/01/2021;11:20:00;44;Acidente sem vítima;239;BR-393/RJ;Sul;Colisão com veículos (traseira);1;;1;;;;;;;;3;;;;
06/01/2021;07:46:00;21;Acidente com vítima;122;BR-393/RJ;Norte;Tombamento;;;1;;;;;;;;0;;1;;
06/01/2021;18:31:00;56;Acidente sem vítima;274,3;BR-393/RJ;Sul;Saídas de pista;1;;;;;;;;;;2;;;;
07/01/2021;19:08:00;57;Acidente com vítima;106;BR-393/RJ;Norte;Atropelamento de pedestre;1;;;;;;;;;;1;;1;;
08/01/2021;18:58:00;69;Acidente com vítima;229,199;BR-393/RJ;Norte;Capotamento;1;;;;;;;;;;0;;;1;
09/01/2021;07:42:00;16;Acidente sem vítima;151;BR-393/RJ;Sul;Saídas de pista;1;;;;;;;;;;1;;;;
09/01/2021;19:02:00;50;Acidente com vítima;136,5;BR-393/RJ;Sul;Colisão lateral no sentido contrário;1;;1;;;;;;;;1;3;;;
10/01/2021;14:30:00;38;Acidente sem vítima;274;BR-393/RJ;Sul;Tombamento;;;1;;;;;;;;3;;;;
10/01/2021;18:10:00;53;Acidente sem vítima;286;BR-393/RJ;Sul;Engavetamento;3;;;;;;;;;;3;;;;
10/01/2021;18:57:00;54;Acidente sem vítima;284;BR-393/RJ;Norte;Engavetamento;3;;;;;;;;;;3;;;;
10/01/2021;23:37:00;69;Acidente com vítima;169,7;BR-393/RJ;Sul;Capotamento;1;;;;;;;;;;3;1;;;
11/01/2021;13:50:00;53;Acidente sem vítima;246;BR-393/RJ;Sul;Saídas de pista;;;;;;;;;;1;1;;;;
11/01/2021;15:42:00;61;Acidente sem vítima;266;BR-393/RJ;Norte;Colisão lateral no mesmo sentido;;;1;;1;;;;;;25;;;;
11/01/2021;21:41:00;89;Acidente sem vítima;196,4;BR-393/RJ;Sul;Saídas de pista;;;1;;;;;;;;1;;;;
11/01/2021;23:03:00;92;Acidente sem vítima;168,599;BR-393/RJ;Norte;Colisão c/ obstáculos;;;1;;;;;;;;1;;;;